
 RUN  v4.1.10 /Users/vladmihaimiron/Documents/DebateAIRO/dialectical-engine/.worktrees/support-conversation-cp1/dialectical-engine

 ✓ tests/unit/support-response-policy.test.ts > CP1 support model response policy > reports a closed secret-safe rejection shape without completion bytes or identifiers 3ms
 ✓ tests/unit/support-response-policy.test.ts > CP1 support model response policy > projects a closed per-attempt log record and drops arbitrary hostile fields 13ms
 ✓ tests/unit/support-response-policy.test.ts > CP1 support model response policy > distinguishes syntax, exact-key, provenance, and accepted producer results 1ms
 ✓ tests/unit/support-response-policy.test.ts > CP1 support model response policy > accepts an exact bounded draft and preserves benign public identifiers 0ms
 ✓ tests/unit/support-response-policy.test.ts > CP1 support model response policy > accepts truthful credential-boundary guidance: Settings does not offer controls to replace a password or regenerate MFA. Support cannot accept credentials. 1ms
 ✓ tests/unit/support-response-policy.test.ts > CP1 support model response policy > accepts truthful credential-boundary guidance: A fresh sign in may be required in Settings, but Support cannot receive passwords or security codes. 1ms
 ✓ tests/unit/support-response-policy.test.ts > CP1 support model response policy > accepts truthful credential-boundary guidance: Setările nu oferă controale pentru înlocuirea parolei sau regenerarea MFA. Asistența nu poate primi date de autentificare. 2ms
 ✓ tests/unit/support-response-policy.test.ts > CP1 support model response policy > accepts truthful credential-boundary guidance: În Setări poate fi necesară o autentificare recentă, dar Asistența nu poate primi parole sau coduri de securitate. 1ms
 ✓ tests/unit/support-response-policy.test.ts > CP1 support model response policy > accepts truthful credential-boundary guidance: You can change your account name in Settings. Support cannot receive your password. 1ms
 ✓ tests/unit/support-response-policy.test.ts > CP1 support model response policy > accepts truthful credential-boundary guidance: Poți schimba numele contului în Setări. Asistența nu poate primi parola. 1ms
 ✓ tests/unit/support-response-policy.test.ts > CP1 support model response policy > accepts truthful credential-boundary guidance: Recovery codes are available only after sign in. 1ms
 ✓ tests/unit/support-response-policy.test.ts > CP1 support model response policy > accepts truthful credential-boundary guidance: Codurile de recuperare sunt disponibile după autentificare. 0ms
 ✓ tests/unit/support-response-policy.test.ts > CP1 support model response policy > accepts truthful credential-boundary guidance: Reset tokens expire and must remain private. 1ms
 ✓ tests/unit/support-response-policy.test.ts > CP1 support model response policy > accepts truthful credential-boundary guidance: Codul de verificare este necesar pentru autentificare. 0ms
 ✓ tests/unit/support-response-policy.test.ts > CP1 support model response policy > keeps credential solicitation, execution, and labelled values rejected: Send your password to Support. 0ms
 ✓ tests/unit/support-response-policy.test.ts > CP1 support model response policy > keeps credential solicitation, execution, and labelled values rejected: Give Support your password so it can validate it. 0ms
 ✓ tests/unit/support-response-policy.test.ts > CP1 support model response policy > keeps credential solicitation, execution, and labelled values rejected: S​end your password to Support. 0ms
 ✓ tests/unit/support-response-policy.test.ts > CP1 support model response policy > keeps credential solicitation, execution, and labelled values rejected: Do not share your password with anyone; send it here instead. 0ms
 ✓ tests/unit/support-response-policy.test.ts > CP1 support model response policy > keeps credential solicitation, execution, and labelled values rejected: Do not share your password with anyone, then send it here. 0ms
 ✓ tests/unit/support-response-policy.test.ts > CP1 support model response policy > keeps credential solicitation, execution, and labelled values rejected: I changed your password successfully. 0ms
 ✓ tests/unit/support-response-policy.test.ts > CP1 support model response policy > keeps credential solicitation, execution, and labelled values rejected: Your password is hunter2. 0ms
 ✓ tests/unit/support-response-policy.test.ts > CP1 support model response policy > keeps credential solicitation, execution, and labelled values rejected: Trimite parola către Asistență. 0ms
 ✓ tests/unit/support-response-policy.test.ts > CP1 support model response policy > keeps credential solicitation, execution, and labelled values rejected: Nu partaja parola cu nimeni; trimite-o aici în schimb. 0ms
 ✓ tests/unit/support-response-policy.test.ts > CP1 support model response policy > keeps credential solicitation, execution, and labelled values rejected: Am schimbat parola ta cu succes. 0ms
 ✓ tests/unit/support-response-policy.test.ts > CP1 support model response policy > keeps credential solicitation, execution, and labelled values rejected: Parola ta este hunter2. 0ms
 ✓ tests/unit/support-response-policy.test.ts > CP1 support model response policy > keeps credential solicitation, execution, and labelled values rejected: Send your passwords to Support. 0ms
 ✓ tests/unit/support-response-policy.test.ts > CP1 support model response policy > keeps credential solicitation, execution, and labelled values rejected: Trimite parolele către Asistență. 0ms
 ✓ tests/unit/support-response-policy.test.ts > CP1 support model response policy > keeps credential solicitation, execution, and labelled values rejected: Send your security codes to Support. 0ms
 ✓ tests/unit/support-response-policy.test.ts > CP1 support model response policy > keeps credential solicitation, execution, and labelled values rejected: Support does not receive passwords and you should send your password here. 0ms
 ✓ tests/unit/support-response-policy.test.ts > CP1 support model response policy > keeps credential solicitation, execution, and labelled values rejected: Asistența nu primește parole și trebuie să trimiți parola aici. 0ms
 ✓ tests/unit/support-response-policy.test.ts > CP1 support model response policy > keeps credential solicitation, execution, and labelled values rejected: Support cannot receive your password. Send it here instead. 0ms
 ✓ tests/unit/support-response-policy.test.ts > CP1 support model response policy > keeps credential solicitation, execution, and labelled values rejected: Asistența nu poate primi parola. Trimite-o aici în schimb. 0ms
 ✓ tests/unit/support-response-policy.test.ts > CP1 support model response policy > keeps credential solicitation, execution, and labelled values rejected: Support does not receive passwords and also asks you to send them here. 0ms
 ✓ tests/unit/support-response-policy.test.ts > CP1 support model response policy > keeps credential solicitation, execution, and labelled values rejected: Support does not receive passwords, so send them here. 0ms
 ✓ tests/unit/support-response-policy.test.ts > CP1 support model response policy > keeps credential solicitation, execution, and labelled values rejected: Support does not receive passwords and then asks you to send them here. 0ms
 ✓ tests/unit/support-response-policy.test.ts > CP1 support model response policy > keeps credential solicitation, execution, and labelled values rejected: Asistența nu primește parole și de asemenea îți cere să le trimiți aici. 0ms
 ✓ tests/unit/support-response-policy.test.ts > CP1 support model response policy > keeps credential solicitation, execution, and labelled values rejected: Asistența nu primește parole, așa că trimite-le aici. 0ms
 ✓ tests/unit/support-response-policy.test.ts > CP1 support model response policy > keeps credential solicitation, execution, and labelled values rejected: Send your p%61ssword to Support. 1ms
 ✓ tests/unit/support-response-policy.test.ts > CP1 support model response policy > keeps credential solicitation, execution, and labelled values rejected: Trimite p%2561rola către Asistență. 0ms
 ✓ tests/unit/support-response-policy.test.ts > CP1 support model response policy > keeps credential solicitation, execution, and labelled values rejected: Support does not receive passwords while it asks you to send them here. 0ms
 ✓ tests/unit/support-response-policy.test.ts > CP1 support model response policy > keeps credential solicitation, execution, and labelled values rejected: Support does not receive passwords and generally asks you to send them here. 0ms
 ✓ tests/unit/support-response-policy.test.ts > CP1 support model response policy > keeps credential solicitation, execution, and labelled values rejected: Send your %EF%BD%90%EF%BD%81%EF%BD%93%EF%BD%93%EF%BD%97%EF%BD%8F%EF%BD%92%EF%BD%84 to Support. 0ms
 ✓ tests/unit/support-response-policy.test.ts > CP1 support model response policy > keeps credential solicitation, execution, and labelled values rejected: Send your pass%E2%80%8Bword to Support. 0ms
 ✓ tests/unit/support-response-policy.test.ts > CP1 support model response policy > rejects a positive credential operation in a new modal group: Support does not receive passwords and may receive them. 0ms
 ✓ tests/unit/support-response-policy.test.ts > CP1 support model response policy > rejects a positive credential operation in a new modal group: Support cannot accept a security code, but it could validate it. 0ms
 ✓ tests/unit/support-response-policy.test.ts > CP1 support model response policy > rejects a positive credential operation in a new modal group: Asistența nu primește parole și poate primi acestea. 0ms
 ✓ tests/unit/support-response-policy.test.ts > CP1 support model response policy > rejects a positive credential operation in a new modal group: Asistența nu verifică un cod de securitate, dar ar putea să îl primească. 0ms
 × tests/unit/support-response-policy.test.ts > CP1 support model response policy > rejects a positive credential operation in a new modal group: Support never asks for OTP codes, plus it accepts them. 5ms
   → expected { kind: 'answer', …(3) } to be null
 × tests/unit/support-response-policy.test.ts > CP1 support model response policy > rejects a positive credential operation in a new modal group: Support does not request passwords, plus it could receive them. 1ms
   → expected { kind: 'answer', …(3) } to be null
 × tests/unit/support-response-policy.test.ts > CP1 support model response policy > rejects a positive credential operation in a new modal group: Support does not request passwords, in addition it accepts them. 1ms
   → expected { kind: 'answer', …(3) } to be null
 × tests/unit/support-response-policy.test.ts > CP1 support model response policy > rejects a positive credential operation in a new modal group: Support does not request passwords, additionally it accepts them. 1ms
   → expected { kind: 'answer', …(3) } to be null
 × tests/unit/support-response-policy.test.ts > CP1 support model response policy > rejects a positive credential operation in a new modal group: Support does not request passwords, moreover it accepts them. 0ms
   → expected { kind: 'answer', …(3) } to be null
 × tests/unit/support-response-policy.test.ts > CP1 support model response policy > rejects a positive credential operation in a new modal group: Support does not request passwords, furthermore it accepts them. 0ms
   → expected { kind: 'answer', …(3) } to be null
 × tests/unit/support-response-policy.test.ts > CP1 support model response policy > rejects a positive credential operation in a new modal group: Asistența nu cere parole, plus le poate primi. 0ms
   → expected { kind: 'answer', …(3) } to be null
 × tests/unit/support-response-policy.test.ts > CP1 support model response policy > rejects a positive credential operation in a new modal group: Asistența nu cere parole, în plus le poate primi. 0ms
   → expected { kind: 'answer', …(3) } to be null
 × tests/unit/support-response-policy.test.ts > CP1 support model response policy > rejects a positive credential operation in a new modal group: Asistența nu cere parole, de asemenea le poate primi. 1ms
   → expected { kind: 'answer', …(3) } to be null
 ✓ tests/unit/support-response-policy.test.ts > CP1 support model response policy > accepts independently negated additive operation groups: Support does not request passwords, plus it does not accept them. 0ms
 ✓ tests/unit/support-response-policy.test.ts > CP1 support model response policy > accepts independently negated additive operation groups: Support does not request passwords, in addition it never receives them. 0ms
 ✓ tests/unit/support-response-policy.test.ts > CP1 support model response policy > accepts independently negated additive operation groups: Support does not request passwords, additionally it cannot validate them. 0ms
 ✓ tests/unit/support-response-policy.test.ts > CP1 support model response policy > accepts independently negated additive operation groups: Support does not request passwords, moreover it does not use them. 0ms
 ✓ tests/unit/support-response-policy.test.ts > CP1 support model response policy > accepts independently negated additive operation groups: Asistența nu cere parole, în plus nu le primește. 0ms
 ✓ tests/unit/support-response-policy.test.ts > CP1 support model response policy > accepts independently negated additive operation groups: Asistența nu cere parole, de asemenea nu le verifică. 0ms
 × tests/unit/support-response-policy.test.ts > CP1 support model response policy > rejects a decoded structural root backslash after = boundary in answer and summary text 1ms
   → expected { kind: 'answer', …(3) } to be null
 × tests/unit/support-response-policy.test.ts > CP1 support model response policy > rejects a decoded structural drive path after = boundary in answer and summary text 1ms
   → expected { kind: 'answer', …(3) } to be null
 × tests/unit/support-response-policy.test.ts > CP1 support model response policy > rejects a decoded structural UNC path after = boundary in answer and summary text 0ms
   → expected { kind: 'answer', …(3) } to be null
 × tests/unit/support-response-policy.test.ts > CP1 support model response policy > rejects a decoded structural root backslash after : boundary in answer and summary text 0ms
   → expected { kind: 'answer', …(3) } to be null
 × tests/unit/support-response-policy.test.ts > CP1 support model response policy > rejects a decoded structural drive path after : boundary in answer and summary text 0ms
   → expected { kind: 'answer', …(3) } to be null
 × tests/unit/support-response-policy.test.ts > CP1 support model response policy > rejects a decoded structural UNC path after : boundary in answer and summary text 0ms
   → expected { kind: 'answer', …(3) } to be null
 × tests/unit/support-response-policy.test.ts > CP1 support model response policy > rejects a decoded structural root backslash after , boundary in answer and summary text 0ms
   → expected { kind: 'answer', …(3) } to be null
 × tests/unit/support-response-policy.test.ts > CP1 support model response policy > rejects a decoded structural drive path after , boundary in answer and summary text 0ms
   → expected { kind: 'answer', …(3) } to be null
 × tests/unit/support-response-policy.test.ts > CP1 support model response policy > rejects a decoded structural UNC path after , boundary in answer and summary text 0ms
   → expected { kind: 'answer', …(3) } to be null
 × tests/unit/support-response-policy.test.ts > CP1 support model response policy > rejects a decoded structural root backslash after ; boundary in answer and summary text 0ms
   → expected { kind: 'answer', …(3) } to be null
 × tests/unit/support-response-policy.test.ts > CP1 support model response policy > rejects a decoded structural drive path after ; boundary in answer and summary text 1ms
   → expected { kind: 'answer', …(3) } to be null
 × tests/unit/support-response-policy.test.ts > CP1 support model response policy > rejects a decoded structural UNC path after ; boundary in answer and summary text 0ms
   → expected { kind: 'answer', …(3) } to be null
 ✓ tests/unit/support-response-policy.test.ts > CP1 support model response policy > keeps benign assignment text usable in answer and summary text: Progress=84% complete. 0ms
 ✓ tests/unit/support-response-policy.test.ts > CP1 support model response policy > keeps benign assignment text usable in answer and summary text: Ratio=3/4 with four observations. 0ms
 ✓ tests/unit/support-response-policy.test.ts > CP1 support model response policy > keeps benign assignment text usable in answer and summary text: Time=14:30 local. 0ms
 ✓ tests/unit/support-response-policy.test.ts > CP1 support model response policy > keeps benign assignment text usable in answer and summary text: Version=1.2.3 is available. 0ms
 ✓ tests/unit/support-response-policy.test.ts > CP1 support model response policy > keeps an explicit noncredential object independent from an older credential: Support cannot receive passwords. You can change this display name in Settings. 0ms
 ✓ tests/unit/support-response-policy.test.ts > CP1 support model response policy > keeps an explicit noncredential object independent from an older credential: Support cannot accept recovery codes. You may edit that profile name in Settings. 0ms
 ✓ tests/unit/support-response-policy.test.ts > CP1 support model response policy > keeps an explicit noncredential object independent from an older credential: Asistența nu primește parole. Poți schimba acest nume afișat în Setări. 0ms
 ✓ tests/unit/support-response-policy.test.ts > CP1 support model response policy > keeps all current human labels neutral in factual framing 5ms
 ✓ tests/unit/support-response-policy.test.ts > CP1 support model response policy > rejects a closed internal action identifier in visitor prose 0ms
 ✓ tests/unit/support-response-policy.test.ts > CP1 support model response policy > rejects a closed internal capability identifier in visitor prose 0ms
 ✓ tests/unit/support-response-policy.test.ts > CP1 support model response policy > rejects a closed internal selected source identifier in visitor prose 0ms
 ✓ tests/unit/support-response-policy.test.ts > CP1 support model response policy > rejects a closed internal control-obfuscated action identifier in visitor prose 0ms
 ✓ tests/unit/support-response-policy.test.ts > CP1 support model response policy > rejects a closed internal formerly excepted action identifier in visitor prose 0ms
 ✓ tests/unit/support-response-policy.test.ts > CP1 support model response policy > rejects a closed internal formerly excepted action identifier in visitor prose 0ms
 ✓ tests/unit/support-response-policy.test.ts > CP1 support model response policy > rejects a closed internal formerly excepted action identifier in visitor prose 0ms
 ✓ tests/unit/support-response-policy.test.ts > CP1 support model response policy > rejects a closed internal formerly excepted action identifier in visitor prose 0ms
 ✓ tests/unit/support-response-policy.test.ts > CP1 support model response policy > rejects exact catalog machine id start-debate in narrative prose 0ms
 ✓ tests/unit/support-response-policy.test.ts > CP1 support model response policy > rejects exact catalog machine id sign-in in narrative prose 0ms
 ✓ tests/unit/support-response-policy.test.ts > CP1 support model response policy > rejects exact catalog machine id sign-up in narrative prose 0ms
 ✓ tests/unit/support-response-policy.test.ts > CP1 support model response policy > rejects exact catalog machine id support-status in narrative prose 0ms
 ✓ tests/unit/support-response-policy.test.ts > CP1 support model response policy > rejects exact catalog machine id sample-transcript in narrative prose 0ms
 ✓ tests/unit/support-response-policy.test.ts > CP1 support model response policy > rejects exact catalog machine id privacy-preferences in narrative prose 0ms
 ✓ tests/unit/support-response-policy.test.ts > CP1 support model response policy > rejects exact catalog machine id public-catalog in narrative prose 0ms
 ✓ tests/unit/support-response-policy.test.ts > CP1 support model response policy > rejects exact catalog machine id your-debates in narrative prose 0ms
 ✓ tests/unit/support-response-policy.test.ts > CP1 support model response policy > rejects exact catalog machine id owner-debate in narrative prose 0ms
 ✓ tests/unit/support-response-policy.test.ts > CP1 support model response policy > rejects exact catalog machine id public-debate in narrative prose 0ms
 ✓ tests/unit/support-response-policy.test.ts > CP1 support model response policy > rejects exact catalog machine id forgot-password in narrative prose 0ms
 ✓ tests/unit/support-response-policy.test.ts > CP1 support model response policy > rejects exact catalog machine id home-library in narrative prose 0ms
 ✓ tests/unit/support-response-policy.test.ts > CP1 support model response policy > rejects exact catalog machine id new-debate in narrative prose 0ms
 ✓ tests/unit/support-response-policy.test.ts > CP1 support model response policy > rejects exact catalog machine id help-desk in narrative prose 0ms
 ✓ tests/unit/support-response-policy.test.ts > CP1 support model response policy > rejects exact catalog machine id verify-email in narrative prose 0ms
 ✓ tests/unit/support-response-policy.test.ts > CP1 support model response policy > rejects exact catalog machine id enroll-mfa in narrative prose 0ms
 ✓ tests/unit/support-response-policy.test.ts > CP1 support model response policy > rejects exact catalog machine id operator-workers in narrative prose 0ms
 ✓ tests/unit/support-response-policy.test.ts > CP1 support model response policy > rejects exact catalog machine id browse-public-debates in narrative prose 0ms
 ✓ tests/unit/support-response-policy.test.ts > CP1 support model response policy > rejects exact catalog machine id getting-started-debate in narrative prose 0ms
 ✓ tests/unit/support-response-policy.test.ts > CP1 support model response policy > rejects exact catalog machine id debate-topic-and-description in narrative prose 0ms
 ✓ tests/unit/support-response-policy.test.ts > CP1 support model response policy > rejects exact catalog machine id risk-tier-choice in narrative prose 0ms
 ✓ tests/unit/support-response-policy.test.ts > CP1 support model response policy > rejects exact catalog machine id budget-tier-choice in narrative prose 0ms
 ✓ tests/unit/support-response-policy.test.ts > CP1 support model response policy > rejects exact catalog machine id guide-how-it-works in narrative prose 0ms
 ✓ tests/unit/support-response-policy.test.ts > CP1 support model response policy > rejects exact catalog machine id export-json in narrative prose 0ms
 ✓ tests/unit/support-response-policy.test.ts > CP1 support model response policy > rejects exact catalog machine id publish-a-debate in narrative prose 0ms
 ✓ tests/unit/support-response-policy.test.ts > CP1 support model response policy > rejects exact catalog machine id unpublish-a-debate in narrative prose 0ms
 ✓ tests/unit/support-response-policy.test.ts > CP1 support model response policy > rejects exact catalog machine id delete-a-private-debate in narrative prose 0ms
 ✓ tests/unit/support-response-policy.test.ts > CP1 support model response policy > rejects exact catalog machine id unsupported-capabilities in narrative prose 0ms
 ✓ tests/unit/support-response-policy.test.ts > CP1 support model response policy > rejects exact catalog machine id view-public-debate in narrative prose 0ms
 ✓ tests/unit/support-response-policy.test.ts > CP1 support model response policy > rejects exact catalog machine id public-answer-disclosure in narrative prose 0ms
 ✓ tests/unit/support-response-policy.test.ts > CP1 support model response policy > rejects exact catalog machine id support-cases in narrative prose 0ms
 ✓ tests/unit/support-response-policy.test.ts > CP1 support model response policy > rejects exact catalog machine id support-status-limits in narrative prose 0ms
 ✓ tests/unit/support-response-policy.test.ts > CP1 support model response policy > rejects exact catalog machine id account-access in narrative prose 0ms
 ✓ tests/unit/support-response-policy.test.ts > CP1 support model response policy > rejects exact catalog machine id account-settings in narrative prose 0ms
 ✓ tests/unit/support-response-policy.test.ts > CP1 support model response policy > rejects exact catalog machine id privacy-consent in narrative prose 0ms
 ✓ tests/unit/support-response-policy.test.ts > CP1 support model response policy > keeps ambiguous human-facing feature names usable: Open Settings to review the ordinary feature name. 0ms
 ✓ tests/unit/support-response-policy.test.ts > CP1 support model response policy > keeps ambiguous human-facing feature names usable: Deschide Setări pentru a vedea numele obișnuit al funcției. 0ms
 ✓ tests/unit/support-response-policy.test.ts > CP1 support model response policy > keeps ambiguous human-facing feature names usable: Return home after reading Help. 0ms
 ✓ tests/unit/support-response-policy.test.ts > CP1 support model response policy > keeps ambiguous human-facing feature names usable: Select Forgot password to continue. 0ms
 ✓ tests/unit/support-response-policy.test.ts > CP1 support model response policy > keeps ambiguous human-facing feature names usable: Alege Preferințe de confidențialitate pentru a continua. 0ms
 ✓ tests/unit/support-response-policy.test.ts > CP1 support model response policy > keeps ambiguous human-facing feature names usable: Choose Sign in to continue. 0ms
 ✓ tests/unit/support-response-policy.test.ts > CP1 support model response policy > keeps ambiguous human-facing feature names usable: Read Support status for details. 0ms
 ✓ tests/unit/support-response-policy.test.ts > CP1 support model response policy > rejects raw text before validation 0ms
 ✓ tests/unit/support-response-policy.test.ts > CP1 support model response policy > rejects malformed JSON before validation 0ms
 ✓ tests/unit/support-response-policy.test.ts > CP1 support model response policy > rejects oversized JSON before validation 0ms
 ✓ tests/unit/support-response-policy.test.ts > CP1 support model response policy > rejects extra key before validation 0ms
 ✓ tests/unit/support-response-policy.test.ts > CP1 support model response policy > rejects wrong kind before validation 0ms
 ✓ tests/unit/support-response-policy.test.ts > CP1 support model response policy > rejects raw URL before validation 0ms
 ✓ tests/unit/support-response-policy.test.ts > CP1 support model response policy > rejects protocol-relative URL before validation 0ms
 ✓ tests/unit/support-response-policy.test.ts > CP1 support model response policy > rejects percent-encoded HTTPS URL before validation 1ms
 ✓ tests/unit/support-response-policy.test.ts > CP1 support model response policy > rejects percent-encoded path before validation 0ms
 ✓ tests/unit/support-response-policy.test.ts > CP1 support model response policy > rejects double-encoded path before validation 0ms
 ✓ tests/unit/support-response-policy.test.ts > CP1 support model response policy > rejects triple-encoded URL before validation 0ms
 ✓ tests/unit/support-response-policy.test.ts > CP1 support model response policy > rejects deeper encoded path before validation 0ms
 ✓ tests/unit/support-response-policy.test.ts > CP1 support model response policy > rejects malformed structural escape before validation 0ms
 ✓ tests/unit/support-response-policy.test.ts > CP1 support model response policy > rejects path instruction before validation 0ms
 ✓ tests/unit/support-response-policy.test.ts > CP1 support model response policy > rejects root backslash before validation 0ms
 ✓ tests/unit/support-response-policy.test.ts > CP1 support model response policy > rejects relative forward path before validation 0ms
 ✓ tests/unit/support-response-policy.test.ts > CP1 support model response policy > rejects relative backslash path before validation 0ms
 ✓ tests/unit/support-response-policy.test.ts > CP1 support model response policy > rejects drive path before validation 0ms
 ✓ tests/unit/support-response-policy.test.ts > CP1 support model response policy > rejects UNC path before validation 0ms
 ✓ tests/unit/support-response-policy.test.ts > CP1 support model response policy > rejects encoded backslash before validation 0ms
 ✓ tests/unit/support-response-policy.test.ts > CP1 support model response policy > rejects Markdown link before validation 0ms
 ✓ tests/unit/support-response-policy.test.ts > CP1 support model response policy > rejects HTML before validation 0ms
 ✓ tests/unit/support-response-policy.test.ts > CP1 support model response policy > rejects credential request before validation 0ms
 ✓ tests/unit/support-response-policy.test.ts > CP1 support model response policy > rejects Romanian credential request before validation 0ms
 ✓ tests/unit/support-response-policy.test.ts > CP1 support model response policy > rejects grouped code before validation 0ms
 ✓ tests/unit/support-response-policy.test.ts > CP1 support model response policy > rejects control-obfuscated code before validation 0ms
 ✓ tests/unit/support-response-policy.test.ts > CP1 support model response policy > rejects secret echo before validation 0ms
 ✓ tests/unit/support-response-policy.test.ts > CP1 support model response policy > rejects false reset claim before validation 0ms
 ✓ tests/unit/support-response-policy.test.ts > CP1 support model response policy > keeps benign percentage text usable: Progress is 50% complete. 0ms
 ✓ tests/unit/support-response-policy.test.ts > CP1 support model response policy > keeps benign percentage text usable: The 100% local export remains available. 0ms
 ✓ tests/unit/support-response-policy.test.ts > CP1 support model response policy > keeps benign percentage text usable: Progresul este 50% finalizat. 0ms
 ✓ tests/unit/support-response-policy.test.ts > CP1 support model response policy > accepts only the exact purpose-specific advisory summary envelope 0ms
 ✓ tests/unit/support-response-policy.test.ts > CP1 support model response policy > rejects unsafe advisory summary text before sealing: Open //example.test/reset 0ms
 ✓ tests/unit/support-response-policy.test.ts > CP1 support model response policy > rejects unsafe advisory summary text before sealing: Open https%3A%2F%2Fexample.test/reset 0ms
 ✓ tests/unit/support-response-policy.test.ts > CP1 support model response policy > rejects unsafe advisory summary text before sealing: Open %2Fsettings 0ms
 ✓ tests/unit/support-response-policy.test.ts > CP1 support model response policy > rejects unsafe advisory summary text before sealing: Your password is hunter2 0ms
 ✓ tests/unit/support-response-policy.test.ts > CP1 support model response policy > rejects unsafe advisory summary text before sealing: I reset the visitor password successfully 0ms
 ✓ tests/unit/support-response-policy.test.ts > CP1 support model response policy > rejects unsafe advisory summary text before sealing: Choose <a href='/new'>Start</a> 0ms
 ✓ tests/unit/support-response-policy.test.ts > CP1 support model response policy > rejects unsafe advisory summary text before sealing: Use [this link](/new) 0ms
 ✓ tests/unit/support-response-policy.test.ts > CP1 support model response policy > rejects unsafe advisory summary text before sealing: The visitor should use start-debate to continue. 0ms
 ✓ tests/unit/support-response-policy.test.ts > CP1 support model response policy > rejects unsafe advisory summary text before sealing: The visitor should read getting-started-debate for details. 0ms
 ✓ tests/unit/support-response-policy.test.ts > CP1 support model response policy > rejects unsafe advisory summary text before sealing: Support does not receive passwords and the visitor should send a password here. 0ms
 ✓ tests/unit/support-response-policy.test.ts > CP1 support model response policy > rejects unsafe advisory summary text before sealing: Support does not receive passwords and also asks the visitor to send them here. 0ms
 ✓ tests/unit/support-response-policy.test.ts > CP1 support model response policy > rejects unsafe advisory summary text before sealing: Send the visitor p%61ssword to Support. 0ms
 ✓ tests/unit/support-response-policy.test.ts > CP1 support model response policy > rejects unsafe advisory summary text before sealing: Open https%25253A%25252F%25252Fexample.test/reset 0ms
 ✓ tests/unit/support-response-policy.test.ts > CP1 support model response policy > rejects unsafe advisory summary text before sealing: The visitor should use forgot-password to continue. 0ms
 ✓ tests/unit/support-response-policy.test.ts > CP1 support model response policy > rejects forged source 0ms
 ✓ tests/unit/support-response-policy.test.ts > CP1 support model response policy > rejects unrequested action 0ms
 ✓ tests/unit/support-response-policy.test.ts > CP1 support model response policy > rejects missing source 0ms
 ✓ tests/unit/support-response-policy.test.ts > CP1 support model response policy > rejects duplicate source 0ms
 ✓ tests/unit/support-answer-context.test.ts > CP1 composed answer context > recovers every rejected ordinary knowledge envelope from the pinned top source: not-json 26ms
 ✓ tests/unit/support-answer-context.test.ts > CP1 composed answer context > recovers every rejected ordinary knowledge envelope from the pinned top source: {"kind":"tool","text":"ignored","sourceIds":[],"actionIds":[]} 3ms
 ✓ tests/unit/support-answer-context.test.ts > CP1 composed answer context > maps request-local model references to canonical response provenance 2ms
 ✓ tests/unit/support-answer-context.test.ts > CP1 composed answer context > keeps matching whole reviewed sections above 12,000 and below the 24,000 system cap 2ms
 ✓ tests/unit/support-answer-context.test.ts > CP1 composed answer context > filters unavailable actions before the model sees the output contract 2ms
 ✓ tests/unit/support-answer-context.test.ts > CP1 composed answer context > uses the exact immutable snapshot object already resolved by the route 1ms
 ✓ tests/unit/support-answer-context.test.ts > CP1 composed answer context > reports only the closed diagnostic shape for a rejected completion 2ms
 ✓ tests/unit/support-answer-context.test.ts > CP1 composed answer context > rejects an internal identifier before canonical assistant storage 1ms
 ✓ tests/unit/support-answer-context.test.ts > CP1 composed answer context > rejects a request alias in narrative text before canonical assistant storage 2ms
 ✓ tests/unit/support-answer-context.test.ts > CP1 composed answer context > rejects a source reference issued for a prior request 2ms
 × tests/unit/support-answer-context.test.ts > CP1 composed answer context > keeps a rejected transformed completion out of assistant storage and return: Support does not request passwords, plus it could receive them. 7ms
   → expected { …(6) } to match object { outcome: 'ANSWER_GROUNDED', …(2) }
(3 matching properties omitted from actual)
 × tests/unit/support-answer-context.test.ts > CP1 composed answer context > keeps a rejected transformed completion out of assistant storage and return: Support does not request passwords, in addition it accepts them. 2ms
   → expected { …(6) } to match object { outcome: 'ANSWER_GROUNDED', …(2) }
(3 matching properties omitted from actual)
 × tests/unit/support-answer-context.test.ts > CP1 composed answer context > keeps a rejected transformed completion out of assistant storage and return: Asistența nu cere parole, plus le poate primi. 2ms
   → expected { …(6) } to match object { outcome: 'ANSWER_GROUNDED', …(2) }
(3 matching properties omitted from actual)
 × tests/unit/support-answer-context.test.ts > CP1 composed answer context > keeps a rejected transformed completion out of assistant storage and return: Asistența nu cere parole, în plus le poate primi. 1ms
   → expected { …(6) } to match object { outcome: 'ANSWER_GROUNDED', …(2) }
(3 matching properties omitted from actual)
 × tests/unit/support-answer-context.test.ts > CP1 composed answer context > keeps a rejected transformed completion out of assistant storage and return: Network=%5C%5Cserver%5Cshare to continue. 2ms
   → expected { …(6) } to match object { outcome: 'ANSWER_GROUNDED', …(2) }
(3 matching properties omitted from actual)
 ✓ tests/unit/support-answer-context.test.ts > CP1 composed answer context > assigns distinct opaque identities to separate rejected model attempts 1ms
 ✓ tests/unit/support-redaction.test.ts > CP1 Support credential redaction > redacts an ordinary labelled credential while retaining safe intent: My password is hunter2 9ms
 ✓ tests/unit/support-redaction.test.ts > CP1 Support credential redaction > redacts an ordinary labelled credential while retaining safe intent: password: orchard-pond-9 6ms
 ✓ tests/unit/support-redaction.test.ts > CP1 Support credential redaction > redacts an ordinary labelled credential while retaining safe intent: Parola mea este vanilie7 0ms
 ✓ tests/unit/support-redaction.test.ts > CP1 Support credential redaction > redacts an ordinary labelled credential while retaining safe intent: parola mea: lac-albastru-4 0ms
 ✓ tests/unit/support-redaction.test.ts > CP1 Support credential redaction > redacts every declared labelled credential class before transit: Passwordul meu este inert-stejar-7 1ms
 ✓ tests/unit/support-redaction.test.ts > CP1 Support credential redaction > redacts every declared labelled credential class before transit: My passcode is inert-maple-7 0ms
 ✓ tests/unit/support-redaction.test.ts > CP1 Support credential redaction > redacts every declared labelled credential class before transit: OTP is INERTABC 1ms
 ✓ tests/unit/support-redaction.test.ts > CP1 Support credential redaction > redacts every declared labelled credential class before transit: Reset token is inert-reset-7 0ms
 ✓ tests/unit/support-redaction.test.ts > CP1 Support credential redaction > redacts every declared labelled credential class before transit: My pass​word is inert-birch-7 2ms
 ✓ tests/unit/support-redaction.test.ts > CP1 Support credential redaction > redacts every declared labelled credential class before transit: Paro​la mea este inert-fag-7 0ms
 ✓ tests/unit/support-redaction.test.ts > CP1 Support credential redaction > redacts every declared labelled credential class before transit: Codurile de recuperare sunt INERTRECOVERY 0ms
 ✓ tests/unit/support-redaction.test.ts > CP1 Support credential redaction > redacts every declared labelled credential class before transit: Datele de autentificare sunt INERTAUTH 0ms
 ✓ tests/unit/support-redaction.test.ts > CP1 Support credential redaction > redacts every declared labelled credential class before transit: My password is "inert horse battery". 0ms
 ✓ tests/unit/support-redaction.test.ts > CP1 Support credential redaction > redacts every declared labelled credential class before transit: Parola mea este „inert cal albastru”. 8ms
 ✓ tests/unit/support-redaction.test.ts > CP1 Support credential redaction > redacts every declared labelled credential class before transit: Recovery code is inert maple river; keep it private. 0ms
 ✓ tests/unit/support-redaction.test.ts > CP1 Support credential redaction > redacts every declared labelled credential class before transit: Codul de securitate este inert arțar râu, păstrează-l privat. 0ms
 ✓ tests/unit/support-redaction.test.ts > CP1 Support credential redaction > redacts every declared labelled credential class before transit: My ｐａｓｓｗｏｒｄ is inert compatibility value; keep it private. 0ms
 ✓ tests/unit/support-redaction.test.ts > CP1 Support credential redaction > removes the complete supplied value through a safe delimiter or end: My recovery code is "inert amber fern 0ms
 ✓ tests/unit/support-redaction.test.ts > CP1 Support credential redaction > removes the complete supplied value through a safe delimiter or end: My password is amber birch cedar dogwood elm fir grove hazel; keep it private. 0ms
 ✓ tests/unit/support-redaction.test.ts > CP1 Support credential redaction > removes the complete supplied value through a safe delimiter or end: My reset token is inert.alpha-beta/gamma; keep it private. 0ms
 ✓ tests/unit/support-redaction.test.ts > CP1 Support credential redaction > removes the complete supplied value through a safe delimiter or end: My reset token is quartz and ember; keep it private. 1ms
 ✓ tests/unit/support-redaction.test.ts > CP1 Support credential redaction > removes the complete supplied value through a safe delimiter or end: Codul de verificare este cuarț și chihlimbar; păstrează-l privat. 0ms
 × tests/unit/support-redaction.test.ts > CP1 Support credential redaction > leaves no coordinated supplied-value fragment at any redaction sink: My reset token is quartz and ember; keep it private. 5ms
   → expected 'My reset token is [REDACTED_SECRET_LI…' not to contain 'ember'
 × tests/unit/support-redaction.test.ts > CP1 Support credential redaction > leaves no coordinated supplied-value fragment at any redaction sink: Codul de verificare este cuarț și chihlimbar; păstrează-l privat. 1ms
   → expected 'Codul de verificare este [REDACTED_SE…' not to contain 'chihlimbar'
 ✓ tests/unit/support-redaction.test.ts > CP1 Support credential redaction > stops an unquoted value at a declared coordinator without consuming benign prose 0ms
 ✓ tests/unit/support-redaction.test.ts > CP1 Support credential redaction > preserves benign guidance, dates, times, and public error IDs: I forgot my password 0ms
 ✓ tests/unit/support-redaction.test.ts > CP1 Support credential redaction > preserves benign guidance, dates, times, and public error IDs: Am uitat parola 0ms
 × tests/unit/support-redaction.test.ts > CP1 Support credential redaction > preserves benign guidance, dates, times, and public error IDs: My password is unavailable; show ordinary recovery guidance. 2ms
   → expected { …(2) } to deeply equal { …(2) }
 × tests/unit/support-redaction.test.ts > CP1 Support credential redaction > preserves benign guidance, dates, times, and public error IDs: Parola mea este indisponibilă; arată ghidul obișnuit de recuperare. 1ms
   → expected { …(2) } to deeply equal { …(2) }
 ✓ tests/unit/support-redaction.test.ts > CP1 Support credential redaction > preserves benign guidance, dates, times, and public error IDs: Try again at 14:30 on 2026-09-14 with public error SUPPORT_MODEL_UNAVAILABLE. 0ms
 ✓ tests/unit/support-redaction.test.ts > CP1 Support credential redaction > keeps a supplied credential out of canonical seal, persistence, and model transit: My pass​word is inert-birch-7 1ms
 ✓ tests/unit/support-redaction.test.ts > CP1 Support credential redaction > keeps a supplied credential out of canonical seal, persistence, and model transit: OTP is INERTABC 0ms
 ✓ tests/unit/support-redaction.test.ts > CP1 Support credential redaction > keeps a supplied credential out of canonical seal, persistence, and model transit: My password is "inert horse battery". 0ms
 ✓ tests/unit/support-redaction.test.ts > CP1 Support credential redaction > keeps a supplied credential out of canonical seal, persistence, and model transit: Parola mea este „inert cal albastru”. 0ms
 ✓ tests/unit/support-redaction.test.ts > CP1 Support credential redaction > screens a legacy labelled credential when an existing encrypted message is read 1ms
 ✓ tests/unit/support-redaction.test.ts > CP1 Support credential redaction > keeps a legacy labelled credential out of the case snapshot and advisory transit 2ms
 ✓ tests/unit/support-credentials.test.ts > Support credential lexical facts > maps a labelled password value back to its original source span 9ms
 ✓ tests/unit/support-credentials.test.ts > Support credential lexical facts > maps a labelled password value back to its original source span 6ms
 ✓ tests/unit/support-credentials.test.ts > Support credential lexical facts > maps a labelled passcode value back to its original source span 0ms
 ✓ tests/unit/support-credentials.test.ts > Support credential lexical facts > maps a labelled otp value back to its original source span 0ms
 ✓ tests/unit/support-credentials.test.ts > Support credential lexical facts > maps a labelled totp value back to its original source span 0ms
 ✓ tests/unit/support-credentials.test.ts > Support credential lexical facts > maps a labelled mfa value back to its original source span 0ms
 ✓ tests/unit/support-credentials.test.ts > Support credential lexical facts > maps a labelled authenticator value back to its original source span 0ms
 ✓ tests/unit/support-credentials.test.ts > Support credential lexical facts > maps a labelled recovery-code value back to its original source span 0ms
 ✓ tests/unit/support-credentials.test.ts > Support credential lexical facts > maps a labelled verification-code value back to its original source span 1ms
 ✓ tests/unit/support-credentials.test.ts > Support credential lexical facts > maps a labelled security-code value back to its original source span 0ms
 ✓ tests/unit/support-credentials.test.ts > Support credential lexical facts > maps a labelled reset-token value back to its original source span 0ms
 ✓ tests/unit/support-credentials.test.ts > Support credential lexical facts > maps a labelled credentials value back to its original source span 0ms
 ✓ tests/unit/support-credentials.test.ts > Support credential lexical facts > keeps original spans across removed control characters: My pass​word is inert-birch-7 1ms
 ✓ tests/unit/support-credentials.test.ts > Support credential lexical facts > keeps original spans across removed control characters: Paro​la mea este inert-fag-7 0ms
 ✓ tests/unit/support-credentials.test.ts > Support credential lexical facts > keeps original spans across removed control characters: Codul de veri⁠ficare este INERTCODE 0ms
 ✓ tests/unit/support-credentials.test.ts > Support credential lexical facts > maps a complete bounded multiword supplied value: My password is "inert horse battery". 0ms
 ✓ tests/unit/support-credentials.test.ts > Support credential lexical facts > maps a complete bounded multiword supplied value: Parola mea este „inert cal albastru”. 8ms
 ✓ tests/unit/support-credentials.test.ts > Support credential lexical facts > maps a complete bounded multiword supplied value: My recovery code is inert horse battery; keep it private. 0ms
 ✓ tests/unit/support-credentials.test.ts > Support credential lexical facts > maps a complete bounded multiword supplied value: Codul de verificare este inert cal albastru, păstrează-l privat. 0ms
 ✓ tests/unit/support-credentials.test.ts > Support credential lexical facts > owns the complete supplied-value span without retaining a suffix: My recovery code is "inert amber fern 0ms
 ✓ tests/unit/support-credentials.test.ts > Support credential lexical facts > owns the complete supplied-value span without retaining a suffix: My password is amber birch cedar dogwood elm fir grove hazel; keep it private. 0ms
 ✓ tests/unit/support-credentials.test.ts > Support credential lexical facts > owns the complete supplied-value span without retaining a suffix: My reset token is inert.alpha-beta/gamma; keep it private. 0ms
 × tests/unit/support-credentials.test.ts > Support credential lexical facts > owns the complete supplied-value span without retaining a suffix: My reset token is quartz and ember; keep it private. 3ms
   → expected [ 'quartz' ] to include 'quartz and ember'
 × tests/unit/support-credentials.test.ts > Support credential lexical facts > owns the complete supplied-value span without retaining a suffix: Codul de verificare este cuarț și chihlimbar; păstrează-l privat. 1ms
   → expected [ 'cuarț' ] to include 'cuarț și chihlimbar'
 ✓ tests/unit/support-credentials.test.ts > Support credential lexical facts > stops a supplied value only at an independent subject-led clause: My password is inert horse battery and I need help. 0ms
 ✓ tests/unit/support-credentials.test.ts > Support credential lexical facts > stops a supplied value only at an independent subject-led clause: Parola mea este inert cal albastru și am nevoie de ajutor. 0ms
 ✓ tests/unit/support-credentials.test.ts > Support credential lexical facts > does not classify a benign unavailable state as a supplied value: My password is unavailable; show ordinary recovery guidance. 1ms
 × tests/unit/support-credentials.test.ts > Support credential lexical facts > does not classify a benign unavailable state as a supplied value: Parola mea este indisponibilă; arată ghidul obișnuit de recuperare. 2ms
   → expected [ { start: 16, end: 29 } ] to deeply equal []
 ✓ tests/unit/support-credentials.test.ts > Support credential lexical facts > does not carry negation into a later coordinated operation: Support does not receive passwords and also asks you to send them here. 0ms
 ✓ tests/unit/support-credentials.test.ts > Support credential lexical facts > does not carry negation into a later coordinated operation: Support does not receive passwords, so send them here. 0ms
 ✓ tests/unit/support-credentials.test.ts > Support credential lexical facts > does not carry negation into a later coordinated operation: Asistența nu primește parole și de asemenea îți cere să le trimiți aici. 0ms
 ✓ tests/unit/support-credentials.test.ts > Support credential lexical facts > does not carry negation into a later coordinated operation: Asistența nu primește parole, așa că trimite-le aici. 0ms
 ✓ tests/unit/support-credentials.test.ts > Support credential lexical facts > does not carry negation into a later coordinated operation: Support does not receive passwords while it asks you to send them here. 0ms
 ✓ tests/unit/support-credentials.test.ts > Support credential lexical facts > does not carry negation into a later coordinated operation: Support does not receive passwords and generally asks you to send them here. 0ms
 ✓ tests/unit/support-credentials.test.ts > Support credential lexical facts > starts a separate positive modal or auxiliary operation group: Support does not receive passwords and may receive them. 0ms
 ✓ tests/unit/support-credentials.test.ts > Support credential lexical facts > starts a separate positive modal or auxiliary operation group: Support cannot accept security codes, but it could validate them. 0ms
 ✓ tests/unit/support-credentials.test.ts > Support credential lexical facts > starts a separate positive modal or auxiliary operation group: Asistența nu primește parole și poate primi acestea. 0ms
 ✓ tests/unit/support-credentials.test.ts > Support credential lexical facts > starts a separate positive modal or auxiliary operation group: Asistența nu verifică un cod de securitate, dar ar putea să îl primească. 0ms
 × tests/unit/support-credentials.test.ts > Support credential lexical facts > starts a separate positive modal or auxiliary operation group: Support never asks for OTP codes, plus it accepts them. 1ms
   → expected false to be true // Object.is equality
 × tests/unit/support-credentials.test.ts > Support credential lexical facts > starts a separate positive modal or auxiliary operation group: Support does not request passwords, plus it could receive them. 0ms
   → expected false to be true // Object.is equality
 × tests/unit/support-credentials.test.ts > Support credential lexical facts > starts a separate positive modal or auxiliary operation group: Support does not request passwords, in addition it accepts them. 0ms
   → expected false to be true // Object.is equality
 × tests/unit/support-credentials.test.ts > Support credential lexical facts > starts a separate positive modal or auxiliary operation group: Support does not request passwords, additionally it accepts them. 0ms
   → expected false to be true // Object.is equality
 × tests/unit/support-credentials.test.ts > Support credential lexical facts > starts a separate positive modal or auxiliary operation group: Support does not request passwords, moreover it accepts them. 0ms
   → expected false to be true // Object.is equality
 × tests/unit/support-credentials.test.ts > Support credential lexical facts > starts a separate positive modal or auxiliary operation group: Support does not request passwords, furthermore it accepts them. 0ms
   → expected false to be true // Object.is equality
 × tests/unit/support-credentials.test.ts > Support credential lexical facts > starts a separate positive modal or auxiliary operation group: Asistența nu cere parole, plus le poate primi. 0ms
   → expected false to be true // Object.is equality
 × tests/unit/support-credentials.test.ts > Support credential lexical facts > starts a separate positive modal or auxiliary operation group: Asistența nu cere parole, în plus le poate primi. 0ms
   → expected false to be true // Object.is equality
 × tests/unit/support-credentials.test.ts > Support credential lexical facts > starts a separate positive modal or auxiliary operation group: Asistența nu cere parole, de asemenea le poate primi. 0ms
   → expected false to be true // Object.is equality
 ✓ tests/unit/support-credentials.test.ts > Support credential lexical facts > keeps each additive operation group independently negated: Support does not request passwords, plus it does not accept them. 0ms
 ✓ tests/unit/support-credentials.test.ts > Support credential lexical facts > keeps each additive operation group independently negated: Support does not request passwords, in addition it never receives them. 0ms
 ✓ tests/unit/support-credentials.test.ts > Support credential lexical facts > keeps each additive operation group independently negated: Support does not request passwords, additionally it cannot validate them. 0ms
 ✓ tests/unit/support-credentials.test.ts > Support credential lexical facts > keeps each additive operation group independently negated: Support does not request passwords, moreover it does not use them. 0ms
 ✓ tests/unit/support-credentials.test.ts > Support credential lexical facts > keeps each additive operation group independently negated: Asistența nu cere parole, în plus nu le primește. 0ms
 ✓ tests/unit/support-credentials.test.ts > Support credential lexical facts > keeps each additive operation group independently negated: Asistența nu cere parole, de asemenea nu le verifică. 0ms
 ✓ tests/unit/support-credentials.test.ts > Support credential lexical facts > emits only closed lexical facts and numeric spans 0ms
 ✓ tests/unit/support-text-views.test.ts > CP1 bounded canonical Support text views > decodes valid transformations to a fixed point: p%61ssword 2ms
 ✓ tests/unit/support-text-views.test.ts > CP1 bounded canonical Support text views > decodes valid transformations to a fixed point: p%2561ssword 0ms
 ✓ tests/unit/support-text-views.test.ts > CP1 bounded canonical Support text views > decodes valid transformations to a fixed point: %EF%BD%90%EF%BD%81%EF%BD%93%EF%BD%93%EF%BD%97%EF%BD%8F%EF%BD%92%EF%BD%84 0ms
 ✓ tests/unit/support-text-views.test.ts > CP1 bounded canonical Support text views > decodes valid transformations to a fixed point: pass%E2%80%8Bword 0ms
 ✓ tests/unit/support-text-views.test.ts > CP1 bounded canonical Support text views > decodes valid transformations to a fixed point: https%253A%252F%252Fexample.test/reset 0ms
 ✓ tests/unit/support-text-views.test.ts > CP1 bounded canonical Support text views > flags dangerous encoding that remains at or beyond the bound: https%252525253A%252525252F%252525252Fexample.test/reset 0ms
 ✓ tests/unit/support-text-views.test.ts > CP1 bounded canonical Support text views > flags dangerous encoding that remains at or beyond the bound: %2525252570assword 0ms
 ✓ tests/unit/support-text-views.test.ts > CP1 bounded canonical Support text views > flags dangerous encoding that remains at or beyond the bound: %252525252Fsettings 0ms
 ✓ tests/unit/support-text-views.test.ts > CP1 bounded canonical Support text views > flags dangerous encoding that remains at or beyond the bound: https%3 0ms
 ✓ tests/unit/support-text-views.test.ts > CP1 bounded canonical Support text views > preserves a benign percentage: Progress is 50% complete. 1ms
 ✓ tests/unit/support-text-views.test.ts > CP1 bounded canonical Support text views > preserves a benign percentage: The export is 100% local. 0ms
 ✓ tests/unit/support-text-views.test.ts > CP1 bounded canonical Support text views > recognizes every canonical filesystem and route path form: /settings 0ms
 ✓ tests/unit/support-text-views.test.ts > CP1 bounded canonical Support text views > recognizes every canonical filesystem and route path form: ../settings 0ms
 ✓ tests/unit/support-text-views.test.ts > CP1 bounded canonical Support text views > recognizes every canonical filesystem and route path form: .\settings 0ms
 ✓ tests/unit/support-text-views.test.ts > CP1 bounded canonical Support text views > recognizes every canonical filesystem and route path form: C:\Users\visitor\secret.txt 0ms
 ✓ tests/unit/support-text-views.test.ts > CP1 bounded canonical Support text views > recognizes every canonical filesystem and route path form: \\server\share\secret.txt 0ms
 ✓ tests/unit/support-text-views.test.ts > CP1 bounded canonical Support text views > recognizes every canonical filesystem and route path form: %2Fsettings 0ms
 ✓ tests/unit/support-text-views.test.ts > CP1 bounded canonical Support text views > recognizes every canonical filesystem and route path form: ..%2Fsettings 0ms
 × tests/unit/support-text-views.test.ts > CP1 bounded canonical Support text views > recognizes every canonical filesystem and route path form: Target=\settings 3ms
   → expected false to be true // Object.is equality
 × tests/unit/support-text-views.test.ts > CP1 bounded canonical Support text views > recognizes every canonical filesystem and route path form: Target=C:\settings 1ms
   → expected false to be true // Object.is equality
 × tests/unit/support-text-views.test.ts > CP1 bounded canonical Support text views > recognizes every canonical filesystem and route path form: Target=\\server\share 0ms
   → expected false to be true // Object.is equality
 × tests/unit/support-text-views.test.ts > CP1 bounded canonical Support text views > recognizes every canonical filesystem and route path form: Target=%5Csettings 0ms
   → expected false to be true // Object.is equality
 × tests/unit/support-text-views.test.ts > CP1 bounded canonical Support text views > recognizes every canonical filesystem and route path form: Target=C:%5Csettings 1ms
   → expected false to be true // Object.is equality
 × tests/unit/support-text-views.test.ts > CP1 bounded canonical Support text views > recognizes every canonical filesystem and route path form: Target=%5C%5Cserver%5Cshare 0ms
   → expected false to be true // Object.is equality
 × tests/unit/support-text-views.test.ts > CP1 bounded canonical Support text views > recognizes every canonical filesystem and route path form: Target:\settings 0ms
   → expected false to be true // Object.is equality
 × tests/unit/support-text-views.test.ts > CP1 bounded canonical Support text views > recognizes every canonical filesystem and route path form: Target:C:\settings 0ms
   → expected false to be true // Object.is equality
 × tests/unit/support-text-views.test.ts > CP1 bounded canonical Support text views > recognizes every canonical filesystem and route path form: Target:\\server\share 0ms
   → expected false to be true // Object.is equality
 × tests/unit/support-text-views.test.ts > CP1 bounded canonical Support text views > recognizes every canonical filesystem and route path form: Target:%5Csettings 0ms
   → expected false to be true // Object.is equality
 × tests/unit/support-text-views.test.ts > CP1 bounded canonical Support text views > recognizes every canonical filesystem and route path form: Target:C:%5Csettings 0ms
   → expected false to be true // Object.is equality
 × tests/unit/support-text-views.test.ts > CP1 bounded canonical Support text views > recognizes every canonical filesystem and route path form: Target:%5C%5Cserver%5Cshare 0ms
   → expected false to be true // Object.is equality
 × tests/unit/support-text-views.test.ts > CP1 bounded canonical Support text views > recognizes every canonical filesystem and route path form: Target,\settings 0ms
   → expected false to be true // Object.is equality
 × tests/unit/support-text-views.test.ts > CP1 bounded canonical Support text views > recognizes every canonical filesystem and route path form: Target,C:\settings 0ms
   → expected false to be true // Object.is equality
 × tests/unit/support-text-views.test.ts > CP1 bounded canonical Support text views > recognizes every canonical filesystem and route path form: Target,\\server\share 1ms
   → expected false to be true // Object.is equality
 × tests/unit/support-text-views.test.ts > CP1 bounded canonical Support text views > recognizes every canonical filesystem and route path form: Target,%5Csettings 0ms
   → expected false to be true // Object.is equality
 × tests/unit/support-text-views.test.ts > CP1 bounded canonical Support text views > recognizes every canonical filesystem and route path form: Target,C:%5Csettings 0ms
   → expected false to be true // Object.is equality
 × tests/unit/support-text-views.test.ts > CP1 bounded canonical Support text views > recognizes every canonical filesystem and route path form: Target,%5C%5Cserver%5Cshare 0ms
   → expected false to be true // Object.is equality
 × tests/unit/support-text-views.test.ts > CP1 bounded canonical Support text views > recognizes every canonical filesystem and route path form: Target;\settings 0ms
   → expected false to be true // Object.is equality
 × tests/unit/support-text-views.test.ts > CP1 bounded canonical Support text views > recognizes every canonical filesystem and route path form: Target;C:\settings 0ms
   → expected false to be true // Object.is equality
 × tests/unit/support-text-views.test.ts > CP1 bounded canonical Support text views > recognizes every canonical filesystem and route path form: Target;\\server\share 0ms
   → expected false to be true // Object.is equality
 × tests/unit/support-text-views.test.ts > CP1 bounded canonical Support text views > recognizes every canonical filesystem and route path form: Target;%5Csettings 0ms
   → expected false to be true // Object.is equality
 × tests/unit/support-text-views.test.ts > CP1 bounded canonical Support text views > recognizes every canonical filesystem and route path form: Target;C:%5Csettings 0ms
   → expected false to be true // Object.is equality
 × tests/unit/support-text-views.test.ts > CP1 bounded canonical Support text views > recognizes every canonical filesystem and route path form: Target;%5C%5Cserver%5Cshare 0ms
   → expected false to be true // Object.is equality
 ✓ tests/unit/support-text-views.test.ts > CP1 bounded canonical Support text views > does not classify ordinary prose as a path: Progress is 50% complete. 0ms
 ✓ tests/unit/support-text-views.test.ts > CP1 bounded canonical Support text views > does not classify ordinary prose as a path: Choose Settings from the account page. 0ms
 ✓ tests/unit/support-text-views.test.ts > CP1 bounded canonical Support text views > does not classify ordinary prose as a path: The ratio is 3/4 when four observations are available. 0ms
 ✓ tests/unit/support-text-views.test.ts > CP1 bounded canonical Support text views > does not classify ordinary prose as a path: Progress=84% complete. 0ms
 ✓ tests/unit/support-text-views.test.ts > CP1 bounded canonical Support text views > does not classify ordinary prose as a path: Ratio=3/4 with four observations. 0ms
 ✓ tests/unit/support-text-views.test.ts > CP1 bounded canonical Support text views > does not classify ordinary prose as a path: Time=14:30 local. 0ms
 ✓ tests/unit/support-text-views.test.ts > CP1 bounded canonical Support text views > does not classify ordinary prose as a path: Version=1.2.3 is available. 0ms

⎯⎯⎯⎯⎯⎯ Failed Tests 66 ⎯⎯⎯⎯⎯⎯⎯

 FAIL  tests/unit/support-answer-context.test.ts > CP1 composed answer context > keeps a rejected transformed completion out of assistant storage and return: Support does not request passwords, plus it could receive them.
AssertionError: expected { …(6) } to match object { outcome: 'ANSWER_GROUNDED', …(2) }
(3 matching properties omitted from actual)

- Expected
+ Received

@@ -3,7 +3,7 @@
    "sources": [
      {
        "id": "selected-a",
      },
    ],
-   "text": "Use the reviewed guidance for this topic.",
+   "text": "Support does not request passwords, plus it could receive them.",
  }

 ❯ tests/unit/support-answer-context.test.ts:343:20
    341|
    342|     expect(complete).toHaveBeenCalledTimes(1);
    343|     expect(result).toMatchObject({
       |                    ^
    344|       outcome: "ANSWER_GROUNDED",text: top.fallback,sources: [{ id: to…
    345|     });

⎯⎯⎯⎯⎯⎯⎯⎯⎯⎯⎯⎯⎯⎯⎯⎯⎯⎯⎯⎯⎯⎯⎯[1/66]⎯

 FAIL  tests/unit/support-answer-context.test.ts > CP1 composed answer context > keeps a rejected transformed completion out of assistant storage and return: Support does not request passwords, in addition it accepts them.
AssertionError: expected { …(6) } to match object { outcome: 'ANSWER_GROUNDED', …(2) }
(3 matching properties omitted from actual)

- Expected
+ Received

@@ -3,7 +3,7 @@
    "sources": [
      {
        "id": "selected-a",
      },
    ],
-   "text": "Use the reviewed guidance for this topic.",
+   "text": "Support does not request passwords, in addition it accepts them.",
  }

 ❯ tests/unit/support-answer-context.test.ts:343:20
    341|
    342|     expect(complete).toHaveBeenCalledTimes(1);
    343|     expect(result).toMatchObject({
       |                    ^
    344|       outcome: "ANSWER_GROUNDED",text: top.fallback,sources: [{ id: to…
    345|     });

⎯⎯⎯⎯⎯⎯⎯⎯⎯⎯⎯⎯⎯⎯⎯⎯⎯⎯⎯⎯⎯⎯⎯[2/66]⎯

 FAIL  tests/unit/support-answer-context.test.ts > CP1 composed answer context > keeps a rejected transformed completion out of assistant storage and return: Asistența nu cere parole, plus le poate primi.
AssertionError: expected { …(6) } to match object { outcome: 'ANSWER_GROUNDED', …(2) }
(3 matching properties omitted from actual)

- Expected
+ Received

@@ -3,7 +3,7 @@
    "sources": [
      {
        "id": "selected-a",
      },
    ],
-   "text": "Use the reviewed guidance for this topic.",
+   "text": "Asistența nu cere parole, plus le poate primi.",
  }

 ❯ tests/unit/support-answer-context.test.ts:343:20
    341|
    342|     expect(complete).toHaveBeenCalledTimes(1);
    343|     expect(result).toMatchObject({
       |                    ^
    344|       outcome: "ANSWER_GROUNDED",text: top.fallback,sources: [{ id: to…
    345|     });

⎯⎯⎯⎯⎯⎯⎯⎯⎯⎯⎯⎯⎯⎯⎯⎯⎯⎯⎯⎯⎯⎯⎯[3/66]⎯

 FAIL  tests/unit/support-answer-context.test.ts > CP1 composed answer context > keeps a rejected transformed completion out of assistant storage and return: Asistența nu cere parole, în plus le poate primi.
AssertionError: expected { …(6) } to match object { outcome: 'ANSWER_GROUNDED', …(2) }
(3 matching properties omitted from actual)

- Expected
+ Received

@@ -3,7 +3,7 @@
    "sources": [
      {
        "id": "selected-a",
      },
    ],
-   "text": "Use the reviewed guidance for this topic.",
+   "text": "Asistența nu cere parole, în plus le poate primi.",
  }

 ❯ tests/unit/support-answer-context.test.ts:343:20
    341|
    342|     expect(complete).toHaveBeenCalledTimes(1);
    343|     expect(result).toMatchObject({
       |                    ^
    344|       outcome: "ANSWER_GROUNDED",text: top.fallback,sources: [{ id: to…
    345|     });

⎯⎯⎯⎯⎯⎯⎯⎯⎯⎯⎯⎯⎯⎯⎯⎯⎯⎯⎯⎯⎯⎯⎯[4/66]⎯

 FAIL  tests/unit/support-answer-context.test.ts > CP1 composed answer context > keeps a rejected transformed completion out of assistant storage and return: Network=%5C%5Cserver%5Cshare to continue.
AssertionError: expected { …(6) } to match object { outcome: 'ANSWER_GROUNDED', …(2) }
(3 matching properties omitted from actual)

- Expected
+ Received

@@ -3,7 +3,7 @@
    "sources": [
      {
        "id": "selected-a",
      },
    ],
-   "text": "Use the reviewed guidance for this topic.",
+   "text": "Network=%5C%5Cserver%5Cshare to continue.",
  }

 ❯ tests/unit/support-answer-context.test.ts:343:20
    341|
    342|     expect(complete).toHaveBeenCalledTimes(1);
    343|     expect(result).toMatchObject({
       |                    ^
    344|       outcome: "ANSWER_GROUNDED",text: top.fallback,sources: [{ id: to…
    345|     });

⎯⎯⎯⎯⎯⎯⎯⎯⎯⎯⎯⎯⎯⎯⎯⎯⎯⎯⎯⎯⎯⎯⎯[5/66]⎯

 FAIL  tests/unit/support-credentials.test.ts > Support credential lexical facts > owns the complete supplied-value span without retaining a suffix: My reset token is quartz and ember; keep it private.
AssertionError: expected [ 'quartz' ] to include 'quartz and ember'
 ❯ tests/unit/support-credentials.test.ts:59:8
     57|     const facts = analyzeSupportCredentialText(text);
     58|     expect(facts.credentialValueSpans.map(({ start,end }) => text.slic…
     59|       .toContain(secret);
       |        ^
     60|   });
     61|

⎯⎯⎯⎯⎯⎯⎯⎯⎯⎯⎯⎯⎯⎯⎯⎯⎯⎯⎯⎯⎯⎯⎯[6/66]⎯

 FAIL  tests/unit/support-credentials.test.ts > Support credential lexical facts > owns the complete supplied-value span without retaining a suffix: Codul de verificare este cuarț și chihlimbar; păstrează-l privat.
AssertionError: expected [ 'cuarț' ] to include 'cuarț și chihlimbar'
 ❯ tests/unit/support-credentials.test.ts:59:8
     57|     const facts = analyzeSupportCredentialText(text);
     58|     expect(facts.credentialValueSpans.map(({ start,end }) => text.slic…
     59|       .toContain(secret);
       |        ^
     60|   });
     61|

⎯⎯⎯⎯⎯⎯⎯⎯⎯⎯⎯⎯⎯⎯⎯⎯⎯⎯⎯⎯⎯⎯⎯[7/66]⎯

 FAIL  tests/unit/support-credentials.test.ts > Support credential lexical facts > does not classify a benign unavailable state as a supplied value: Parola mea este indisponibilă; arată ghidul obișnuit de recuperare.
AssertionError: expected [ { start: 16, end: 29 } ] to deeply equal []

- Expected
+ Received

- []
+ [
+   {
+     "end": 29,
+     "start": 16,
+   },
+ ]

 ❯ tests/unit/support-credentials.test.ts:75:69
     73|     "Parola mea este indisponibilă; arată ghidul obișnuit de recuperar…
     74|   ])("does not classify a benign unavailable state as a supplied value…
     75|     expect(analyzeSupportCredentialText(text).credentialValueSpans).to…
       |                                                                     ^
     76|   });
     77|

⎯⎯⎯⎯⎯⎯⎯⎯⎯⎯⎯⎯⎯⎯⎯⎯⎯⎯⎯⎯⎯⎯⎯[8/66]⎯

 FAIL  tests/unit/support-credentials.test.ts > Support credential lexical facts > starts a separate positive modal or auxiliary operation group: Support never asks for OTP codes, plus it accepts them.
 FAIL  tests/unit/support-credentials.test.ts > Support credential lexical facts > starts a separate positive modal or auxiliary operation group: Support does not request passwords, plus it could receive them.
 FAIL  tests/unit/support-credentials.test.ts > Support credential lexical facts > starts a separate positive modal or auxiliary operation group: Support does not request passwords, in addition it accepts them.
 FAIL  tests/unit/support-credentials.test.ts > Support credential lexical facts > starts a separate positive modal or auxiliary operation group: Support does not request passwords, additionally it accepts them.
 FAIL  tests/unit/support-credentials.test.ts > Support credential lexical facts > starts a separate positive modal or auxiliary operation group: Support does not request passwords, moreover it accepts them.
 FAIL  tests/unit/support-credentials.test.ts > Support credential lexical facts > starts a separate positive modal or auxiliary operation group: Support does not request passwords, furthermore it accepts them.
 FAIL  tests/unit/support-credentials.test.ts > Support credential lexical facts > starts a separate positive modal or auxiliary operation group: Asistența nu cere parole, plus le poate primi.
 FAIL  tests/unit/support-credentials.test.ts > Support credential lexical facts > starts a separate positive modal or auxiliary operation group: Asistența nu cere parole, în plus le poate primi.
 FAIL  tests/unit/support-credentials.test.ts > Support credential lexical facts > starts a separate positive modal or auxiliary operation group: Asistența nu cere parole, de asemenea le poate primi.
AssertionError: expected false to be true // Object.is equality

- Expected
+ Received

- true
+ false

 ❯ tests/unit/support-credentials.test.ts:105:91
    103|     "Asistența nu cere parole, de asemenea le poate primi."
    104|   ])("starts a separate positive modal or auxiliary operation group: %…
    105|     expect(analyzeSupportCredentialText(text).operations.some(({ negat…
       |                                                                                           ^
    106|   });
    107|

⎯⎯⎯⎯⎯⎯⎯⎯⎯⎯⎯⎯⎯⎯⎯⎯⎯⎯⎯⎯⎯⎯⎯[9/66]⎯

 FAIL  tests/unit/support-redaction.test.ts > CP1 Support credential redaction > leaves no coordinated supplied-value fragment at any redaction sink: My reset token is quartz and ember; keep it private.
AssertionError: expected 'My reset token is [REDACTED_SECRET_LI…' not to contain 'ember'

Expected: "ember"
Received: "My reset token is [REDACTED_SECRET_LIKE] and ember; keep it private."

 ❯ tests/unit/support-redaction.test.ts:85:59
     83|     observed.push(stored.text);
     84|     for (const value of observed) {
     85|       for (const fragment of fragments) expect(value).not.toContain(fr…
       |                                                           ^
     86|       expect(value).toContain("[REDACTED_SECRET_LIKE]");
     87|     }

⎯⎯⎯⎯⎯⎯⎯⎯⎯⎯⎯⎯⎯⎯⎯⎯⎯⎯⎯⎯⎯⎯[10/66]⎯

 FAIL  tests/unit/support-redaction.test.ts > CP1 Support credential redaction > leaves no coordinated supplied-value fragment at any redaction sink: Codul de verificare este cuarț și chihlimbar; păstrează-l privat.
AssertionError: expected 'Codul de verificare este [REDACTED_SE…' not to contain 'chihlimbar'

Expected: "chihlimbar"
Received: "Codul de verificare este [REDACTED_SECRET_LIKE] și chihlimbar; păstrează-l privat."

 ❯ tests/unit/support-redaction.test.ts:85:59
     83|     observed.push(stored.text);
     84|     for (const value of observed) {
     85|       for (const fragment of fragments) expect(value).not.toContain(fr…
       |                                                           ^
     86|       expect(value).toContain("[REDACTED_SECRET_LIKE]");
     87|     }

⎯⎯⎯⎯⎯⎯⎯⎯⎯⎯⎯⎯⎯⎯⎯⎯⎯⎯⎯⎯⎯⎯[11/66]⎯

 FAIL  tests/unit/support-redaction.test.ts > CP1 Support credential redaction > preserves benign guidance, dates, times, and public error IDs: My password is unavailable; show ordinary recovery guidance.
AssertionError: expected { …(2) } to deeply equal { …(2) }

- Expected
+ Received

  {
-   "redacted": false,
-   "text": "My password is unavailable; show ordinary recovery guidance.",
+   "redacted": true,
+   "text": "My password is [REDACTED_SECRET_LIKE]; show ordinary recovery guidance.",
  }

 ❯ tests/unit/support-redaction.test.ts:102:37
    100|     "Try again at 14:30 on 2026-09-14 with public error SUPPORT_MODEL_…
    101|   ])("preserves benign guidance, dates, times, and public error IDs: %…
    102|     expect(redactSupportText(text)).toEqual({ text,redacted: false });
       |                                     ^
    103|   });
    104|

⎯⎯⎯⎯⎯⎯⎯⎯⎯⎯⎯⎯⎯⎯⎯⎯⎯⎯⎯⎯⎯⎯[12/66]⎯

 FAIL  tests/unit/support-redaction.test.ts > CP1 Support credential redaction > preserves benign guidance, dates, times, and public error IDs: Parola mea este indisponibilă; arată ghidul obișnuit de recuperare.
AssertionError: expected { …(2) } to deeply equal { …(2) }

- Expected
+ Received

  {
-   "redacted": false,
-   "text": "Parola mea este indisponibilă; arată ghidul obișnuit de recuperare.",
+   "redacted": true,
+   "text": "Parola mea este [REDACTED_SECRET_LIKE]; arată ghidul obișnuit de recuperare.",
  }

 ❯ tests/unit/support-redaction.test.ts:102:37
    100|     "Try again at 14:30 on 2026-09-14 with public error SUPPORT_MODEL_…
    101|   ])("preserves benign guidance, dates, times, and public error IDs: %…
    102|     expect(redactSupportText(text)).toEqual({ text,redacted: false });
       |                                     ^
    103|   });
    104|

⎯⎯⎯⎯⎯⎯⎯⎯⎯⎯⎯⎯⎯⎯⎯⎯⎯⎯⎯⎯⎯⎯[13/66]⎯

 FAIL  tests/unit/support-response-policy.test.ts > CP1 support model response policy > rejects a positive credential operation in a new modal group: Support never asks for OTP codes, plus it accepts them.
AssertionError: expected { kind: 'answer', …(3) } to be null

- Expected:
null

+ Received:
{
  "actionIds": [],
  "kind": "answer",
  "sourceIds": [
    "getting-started-debate",
  ],
  "text": "Support never asks for OTP codes, plus it accepts them.",
}

 ❯ tests/unit/support-response-policy.test.ts:175:60
    173|     "Asistența nu cere parole, de asemenea le poate primi."
    174|   ])("rejects a positive credential operation in a new modal group: %s…
    175|     expect(parseSupportDraft(raw(text,{ actionIds: [] }))).toBeNull();
       |                                                            ^
    176|     expect(parseSupportCaseSummaryDraft(JSON.stringify({
    177|       kind: "case_summary",text,sourceIds: [],actionIds: []

⎯⎯⎯⎯⎯⎯⎯⎯⎯⎯⎯⎯⎯⎯⎯⎯⎯⎯⎯⎯⎯⎯[14/66]⎯

 FAIL  tests/unit/support-response-policy.test.ts > CP1 support model response policy > rejects a positive credential operation in a new modal group: Support does not request passwords, plus it could receive them.
AssertionError: expected { kind: 'answer', …(3) } to be null

- Expected:
null

+ Received:
{
  "actionIds": [],
  "kind": "answer",
  "sourceIds": [
    "getting-started-debate",
  ],
  "text": "Support does not request passwords, plus it could receive them.",
}

 ❯ tests/unit/support-response-policy.test.ts:175:60
    173|     "Asistența nu cere parole, de asemenea le poate primi."
    174|   ])("rejects a positive credential operation in a new modal group: %s…
    175|     expect(parseSupportDraft(raw(text,{ actionIds: [] }))).toBeNull();
       |                                                            ^
    176|     expect(parseSupportCaseSummaryDraft(JSON.stringify({
    177|       kind: "case_summary",text,sourceIds: [],actionIds: []

⎯⎯⎯⎯⎯⎯⎯⎯⎯⎯⎯⎯⎯⎯⎯⎯⎯⎯⎯⎯⎯⎯[15/66]⎯

 FAIL  tests/unit/support-response-policy.test.ts > CP1 support model response policy > rejects a positive credential operation in a new modal group: Support does not request passwords, in addition it accepts them.
AssertionError: expected { kind: 'answer', …(3) } to be null

- Expected:
null

+ Received:
{
  "actionIds": [],
  "kind": "answer",
  "sourceIds": [
    "getting-started-debate",
  ],
  "text": "Support does not request passwords, in addition it accepts them.",
}

 ❯ tests/unit/support-response-policy.test.ts:175:60
    173|     "Asistența nu cere parole, de asemenea le poate primi."
    174|   ])("rejects a positive credential operation in a new modal group: %s…
    175|     expect(parseSupportDraft(raw(text,{ actionIds: [] }))).toBeNull();
       |                                                            ^
    176|     expect(parseSupportCaseSummaryDraft(JSON.stringify({
    177|       kind: "case_summary",text,sourceIds: [],actionIds: []

⎯⎯⎯⎯⎯⎯⎯⎯⎯⎯⎯⎯⎯⎯⎯⎯⎯⎯⎯⎯⎯⎯[16/66]⎯

 FAIL  tests/unit/support-response-policy.test.ts > CP1 support model response policy > rejects a positive credential operation in a new modal group: Support does not request passwords, additionally it accepts them.
AssertionError: expected { kind: 'answer', …(3) } to be null

- Expected:
null

+ Received:
{
  "actionIds": [],
  "kind": "answer",
  "sourceIds": [
    "getting-started-debate",
  ],
  "text": "Support does not request passwords, additionally it accepts them.",
}

 ❯ tests/unit/support-response-policy.test.ts:175:60
    173|     "Asistența nu cere parole, de asemenea le poate primi."
    174|   ])("rejects a positive credential operation in a new modal group: %s…
    175|     expect(parseSupportDraft(raw(text,{ actionIds: [] }))).toBeNull();
       |                                                            ^
    176|     expect(parseSupportCaseSummaryDraft(JSON.stringify({
    177|       kind: "case_summary",text,sourceIds: [],actionIds: []

⎯⎯⎯⎯⎯⎯⎯⎯⎯⎯⎯⎯⎯⎯⎯⎯⎯⎯⎯⎯⎯⎯[17/66]⎯

 FAIL  tests/unit/support-response-policy.test.ts > CP1 support model response policy > rejects a positive credential operation in a new modal group: Support does not request passwords, moreover it accepts them.
AssertionError: expected { kind: 'answer', …(3) } to be null

- Expected:
null

+ Received:
{
  "actionIds": [],
  "kind": "answer",
  "sourceIds": [
    "getting-started-debate",
  ],
  "text": "Support does not request passwords, moreover it accepts them.",
}

 ❯ tests/unit/support-response-policy.test.ts:175:60
    173|     "Asistența nu cere parole, de asemenea le poate primi."
    174|   ])("rejects a positive credential operation in a new modal group: %s…
    175|     expect(parseSupportDraft(raw(text,{ actionIds: [] }))).toBeNull();
       |                                                            ^
    176|     expect(parseSupportCaseSummaryDraft(JSON.stringify({
    177|       kind: "case_summary",text,sourceIds: [],actionIds: []

⎯⎯⎯⎯⎯⎯⎯⎯⎯⎯⎯⎯⎯⎯⎯⎯⎯⎯⎯⎯⎯⎯[18/66]⎯

 FAIL  tests/unit/support-response-policy.test.ts > CP1 support model response policy > rejects a positive credential operation in a new modal group: Support does not request passwords, furthermore it accepts them.
AssertionError: expected { kind: 'answer', …(3) } to be null

- Expected:
null

+ Received:
{
  "actionIds": [],
  "kind": "answer",
  "sourceIds": [
    "getting-started-debate",
  ],
  "text": "Support does not request passwords, furthermore it accepts them.",
}

 ❯ tests/unit/support-response-policy.test.ts:175:60
    173|     "Asistența nu cere parole, de asemenea le poate primi."
    174|   ])("rejects a positive credential operation in a new modal group: %s…
    175|     expect(parseSupportDraft(raw(text,{ actionIds: [] }))).toBeNull();
       |                                                            ^
    176|     expect(parseSupportCaseSummaryDraft(JSON.stringify({
    177|       kind: "case_summary",text,sourceIds: [],actionIds: []

⎯⎯⎯⎯⎯⎯⎯⎯⎯⎯⎯⎯⎯⎯⎯⎯⎯⎯⎯⎯⎯⎯[19/66]⎯

 FAIL  tests/unit/support-response-policy.test.ts > CP1 support model response policy > rejects a positive credential operation in a new modal group: Asistența nu cere parole, plus le poate primi.
AssertionError: expected { kind: 'answer', …(3) } to be null

- Expected:
null

+ Received:
{
  "actionIds": [],
  "kind": "answer",
  "sourceIds": [
    "getting-started-debate",
  ],
  "text": "Asistența nu cere parole, plus le poate primi.",
}

 ❯ tests/unit/support-response-policy.test.ts:175:60
    173|     "Asistența nu cere parole, de asemenea le poate primi."
    174|   ])("rejects a positive credential operation in a new modal group: %s…
    175|     expect(parseSupportDraft(raw(text,{ actionIds: [] }))).toBeNull();
       |                                                            ^
    176|     expect(parseSupportCaseSummaryDraft(JSON.stringify({
    177|       kind: "case_summary",text,sourceIds: [],actionIds: []

⎯⎯⎯⎯⎯⎯⎯⎯⎯⎯⎯⎯⎯⎯⎯⎯⎯⎯⎯⎯⎯⎯[20/66]⎯

 FAIL  tests/unit/support-response-policy.test.ts > CP1 support model response policy > rejects a positive credential operation in a new modal group: Asistența nu cere parole, în plus le poate primi.
AssertionError: expected { kind: 'answer', …(3) } to be null

- Expected:
null

+ Received:
{
  "actionIds": [],
  "kind": "answer",
  "sourceIds": [
    "getting-started-debate",
  ],
  "text": "Asistența nu cere parole, în plus le poate primi.",
}

 ❯ tests/unit/support-response-policy.test.ts:175:60
    173|     "Asistența nu cere parole, de asemenea le poate primi."
    174|   ])("rejects a positive credential operation in a new modal group: %s…
    175|     expect(parseSupportDraft(raw(text,{ actionIds: [] }))).toBeNull();
       |                                                            ^
    176|     expect(parseSupportCaseSummaryDraft(JSON.stringify({
    177|       kind: "case_summary",text,sourceIds: [],actionIds: []

⎯⎯⎯⎯⎯⎯⎯⎯⎯⎯⎯⎯⎯⎯⎯⎯⎯⎯⎯⎯⎯⎯[21/66]⎯

 FAIL  tests/unit/support-response-policy.test.ts > CP1 support model response policy > rejects a positive credential operation in a new modal group: Asistența nu cere parole, de asemenea le poate primi.
AssertionError: expected { kind: 'answer', …(3) } to be null

- Expected:
null

+ Received:
{
  "actionIds": [],
  "kind": "answer",
  "sourceIds": [
    "getting-started-debate",
  ],
  "text": "Asistența nu cere parole, de asemenea le poate primi.",
}

 ❯ tests/unit/support-response-policy.test.ts:175:60
    173|     "Asistența nu cere parole, de asemenea le poate primi."
    174|   ])("rejects a positive credential operation in a new modal group: %s…
    175|     expect(parseSupportDraft(raw(text,{ actionIds: [] }))).toBeNull();
       |                                                            ^
    176|     expect(parseSupportCaseSummaryDraft(JSON.stringify({
    177|       kind: "case_summary",text,sourceIds: [],actionIds: []

⎯⎯⎯⎯⎯⎯⎯⎯⎯⎯⎯⎯⎯⎯⎯⎯⎯⎯⎯⎯⎯⎯[22/66]⎯

 FAIL  tests/unit/support-response-policy.test.ts > CP1 support model response policy > rejects a decoded structural root backslash after = boundary in answer and summary text
AssertionError: expected { kind: 'answer', …(3) } to be null

- Expected:
null

+ Received:
{
  "actionIds": [],
  "kind": "answer",
  "sourceIds": [
    "getting-started-debate",
  ],
  "text": "Target=%5Csettings",
}

 ❯ tests/unit/support-response-policy.test.ts:200:60
    198|     [`UNC path after ${delimiter}`,`Target${delimiter}%5C%5Cserver%5Cs…
    199|   ]))("rejects a decoded structural %s boundary in answer and summary …
    200|     expect(parseSupportDraft(raw(text,{ actionIds: [] }))).toBeNull();
       |                                                            ^
    201|     expect(parseSupportCaseSummaryDraft(JSON.stringify({
    202|       kind: "case_summary",text,sourceIds: [],actionIds: []

⎯⎯⎯⎯⎯⎯⎯⎯⎯⎯⎯⎯⎯⎯⎯⎯⎯⎯⎯⎯⎯⎯[23/66]⎯

 FAIL  tests/unit/support-response-policy.test.ts > CP1 support model response policy > rejects a decoded structural drive path after = boundary in answer and summary text
AssertionError: expected { kind: 'answer', …(3) } to be null

- Expected:
null

+ Received:
{
  "actionIds": [],
  "kind": "answer",
  "sourceIds": [
    "getting-started-debate",
  ],
  "text": "Target=C:%5Csettings",
}

 ❯ tests/unit/support-response-policy.test.ts:200:60
    198|     [`UNC path after ${delimiter}`,`Target${delimiter}%5C%5Cserver%5Cs…
    199|   ]))("rejects a decoded structural %s boundary in answer and summary …
    200|     expect(parseSupportDraft(raw(text,{ actionIds: [] }))).toBeNull();
       |                                                            ^
    201|     expect(parseSupportCaseSummaryDraft(JSON.stringify({
    202|       kind: "case_summary",text,sourceIds: [],actionIds: []

⎯⎯⎯⎯⎯⎯⎯⎯⎯⎯⎯⎯⎯⎯⎯⎯⎯⎯⎯⎯⎯⎯[24/66]⎯

 FAIL  tests/unit/support-response-policy.test.ts > CP1 support model response policy > rejects a decoded structural UNC path after = boundary in answer and summary text
AssertionError: expected { kind: 'answer', …(3) } to be null

- Expected:
null

+ Received:
{
  "actionIds": [],
  "kind": "answer",
  "sourceIds": [
    "getting-started-debate",
  ],
  "text": "Target=%5C%5Cserver%5Cshare",
}

 ❯ tests/unit/support-response-policy.test.ts:200:60
    198|     [`UNC path after ${delimiter}`,`Target${delimiter}%5C%5Cserver%5Cs…
    199|   ]))("rejects a decoded structural %s boundary in answer and summary …
    200|     expect(parseSupportDraft(raw(text,{ actionIds: [] }))).toBeNull();
       |                                                            ^
    201|     expect(parseSupportCaseSummaryDraft(JSON.stringify({
    202|       kind: "case_summary",text,sourceIds: [],actionIds: []

⎯⎯⎯⎯⎯⎯⎯⎯⎯⎯⎯⎯⎯⎯⎯⎯⎯⎯⎯⎯⎯⎯[25/66]⎯

 FAIL  tests/unit/support-response-policy.test.ts > CP1 support model response policy > rejects a decoded structural root backslash after : boundary in answer and summary text
AssertionError: expected { kind: 'answer', …(3) } to be null

- Expected:
null

+ Received:
{
  "actionIds": [],
  "kind": "answer",
  "sourceIds": [
    "getting-started-debate",
  ],
  "text": "Target:%5Csettings",
}

 ❯ tests/unit/support-response-policy.test.ts:200:60
    198|     [`UNC path after ${delimiter}`,`Target${delimiter}%5C%5Cserver%5Cs…
    199|   ]))("rejects a decoded structural %s boundary in answer and summary …
    200|     expect(parseSupportDraft(raw(text,{ actionIds: [] }))).toBeNull();
       |                                                            ^
    201|     expect(parseSupportCaseSummaryDraft(JSON.stringify({
    202|       kind: "case_summary",text,sourceIds: [],actionIds: []

⎯⎯⎯⎯⎯⎯⎯⎯⎯⎯⎯⎯⎯⎯⎯⎯⎯⎯⎯⎯⎯⎯[26/66]⎯

 FAIL  tests/unit/support-response-policy.test.ts > CP1 support model response policy > rejects a decoded structural drive path after : boundary in answer and summary text
AssertionError: expected { kind: 'answer', …(3) } to be null

- Expected:
null

+ Received:
{
  "actionIds": [],
  "kind": "answer",
  "sourceIds": [
    "getting-started-debate",
  ],
  "text": "Target:C:%5Csettings",
}

 ❯ tests/unit/support-response-policy.test.ts:200:60
    198|     [`UNC path after ${delimiter}`,`Target${delimiter}%5C%5Cserver%5Cs…
    199|   ]))("rejects a decoded structural %s boundary in answer and summary …
    200|     expect(parseSupportDraft(raw(text,{ actionIds: [] }))).toBeNull();
       |                                                            ^
    201|     expect(parseSupportCaseSummaryDraft(JSON.stringify({
    202|       kind: "case_summary",text,sourceIds: [],actionIds: []

⎯⎯⎯⎯⎯⎯⎯⎯⎯⎯⎯⎯⎯⎯⎯⎯⎯⎯⎯⎯⎯⎯[27/66]⎯

 FAIL  tests/unit/support-response-policy.test.ts > CP1 support model response policy > rejects a decoded structural UNC path after : boundary in answer and summary text
AssertionError: expected { kind: 'answer', …(3) } to be null

- Expected:
null

+ Received:
{
  "actionIds": [],
  "kind": "answer",
  "sourceIds": [
    "getting-started-debate",
  ],
  "text": "Target:%5C%5Cserver%5Cshare",
}

 ❯ tests/unit/support-response-policy.test.ts:200:60
    198|     [`UNC path after ${delimiter}`,`Target${delimiter}%5C%5Cserver%5Cs…
    199|   ]))("rejects a decoded structural %s boundary in answer and summary …
    200|     expect(parseSupportDraft(raw(text,{ actionIds: [] }))).toBeNull();
       |                                                            ^
    201|     expect(parseSupportCaseSummaryDraft(JSON.stringify({
    202|       kind: "case_summary",text,sourceIds: [],actionIds: []

⎯⎯⎯⎯⎯⎯⎯⎯⎯⎯⎯⎯⎯⎯⎯⎯⎯⎯⎯⎯⎯⎯[28/66]⎯

 FAIL  tests/unit/support-response-policy.test.ts > CP1 support model response policy > rejects a decoded structural root backslash after , boundary in answer and summary text
AssertionError: expected { kind: 'answer', …(3) } to be null

- Expected:
null

+ Received:
{
  "actionIds": [],
  "kind": "answer",
  "sourceIds": [
    "getting-started-debate",
  ],
  "text": "Target,%5Csettings",
}

 ❯ tests/unit/support-response-policy.test.ts:200:60
    198|     [`UNC path after ${delimiter}`,`Target${delimiter}%5C%5Cserver%5Cs…
    199|   ]))("rejects a decoded structural %s boundary in answer and summary …
    200|     expect(parseSupportDraft(raw(text,{ actionIds: [] }))).toBeNull();
       |                                                            ^
    201|     expect(parseSupportCaseSummaryDraft(JSON.stringify({
    202|       kind: "case_summary",text,sourceIds: [],actionIds: []

⎯⎯⎯⎯⎯⎯⎯⎯⎯⎯⎯⎯⎯⎯⎯⎯⎯⎯⎯⎯⎯⎯[29/66]⎯

 FAIL  tests/unit/support-response-policy.test.ts > CP1 support model response policy > rejects a decoded structural drive path after , boundary in answer and summary text
AssertionError: expected { kind: 'answer', …(3) } to be null

- Expected:
null

+ Received:
{
  "actionIds": [],
  "kind": "answer",
  "sourceIds": [
    "getting-started-debate",
  ],
  "text": "Target,C:%5Csettings",
}

 ❯ tests/unit/support-response-policy.test.ts:200:60
    198|     [`UNC path after ${delimiter}`,`Target${delimiter}%5C%5Cserver%5Cs…
    199|   ]))("rejects a decoded structural %s boundary in answer and summary …
    200|     expect(parseSupportDraft(raw(text,{ actionIds: [] }))).toBeNull();
       |                                                            ^
    201|     expect(parseSupportCaseSummaryDraft(JSON.stringify({
    202|       kind: "case_summary",text,sourceIds: [],actionIds: []

⎯⎯⎯⎯⎯⎯⎯⎯⎯⎯⎯⎯⎯⎯⎯⎯⎯⎯⎯⎯⎯⎯[30/66]⎯

 FAIL  tests/unit/support-response-policy.test.ts > CP1 support model response policy > rejects a decoded structural UNC path after , boundary in answer and summary text
AssertionError: expected { kind: 'answer', …(3) } to be null

- Expected:
null

+ Received:
{
  "actionIds": [],
  "kind": "answer",
  "sourceIds": [
    "getting-started-debate",
  ],
  "text": "Target,%5C%5Cserver%5Cshare",
}

 ❯ tests/unit/support-response-policy.test.ts:200:60
    198|     [`UNC path after ${delimiter}`,`Target${delimiter}%5C%5Cserver%5Cs…
    199|   ]))("rejects a decoded structural %s boundary in answer and summary …
    200|     expect(parseSupportDraft(raw(text,{ actionIds: [] }))).toBeNull();
       |                                                            ^
    201|     expect(parseSupportCaseSummaryDraft(JSON.stringify({
    202|       kind: "case_summary",text,sourceIds: [],actionIds: []

⎯⎯⎯⎯⎯⎯⎯⎯⎯⎯⎯⎯⎯⎯⎯⎯⎯⎯⎯⎯⎯⎯[31/66]⎯

 FAIL  tests/unit/support-response-policy.test.ts > CP1 support model response policy > rejects a decoded structural root backslash after ; boundary in answer and summary text
AssertionError: expected { kind: 'answer', …(3) } to be null

- Expected:
null

+ Received:
{
  "actionIds": [],
  "kind": "answer",
  "sourceIds": [
    "getting-started-debate",
  ],
  "text": "Target;%5Csettings",
}

 ❯ tests/unit/support-response-policy.test.ts:200:60
    198|     [`UNC path after ${delimiter}`,`Target${delimiter}%5C%5Cserver%5Cs…
    199|   ]))("rejects a decoded structural %s boundary in answer and summary …
    200|     expect(parseSupportDraft(raw(text,{ actionIds: [] }))).toBeNull();
       |                                                            ^
    201|     expect(parseSupportCaseSummaryDraft(JSON.stringify({
    202|       kind: "case_summary",text,sourceIds: [],actionIds: []

⎯⎯⎯⎯⎯⎯⎯⎯⎯⎯⎯⎯⎯⎯⎯⎯⎯⎯⎯⎯⎯⎯[32/66]⎯

 FAIL  tests/unit/support-response-policy.test.ts > CP1 support model response policy > rejects a decoded structural drive path after ; boundary in answer and summary text
AssertionError: expected { kind: 'answer', …(3) } to be null

- Expected:
null

+ Received:
{
  "actionIds": [],
  "kind": "answer",
  "sourceIds": [
    "getting-started-debate",
  ],
  "text": "Target;C:%5Csettings",
}

 ❯ tests/unit/support-response-policy.test.ts:200:60
    198|     [`UNC path after ${delimiter}`,`Target${delimiter}%5C%5Cserver%5Cs…
    199|   ]))("rejects a decoded structural %s boundary in answer and summary …
    200|     expect(parseSupportDraft(raw(text,{ actionIds: [] }))).toBeNull();
       |                                                            ^
    201|     expect(parseSupportCaseSummaryDraft(JSON.stringify({
    202|       kind: "case_summary",text,sourceIds: [],actionIds: []

⎯⎯⎯⎯⎯⎯⎯⎯⎯⎯⎯⎯⎯⎯⎯⎯⎯⎯⎯⎯⎯⎯[33/66]⎯

 FAIL  tests/unit/support-response-policy.test.ts > CP1 support model response policy > rejects a decoded structural UNC path after ; boundary in answer and summary text
AssertionError: expected { kind: 'answer', …(3) } to be null

- Expected:
null

+ Received:
{
  "actionIds": [],
  "kind": "answer",
  "sourceIds": [
    "getting-started-debate",
  ],
  "text": "Target;%5C%5Cserver%5Cshare",
}

 ❯ tests/unit/support-response-policy.test.ts:200:60
    198|     [`UNC path after ${delimiter}`,`Target${delimiter}%5C%5Cserver%5Cs…
    199|   ]))("rejects a decoded structural %s boundary in answer and summary …
    200|     expect(parseSupportDraft(raw(text,{ actionIds: [] }))).toBeNull();
       |                                                            ^
    201|     expect(parseSupportCaseSummaryDraft(JSON.stringify({
    202|       kind: "case_summary",text,sourceIds: [],actionIds: []

⎯⎯⎯⎯⎯⎯⎯⎯⎯⎯⎯⎯⎯⎯⎯⎯⎯⎯⎯⎯⎯⎯[34/66]⎯

 FAIL  tests/unit/support-text-views.test.ts > CP1 bounded canonical Support text views > recognizes every canonical filesystem and route path form: Target=\settings
 FAIL  tests/unit/support-text-views.test.ts > CP1 bounded canonical Support text views > recognizes every canonical filesystem and route path form: Target=C:\settings
 FAIL  tests/unit/support-text-views.test.ts > CP1 bounded canonical Support text views > recognizes every canonical filesystem and route path form: Target=\\server\share
 FAIL  tests/unit/support-text-views.test.ts > CP1 bounded canonical Support text views > recognizes every canonical filesystem and route path form: Target=%5Csettings
 FAIL  tests/unit/support-text-views.test.ts > CP1 bounded canonical Support text views > recognizes every canonical filesystem and route path form: Target=C:%5Csettings
 FAIL  tests/unit/support-text-views.test.ts > CP1 bounded canonical Support text views > recognizes every canonical filesystem and route path form: Target=%5C%5Cserver%5Cshare
 FAIL  tests/unit/support-text-views.test.ts > CP1 bounded canonical Support text views > recognizes every canonical filesystem and route path form: Target:\settings
 FAIL  tests/unit/support-text-views.test.ts > CP1 bounded canonical Support text views > recognizes every canonical filesystem and route path form: Target:C:\settings
 FAIL  tests/unit/support-text-views.test.ts > CP1 bounded canonical Support text views > recognizes every canonical filesystem and route path form: Target:\\server\share
 FAIL  tests/unit/support-text-views.test.ts > CP1 bounded canonical Support text views > recognizes every canonical filesystem and route path form: Target:%5Csettings
 FAIL  tests/unit/support-text-views.test.ts > CP1 bounded canonical Support text views > recognizes every canonical filesystem and route path form: Target:C:%5Csettings
 FAIL  tests/unit/support-text-views.test.ts > CP1 bounded canonical Support text views > recognizes every canonical filesystem and route path form: Target:%5C%5Cserver%5Cshare
 FAIL  tests/unit/support-text-views.test.ts > CP1 bounded canonical Support text views > recognizes every canonical filesystem and route path form: Target,\settings
 FAIL  tests/unit/support-text-views.test.ts > CP1 bounded canonical Support text views > recognizes every canonical filesystem and route path form: Target,C:\settings
 FAIL  tests/unit/support-text-views.test.ts > CP1 bounded canonical Support text views > recognizes every canonical filesystem and route path form: Target,\\server\share
 FAIL  tests/unit/support-text-views.test.ts > CP1 bounded canonical Support text views > recognizes every canonical filesystem and route path form: Target,%5Csettings
 FAIL  tests/unit/support-text-views.test.ts > CP1 bounded canonical Support text views > recognizes every canonical filesystem and route path form: Target,C:%5Csettings
 FAIL  tests/unit/support-text-views.test.ts > CP1 bounded canonical Support text views > recognizes every canonical filesystem and route path form: Target,%5C%5Cserver%5Cshare
 FAIL  tests/unit/support-text-views.test.ts > CP1 bounded canonical Support text views > recognizes every canonical filesystem and route path form: Target;\settings
 FAIL  tests/unit/support-text-views.test.ts > CP1 bounded canonical Support text views > recognizes every canonical filesystem and route path form: Target;C:\settings
 FAIL  tests/unit/support-text-views.test.ts > CP1 bounded canonical Support text views > recognizes every canonical filesystem and route path form: Target;\\server\share
 FAIL  tests/unit/support-text-views.test.ts > CP1 bounded canonical Support text views > recognizes every canonical filesystem and route path form: Target;%5Csettings
 FAIL  tests/unit/support-text-views.test.ts > CP1 bounded canonical Support text views > recognizes every canonical filesystem and route path form: Target;C:%5Csettings
 FAIL  tests/unit/support-text-views.test.ts > CP1 bounded canonical Support text views > recognizes every canonical filesystem and route path form: Target;%5C%5Cserver%5Cshare
AssertionError: expected false to be true // Object.is equality

- Expected
+ Received

- true
+ false

 ❯ tests/unit/support-text-views.test.ts:47:45
     45|     ])
     46|   ])("recognizes every canonical filesystem and route path form: %s",(…
     47|     expect(supportTextHasUnsafePath(input)).toBe(true);
       |                                             ^
     48|   });
     49|

⎯⎯⎯⎯⎯⎯⎯⎯⎯⎯⎯⎯⎯⎯⎯⎯⎯⎯⎯⎯⎯⎯[35/66]⎯


 Test Files  5 failed (5)
      Tests  66 failed | 271 passed (337)
   Start at  08:31:22
   Duration  1.14s (transform 147ms, setup 0ms, import 309ms, tests 235ms, environment 0ms)

