
 RUN  v4.1.10 /Users/vladmihaimiron/Documents/DebateAIRO/dialectical-engine/.worktrees/support-conversation-cp1/dialectical-engine

 × tests/unit/s7-authorization.test.ts > S7 deny-by-default authorization > keeps one complete, duplicate-free policy row per contract route 5ms
   → expected [ 'POST /v1/auth/register', …(49) ] to have a length of 49 but got 50
 ✓ tests/unit/s7-authorization.test.ts > S7 deny-by-default authorization > registers the full optional composition and rejects anonymous access to every governed private route 53ms
 ✓ tests/unit/s7-authorization.test.ts > S7 deny-by-default authorization > rejects registration of a route outside the canonical policy table 4ms
 ✓ tests/unit/s7-authorization.test.ts > S7 deny-by-default authorization > retires the transitional operator credential and keeps cookie askers out 3ms
 ✓ tests/unit/s7-authorization.test.ts > S7 deny-by-default authorization > operator-gates both evaluator routes 7ms
 ✓ tests/unit/s7-authorization.test.ts > S7 deny-by-default authorization > derives caller scope from the authenticated principal for a valid ask 4ms
 ✓ tests/unit/s7-authorization.test.ts > S7 deny-by-default authorization > rejects the forbidden caller_scope claim by itself 3ms
 ✓ tests/unit/s7-authorization.test.ts > S7 deny-by-default authorization > rejects the forbidden decision_owner claim by itself 3ms
 ✓ tests/unit/s7-authorization.test.ts > S7 deny-by-default authorization > rejects the forbidden action_owner claim by itself 3ms
 ✓ tests/unit/s7-authorization.test.ts > S7 deny-by-default authorization > rejects the forbidden role claim by itself 4ms
 ✓ tests/unit/s7-authorization.test.ts > S7 deny-by-default authorization > preauthorizes an owned SSE stream before committing status 200 3ms
 ✓ tests/unit/s7-authorization.test.ts > S7 deny-by-default authorization > streams only after a successful owned-run preflight 5ms
 ✓ tests/unit/s7-authorization.test.ts > S7 deny-by-default authorization > maps denied owned route 'GET' '/v1/answers/22222222-2222-4222-8222-2…' to its closed 404 face 2ms
 ✓ tests/unit/s7-authorization.test.ts > S7 deny-by-default authorization > maps denied owned route 'GET' '/v1/answers/22222222-2222-4222-8222-2…' to its closed 404 face 2ms
 ✓ tests/unit/s7-authorization.test.ts > S7 deny-by-default authorization > maps denied owned route 'GET' '/v1/answers/22222222-2222-4222-8222-2…' to its closed 404 face 2ms
 ✓ tests/unit/s7-authorization.test.ts > S7 deny-by-default authorization > maps denied owned route 'GET' '/v1/answers/22222222-2222-4222-8222-2…' to its closed 404 face 3ms
 ✓ tests/unit/s7-authorization.test.ts > S7 deny-by-default authorization > maps denied owned route 'POST' '/v1/answers/22222222-2222-4222-8222-2…' to its closed 404 face 2ms
 ✓ tests/unit/s7-authorization.test.ts > S7 deny-by-default authorization > maps denied owned route 'POST' '/v1/answers/22222222-2222-4222-8222-2…' to its closed 404 face 2ms
 ✓ tests/unit/s7-authorization.test.ts > S7 deny-by-default authorization > maps denied owned route 'GET' '/v1/runs/11111111-1111-4111-8111-1111…' to its closed 404 face 2ms
 ✓ tests/unit/s7-authorization.test.ts > S7 deny-by-default authorization > maps denied owned route 'GET' '/v1/runs/11111111-1111-4111-8111-1111…' to its closed 404 face 4ms
 ✓ tests/unit/s7-authorization.test.ts > S7 deny-by-default authorization > maps denied owned route 'GET' '/v1/runs/11111111-1111-4111-8111-1111…' to its closed 404 face 3ms
 ✓ tests/unit/s7-authorization.test.ts > S7 deny-by-default authorization > maps malformed resource IDs on 'GET' '/v1/answers/not-a-uuid' to the closed 404 face 2ms
 ✓ tests/unit/s7-authorization.test.ts > S7 deny-by-default authorization > maps malformed resource IDs on 'GET' '/v1/answers/not-a-uuid/inspection' to the closed 404 face 2ms
 ✓ tests/unit/s7-authorization.test.ts > S7 deny-by-default authorization > maps malformed resource IDs on 'GET' '/v1/answers/not-a-uuid/ledger-digest' to the closed 404 face 2ms
 ✓ tests/unit/s7-authorization.test.ts > S7 deny-by-default authorization > maps malformed resource IDs on 'GET' '/v1/answers/22222222-2222-4222-8222-2…' to the closed 404 face 2ms
 ✓ tests/unit/s7-authorization.test.ts > S7 deny-by-default authorization > maps malformed resource IDs on 'POST' '/v1/answers/not-a-uuid/investigations…' to the closed 404 face 4ms
 ✓ tests/unit/s7-authorization.test.ts > S7 deny-by-default authorization > maps malformed resource IDs on 'POST' '/v1/answers/not-a-uuid/memory-link/un…' to the closed 404 face 2ms
 ✓ tests/unit/s7-authorization.test.ts > S7 deny-by-default authorization > maps malformed resource IDs on 'GET' '/v1/runs/not-a-uuid' to the closed 404 face 2ms
 ✓ tests/unit/s7-authorization.test.ts > S7 deny-by-default authorization > maps malformed resource IDs on 'GET' '/v1/runs/not-a-uuid/answer' to the closed 404 face 2ms
 ✓ tests/unit/s7-authorization.test.ts > S7 deny-by-default authorization > maps malformed resource IDs on 'GET' '/v1/runs/not-a-uuid/events' to the closed 404 face 2ms
 ✓ tests/unit/s7-authorization.test.ts > S7 deny-by-default authorization > does not expose implicit HEAD carriers for any governed GET route 4ms
 ✓ tests/render/sup-04-widget.test.tsx > SUP-04 product-route support widget > starts collapsed as the exact accessible English button 20ms
 ✓ tests/render/sup-04-widget.test.tsx > SUP-04 product-route support widget > always shows human escalation and creates a session before using it 20ms
 × tests/render/sup-04-widget.test.tsx > SUP-04 product-route support widget > expands on Enter, focuses the message control, and follows the Romanian override 7ms
   → expected null not to be null
 ✓ tests/render/sup-04-widget.test.tsx > SUP-04 product-route support widget > uses fixed lower-corner geometry and caps the expanded panel at seventy viewport percent 4ms
 ✓ tests/render/sup-04-widget.test.tsx > SUP-04 product-route support widget > publishes the exact primary-control measurement hook on all three owner surfaces 1ms
 ✓ tests/render/sup-04-widget.test.tsx > SUP-04 product-route support widget > continues one session and its messages across widget and full-page remounts in the tab 30ms
 ✓ tests/render/sup-04-widget.test.tsx > SUP-04 product-route support widget > keeps secret-like text out of the browser conversation and session storage 8ms
 ✓ tests/render/sup-04-widget.test.tsx > SUP-04 product-route support widget > preselects only the owner-page run id and sends no debate question content 9ms
stdout | tests/integration/support-shred.test.ts
[S00 DB] Testcontainers DEFERRED BY DR-121; starting real embedded PostgreSQL directly

stdout | tests/integration/support-shred.test.ts
[S00 DB embedded] The files belonging to this database system will be owned by user "vladmihaimiron".
This user must also own the server process.



stdout | tests/integration/support-shred.test.ts
[S00 DB embedded] The database cluster will be initialized with this locale configuration:
  locale provider:   libc
  LC_COLLATE:  C.UTF-8
  LC_CTYPE:    C.UTF-8
  LC_MESSAGES: en_US.UTF-8
  LC_MONETARY: C.UTF-8
  LC_NUMERIC:  C.UTF-8
  LC_TIME:     C.UTF-8


stdout | tests/integration/support-shred.test.ts
[S00 DB embedded] The default text search configuration will be set to "english".

Data page checksums are enabled.

creating directory /var/folders/h7/4hdbz7s15hjbyj6scmk_nx3r0000gn/T/debateai-s00-postgres-p9mD5T/data ... ok
creating subdirectories ... 

stdout | tests/integration/support-shred.test.ts
[S00 DB embedded] ok


stdout | tests/integration/support-shred.test.ts
[S00 DB embedded] selecting dynamic shared memory implementation ... 

stdout | tests/integration/support-shred.test.ts
[S00 DB embedded] posix
selecting default "max_connections" ... 

stdout | tests/integration/support-shred.test.ts
[S00 DB embedded] 100
selecting default "shared_buffers" ... 

stdout | tests/integration/support-shred.test.ts
[S00 DB embedded] 128MB
selecting default time zone ... 

stdout | tests/integration/support-shred.test.ts
[S00 DB embedded] Europe/Bucharest
creating configuration files ... 

stdout | tests/integration/support-shred.test.ts
[S00 DB embedded] ok
running bootstrap script ... 

stdout | tests/integration/support-shred.test.ts
[S00 DB embedded] ok


stdout | tests/integration/support-shred.test.ts
[S00 DB embedded] performing post-bootstrap initialization ... 

stdout | tests/integration/support-shred.test.ts
[S00 DB embedded] ok
syncing data to disk ... 

stdout | tests/integration/support-shred.test.ts
[S00 DB embedded] ok

Success. You can now start the database server using:

    '/Users/vladmihaimiron/Documents/DebateAIRO/dialectical-engine/.worktrees/support-conversation-cp1/dialectical-engine/node_modules/.pnpm/@embedded-postgres+darwin-arm64@18.4.0-beta.17/node_modules/@embedded-postgres/darwin-arm64/native/bin/pg_ctl' -D /var/folders/h7/4hdbz7s15hjbyj6scmk_nx3r0000gn/T/debateai-s00-postgres-p9mD5T/data -l logfile start



stdout | tests/integration/support-shred.test.ts
[S00 DB embedded] 2026-09-17 13:03:32.085 EEST [21577] LOG:  starting PostgreSQL 18.4 on x86_64-apple-darwin24.6.0, compiled by Apple clang version 17.0.0 (clang-1700.6.3.2), 64-bit


stdout | tests/integration/support-shred.test.ts
[S00 DB embedded] 2026-09-17 13:03:32.087 EEST [21577] LOG:  listening on IPv4 address "127.0.0.1", port 50684


stdout | tests/integration/support-shred.test.ts
[S00 DB embedded] 2026-09-17 13:03:32.087 EEST [21577] LOG:  listening on IPv6 address "::1", port 50684


stdout | tests/integration/support-shred.test.ts
[S00 DB embedded] 2026-09-17 13:03:32.087 EEST [21577] LOG:  listening on Unix socket "/tmp/.s.PGSQL.50684"


stdout | tests/integration/support-shred.test.ts
[S00 DB embedded] 2026-09-17 13:03:32.091 EEST [21583] LOG:  database system was shut down at 2026-09-17 13:03:32 EEST


stdout | tests/integration/support-shred.test.ts
[S00 DB embedded] 2026-09-17 13:03:32.093 EEST [21577] LOG:  database system is ready to accept connections


stdout | tests/integration/support-shred.test.ts
[S00 DB embedded] 2026-09-17 13:03:32.382 EEST [21588] WARNING:  there is already a transaction in progress


stdout | tests/integration/support-shred.test.ts
[S00 DB embedded] 2026-09-17 13:03:32.753 EEST [21588] WARNING:  there is no transaction in progress


stdout | tests/integration/support-shred.test.ts > SUP-07 support key schema and transaction-bound integrity > permits a complete key pair but atomically rejects a missing key
[S00 DB embedded] 2026-09-17 13:03:32.769 EEST [21588] ERROR:  SUPPORT_SHRED_INTEGRITY_INVALID
2026-09-17 13:03:32.769 EEST [21588] CONTEXT:  PL/pgSQL function support.assert_shred_integrity() line 116 at RAISE
2026-09-17 13:03:32.769 EEST [21588] STATEMENT:  COMMIT


stdout | tests/integration/support-shred.test.ts > SUP-07 support key schema and transaction-bound integrity > permits a complete key pair but atomically rejects a missing key
[S00 DB embedded] 2026-09-17 13:03:32.770 EEST [21588] WARNING:  there is no transaction in progress


stdout | tests/integration/support-shred.test.ts > SUP-07 support key schema and transaction-bound integrity > commits a coherent anonymous shred and rejects split destruction without audit
[S00 DB embedded] 2026-09-17 13:03:32.775 EEST [21588] ERROR:  SUPPORT_SHRED_INTEGRITY_INVALID
2026-09-17 13:03:32.775 EEST [21588] CONTEXT:  PL/pgSQL function support.assert_shred_integrity() line 116 at RAISE
2026-09-17 13:03:32.775 EEST [21588] STATEMENT:  COMMIT


stdout | tests/integration/support-shred.test.ts > SUP-07 support key schema and transaction-bound integrity > commits a coherent anonymous shred and rejects split destruction without audit
[S00 DB embedded] 2026-09-17 13:03:32.775 EEST [21588] WARNING:  there is no transaction in progress


stdout | tests/integration/support-shred.test.ts > SUP-07 support key schema and transaction-bound integrity > revalidates every dirty generation after an early constraint flush
[S00 DB embedded] 2026-09-17 13:03:32.778 EEST [21588] ERROR:  SUPPORT_SHRED_INTEGRITY_INVALID
2026-09-17 13:03:32.778 EEST [21588] CONTEXT:  PL/pgSQL function support.assert_shred_integrity() line 116 at RAISE
2026-09-17 13:03:32.778 EEST [21588] STATEMENT:  SET CONSTRAINTS support.support_shred_integrity_guard_trigger IMMEDIATE


stdout | tests/integration/support-shred.test.ts > SUP-07 support key schema and transaction-bound integrity > serializes owner shreds against new signed sessions at every isolation level
[S00 DB embedded] 2026-09-17 13:03:32.826 EEST [21596] ERROR:  SUPPORT_SHRED_INTEGRITY_INVALID
2026-09-17 13:03:32.826 EEST [21596] CONTEXT:  PL/pgSQL function support.assert_shred_integrity() line 116 at RAISE
2026-09-17 13:03:32.826 EEST [21596] STATEMENT:  COMMIT


stdout | tests/integration/support-shred.test.ts > SUP-07 support key schema and transaction-bound integrity > serializes owner shreds against new signed sessions at every isolation level
[S00 DB embedded] 2026-09-17 13:03:32.827 EEST [21596] WARNING:  there is no transaction in progress


stdout | tests/integration/support-shred.test.ts > SUP-07 support key schema and transaction-bound integrity > serializes owner shreds against new signed sessions at every isolation level
[S00 DB embedded] 2026-09-17 13:03:32.827 EEST [21588] WARNING:  there is no transaction in progress
2026-09-17 13:03:32.827 EEST [21596] WARNING:  there is no transaction in progress


stdout | tests/integration/support-shred.test.ts > SUP-07 support key schema and transaction-bound integrity > serializes owner shreds against new signed sessions at every isolation level
[S00 DB embedded] 2026-09-17 13:03:32.852 EEST [21596] ERROR:  SUPPORT_SHRED_INTEGRITY_INVALID
2026-09-17 13:03:32.852 EEST [21596] CONTEXT:  PL/pgSQL function support.assert_shred_integrity() line 116 at RAISE
2026-09-17 13:03:32.852 EEST [21596] STATEMENT:  COMMIT


stdout | tests/integration/support-shred.test.ts > SUP-07 support key schema and transaction-bound integrity > serializes owner shreds against new signed sessions at every isolation level
[S00 DB embedded] 2026-09-17 13:03:32.853 EEST [21596] WARNING:  there is no transaction in progress


stdout | tests/integration/support-shred.test.ts > SUP-07 support key schema and transaction-bound integrity > serializes owner shreds against new signed sessions at every isolation level
[S00 DB embedded] 2026-09-17 13:03:32.853 EEST [21596] WARNING:  there is no transaction in progress
2026-09-17 13:03:32.853 EEST [21588] WARNING:  there is no transaction in progress


stdout | tests/integration/support-shred.test.ts > SUP-07 support key schema and transaction-bound integrity > serializes owner shreds against new signed sessions at every isolation level
[S00 DB embedded] 2026-09-17 13:03:32.877 EEST [21596] ERROR:  SUPPORT_SHRED_INTEGRITY_INVALID
2026-09-17 13:03:32.877 EEST [21596] CONTEXT:  PL/pgSQL function support.assert_shred_integrity() line 116 at RAISE
2026-09-17 13:03:32.877 EEST [21596] STATEMENT:  COMMIT


stdout | tests/integration/support-shred.test.ts > SUP-07 support key schema and transaction-bound integrity > serializes owner shreds against new signed sessions at every isolation level
[S00 DB embedded] 2026-09-17 13:03:32.877 EEST [21596] WARNING:  there is no transaction in progress


stdout | tests/integration/support-shred.test.ts > SUP-07 support key schema and transaction-bound integrity > serializes owner shreds against new signed sessions at every isolation level
[S00 DB embedded] 2026-09-17 13:03:32.878 EEST [21588] WARNING:  there is no transaction in progress
2026-09-17 13:03:32.878 EEST [21596] WARNING:  there is no transaction in progress


stdout | tests/integration/support-shred.test.ts > SUP-07 support key schema and transaction-bound integrity > serializes owner shreds against new signed sessions at every isolation level
[S00 DB embedded] 2026-09-17 13:03:32.901 EEST [21596] ERROR:  SUPPORT_SHRED_INTEGRITY_INVALID
2026-09-17 13:03:32.901 EEST [21596] CONTEXT:  PL/pgSQL function support.assert_shred_integrity() line 116 at RAISE
2026-09-17 13:03:32.901 EEST [21596] STATEMENT:  COMMIT


stdout | tests/integration/support-shred.test.ts > SUP-07 support key schema and transaction-bound integrity > serializes owner shreds against new signed sessions at every isolation level
[S00 DB embedded] 2026-09-17 13:03:32.902 EEST [21596] WARNING:  there is no transaction in progress


stdout | tests/integration/support-shred.test.ts > SUP-07 support key schema and transaction-bound integrity > serializes owner shreds against new signed sessions at every isolation level
[S00 DB embedded] 2026-09-17 13:03:32.902 EEST [21596] WARNING:  there is no transaction in progress


stdout | tests/integration/support-shred.test.ts > SUP-07 support key schema and transaction-bound integrity > serializes owner shreds against new signed sessions at every isolation level
[S00 DB embedded] 2026-09-17 13:03:32.902 EEST [21588] WARNING:  there is no transaction in progress


stdout | tests/integration/support-shred.test.ts > SUP-07 support key schema and transaction-bound integrity > serializes owner shreds against new signed sessions at every isolation level
[S00 DB embedded] 2026-09-17 13:03:32.925 EEST [21596] ERROR:  SUPPORT_SHRED_INTEGRITY_INVALID
2026-09-17 13:03:32.925 EEST [21596] CONTEXT:  PL/pgSQL function support.assert_shred_integrity() line 116 at RAISE
2026-09-17 13:03:32.925 EEST [21596] STATEMENT:  COMMIT


stdout | tests/integration/support-shred.test.ts > SUP-07 support key schema and transaction-bound integrity > serializes owner shreds against new signed sessions at every isolation level
[S00 DB embedded] 2026-09-17 13:03:32.925 EEST [21596] WARNING:  there is no transaction in progress


stdout | tests/integration/support-shred.test.ts > SUP-07 support key schema and transaction-bound integrity > serializes owner shreds against new signed sessions at every isolation level
[S00 DB embedded] 2026-09-17 13:03:32.925 EEST [21588] WARNING:  there is no transaction in progress


stdout | tests/integration/support-shred.test.ts > SUP-07 support key schema and transaction-bound integrity > serializes owner shreds against new signed sessions at every isolation level
[S00 DB embedded] 2026-09-17 13:03:32.925 EEST [21596] WARNING:  there is no transaction in progress


stdout | tests/integration/support-shred.test.ts > SUP-07 support key schema and transaction-bound integrity > serializes owner shreds against new signed sessions at every isolation level
[S00 DB embedded] 2026-09-17 13:03:32.948 EEST [21596] ERROR:  SUPPORT_SHRED_INTEGRITY_INVALID
2026-09-17 13:03:32.948 EEST [21596] CONTEXT:  PL/pgSQL function support.assert_shred_integrity() line 116 at RAISE
2026-09-17 13:03:32.948 EEST [21596] STATEMENT:  COMMIT


stdout | tests/integration/support-shred.test.ts > SUP-07 support key schema and transaction-bound integrity > serializes owner shreds against new signed sessions at every isolation level
[S00 DB embedded] 2026-09-17 13:03:32.949 EEST [21596] WARNING:  there is no transaction in progress


stdout | tests/integration/support-shred.test.ts > SUP-07 support key schema and transaction-bound integrity > serializes owner shreds against new signed sessions at every isolation level
[S00 DB embedded] 2026-09-17 13:03:32.949 EEST [21596] WARNING:  there is no transaction in progress


stdout | tests/integration/support-shred.test.ts > SUP-07 support key schema and transaction-bound integrity > serializes owner shreds against new signed sessions at every isolation level
[S00 DB embedded] 2026-09-17 13:03:32.949 EEST [21588] WARNING:  there is no transaction in progress


 ✓ tests/integration/support-shred.test.ts > SUP-07 support key schema and transaction-bound integrity > creates the exact sixteen application relations plus one inaccessible guard 4ms
 ✓ tests/integration/support-shred.test.ts > SUP-07 support key schema and transaction-bound integrity > pins the literal table and column privilege matrix 2ms
 ✓ tests/integration/support-shred.test.ts > SUP-07 support key schema and transaction-bound integrity > installs five statement markers and one deferred guard-only constraint trigger 2ms
 ✓ tests/integration/support-shred.test.ts > SUP-07 support key schema and transaction-bound integrity > permits a complete key pair but atomically rejects a missing key 9ms
 ✓ tests/integration/support-shred.test.ts > SUP-07 support key schema and transaction-bound integrity > commits a coherent anonymous shred and rejects split destruction without audit 5ms
 ✓ tests/integration/support-shred.test.ts > SUP-07 support key schema and transaction-bound integrity > revalidates every dirty generation after an early constraint flush 3ms
 ✓ tests/integration/support-shred.test.ts > SUP-07 support key schema and transaction-bound integrity > serializes owner shreds against new signed sessions at every isolation level 171ms
stdout | tests/integration/support-shred.test.ts > SUP-07 support key schema and transaction-bound integrity > runs one scan per dirty generation including a later valid generation
[S00 DB embedded] 2026-09-17 13:03:32.954 EEST [21588] WARNING:  there is no transaction in progress


stdout | tests/integration/support-shred.test.ts > SUP-07 support key schema and transaction-bound integrity > uses total database-native owner/session lock domains across 10,000 UUIDs
[S00 DB embedded] 2026-09-17 13:03:32.991 EEST [21588] WARNING:  there is no transaction in progress


stdout | tests/integration/support-shred.test.ts > SUP-07 support key schema and transaction-bound integrity > replays after 0055 is already recorded and rejects hostile catalog lookalikes
[S00 DB embedded] 2026-09-17 13:03:33.038 EEST [21588] ERROR:  SUPPORT_SHRED_DEFINITION_DRIFT: columns
2026-09-17 13:03:33.038 EEST [21588] CONTEXT:  PL/pgSQL function inline_code_block line 58 at RAISE
2026-09-17 13:03:33.038 EEST [21588] STATEMENT:  -- SUP-07: independently wrapped support keys, irreversible tombstones, and
	-- transaction-bound global shred integrity.
	
	SELECT pg_catalog.pg_advisory_xact_lock(
	  pg_catalog.hashtextextended('debateai:support-shred-integrity:v1', 0)
	);
	
	-- Forward repair for catalogs where the historical 0050 bytes were already
	-- ledgered before SUP-06 added message telemetry and the complete abuse shape.
	ALTER TABLE support.message
	  ADD COLUMN IF NOT EXISTS model_called boolean NOT NULL DEFAULT false,
	  ADD COLUMN IF NOT EXISTS input_tokens bigint CHECK (input_tokens >= 0),
	  ADD COLUMN IF NOT EXISTS output_tokens bigint CHECK (output_tokens >= 0),
	  ADD COLUMN IF NOT EXISTS cost_usd numeric(18,6) CHECK (cost_usd >= 0),
	  ADD COLUMN IF NOT EXISTS degraded_reason text CHECK (degraded_reason IN ('relay','cap'));
	
	ALTER TABLE support.abuse_event
	  DROP CONSTRAINT IF EXISTS abuse_event_class_check,
	  DROP CONSTRAINT IF EXISTS support_abuse_event_class_ck;
	ALTER TABLE support.abuse_event
	  ADD CONSTRAINT support_abuse_event_class_ck CHECK (class IN (
	    'INJECTION','RATE_LIMIT','LOCK','IP_COOLDOWN','BOUNDARY_DENY','SECRET_LIKE'
	  ));
	
	CREATE INDEX IF NOT EXISTS support_abuse_event_session_class_idx
	  ON support.abuse_event(session_id,class);
	CREATE INDEX IF NOT EXISTS support_abuse_event_ip_class_at_idx
	  ON support.abuse_event(ip_sha256,class,at DESC);
	
	ALTER TABLE support."case"
	  ADD COLUMN IF NOT EXISTS trigger_generation text;
	DO $support_case_trigger_generation_constraint$
	BEGIN
	  IF NOT EXISTS (
	    SELECT 1 FROM pg_catalog.pg_constraint
	    WHERE conrelid='support."case"'::regclass
	      AND conname='support_case_trigger_generation_ck'
	  ) THEN
	    ALTER TABLE support."case" ADD CONSTRAINT support_case_trigger_generation_ck
	      CHECK (trigger_generation IS NULL OR (
	        pg_catalog.length(trigger_generation) BETWEEN 1 AND 128
	        AND trigger_generation !~ '[[:cntrl:]]'
	      ));
	  END IF;
	END
	$support_case_trigger_generation_constraint$;
	CREATE UNIQUE INDEX IF NOT EXISTS support_case_trigger_generation_unique
	  ON support."case"(session_id,trigger_predicate,trigger_generation)
	  WHERE trigger_generation IS NOT NULL;
	
	ALTER TABLE support.case_message
	  ADD COLUMN IF NOT EXISTS redacted boolean NOT NULL DEFAULT false;
	
	-- Append-only model-call reservations make the daily cap durable while
	-- session-scoped advisory locks make concurrency shared across API processes.
	CREATE TABLE IF NOT EXISTS support.relay_call (
	  call_id uuid NOT NULL,
	  utc_day date NOT NULL,
	  acquired_at timestamptz NOT NULL,
	  CONSTRAINT support_relay_call_pkey PRIMARY KEY (call_id),
	  CONSTRAINT support_relay_call_utc_day_ck CHECK (
	    utc_day = (pg_catalog.timezone('UTC',acquired_at))::date
	  )
	);
	CREATE INDEX IF NOT EXISTS support_relay_call_utc_day_idx
	  ON support.relay_call(utc_day);
	
	-- Cross-process queue order is an append-only ticket/event ledger. Expired
	-- WAITING leases are ignored, so a process restart cannot strand the head.
	CREATE TABLE IF NOT EXISTS support.relay_waiter (
	  ticket bigint GENERATED ALWAYS AS IDENTITY,
	  waiter_id uuid NOT NULL,
	  enqueued_at timestamptz NOT NULL,
	  CONSTRAINT support_relay_waiter_pkey PRIMARY KEY (ticket),
	  CONSTRAINT support_relay_waiter_id_unique UNIQUE (waiter_id)
	);
	CREATE TABLE IF NOT EXISTS support.relay_waiter_event (
	  event_sequence bigint GENERATED ALWAYS AS IDENTITY,
	  waiter_id uuid NOT NULL REFERENCES support.relay_waiter(waiter_id),
	  state text NOT NULL,
	  at timestamptz NOT NULL,
	  lease_until timestamptz,
	  CONSTRAINT support_relay_waiter_event_pkey PRIMARY KEY (event_sequence),
	  CONSTRAINT support_relay_waiter_event_state_ck CHECK (
	    state IN ('WAITING','ACQUIRED','COMPLETED','CANCELLED','DAILY_CAP')
	  ),
	  CONSTRAINT support_relay_waiter_event_lease_ck CHECK (
	    (state='WAITING' AND lease_until IS NOT NULL AND lease_until > at)
	    OR (state<>'WAITING' AND lease_until IS NULL)
	  )
	);
	CREATE INDEX IF NOT EXISTS support_relay_waiter_event_latest_idx
	  ON support.relay_waiter_event(waiter_id,event_sequence DESC);
	
	-- Admission observations contain only opaque identifiers/hashes and make
	-- ordinary rate windows durable across processes and restarts.
	CREATE TABLE IF NOT EXISTS support.admission_event (
	  admission_event_id uuid NOT NULL,
	  scope_kind text NOT NULL,
	  session_id uuid,
	  identity_owner_ref uuid,
	  ip_sha256 character(64) NOT NULL,
	  at timestamptz NOT NULL,
	  CONSTRAINT support_admission_event_pkey PRIMARY KEY (admission_event_id),
	  CONSTRAINT support_admission_event_scope_ck CHECK (
	    (scope_kind='SESSION' AND session_id IS NULL AND identity_owner_ref IS NULL)
	    OR (scope_kind='MESSAGE' AND session_id IS NOT NULL)
	  ),
	  CONSTRAINT support_admission_event_ip_ck CHECK (ip_sha256 ~ '^[0-9a-f]{64}$')
	);
	CREATE INDEX IF NOT EXISTS support_admission_event_ip_kind_at_idx
	  ON support.admission_event(ip_sha256,scope_kind,at DESC);
	CREATE INDEX IF NOT EXISTS support_admission_event_owner_kind_at_idx
	  ON support.admission_event(identity_owner_ref,scope_kind,at DESC)
	  WHERE identity_owner_ref IS NOT NULL;
	CREATE INDEX IF NOT EXISTS support_admission_event_session_kind_idx
	  ON support.admission_event(session_id,scope_kind)
	  WHERE session_id IS NOT NULL;
	
	-- Semantic content envelopes are v2. These owner-installed triggers reject new
	-- v1 content without invalidating or rewriting historical v1 ciphertext rows.
	CREATE OR REPLACE FUNCTION support.enforce_message_content_v2()
	RETURNS trigger
	LANGUAGE plpgsql
	SET search_path = pg_catalog, pg_temp
	AS $support_enforce_message_content_v2$
	BEGIN
	  IF pg_catalog.octet_length(NEW.content_ciphertext) < 29
	    OR pg_catalog.get_byte(NEW.content_ciphertext,0) <> 2 THEN
	    RAISE EXCEPTION 'SUPPORT_CONTENT_V2_REQUIRED';
	  END IF;
	  RETURN NEW;
	END
	$support_enforce_message_content_v2$;
	
	CREATE OR REPLACE FUNCTION support.enforce_case_message_content_v2()
	RETURNS trigger
	LANGUAGE plpgsql
	SET search_path = pg_catalog, pg_temp
	AS $support_enforce_case_message_content_v2$
	BEGIN
	  IF pg_catalog.octet_length(NEW.content_ciphertext) < 29
	    OR pg_catalog.get_byte(NEW.content_ciphertext,0) <> 2 THEN
	    RAISE EXCEPTION 'SUPPORT_CONTENT_V2_REQUIRED';
	  END IF;
	  RETURN NEW;
	END
	$support_enforce_case_message_content_v2$;
	
	CREATE OR REPLACE FUNCTION support.enforce_case_content_v2()
	RETURNS trigger
	LANGUAGE plpgsql
	SET search_path = pg_catalog, pg_temp
	AS $support_enforce_case_content_v2$
	BEGIN
	  IF (TG_OP = 'INSERT' OR TG_ARGV[0] = 'snapshot') AND (
	      pg_catalog.octet_length(NEW.transcript_snapshot_ciphertext) < 29
	      OR pg_catalog.get_byte(NEW.transcript_snapshot_ciphertext,0) <> 2
	    ) THEN
	    RAISE EXCEPTION 'SUPPORT_CONTENT_V2_REQUIRED';
	  END IF;
	  IF (TG_OP = 'INSERT' OR TG_ARGV[0] = 'summary') AND NEW.summary_ciphertext IS NOT NULL AND (
	      pg_catalog.octet_length(NEW.summary_ciphertext) < 29
	      OR pg_catalog.get_byte(NEW.summary_ciphertext,0) <> 2
	    ) THEN
	    RAISE EXCEPTION 'SUPPORT_CONTENT_V2_REQUIRED';
	  END IF;
	  RETURN NEW;
	END
	$support_enforce_case_content_v2$;
	
	REVOKE ALL ON FUNCTION support.enforce_message_content_v2() FROM PUBLIC;
	REVOKE ALL ON FUNCTION support.enforce_case_message_content_v2() FROM PUBLIC;
	REVOKE ALL ON FUNCTION support.enforce_case_content_v2() FROM PUBLIC;
	
	DO $support_content_v2_triggers$
	BEGIN
	  IF NOT EXISTS (SELECT 1 FROM pg_catalog.pg_trigger
	    WHERE tgrelid='support.message'::regclass AND tgname='support_message_content_v2_insert') THEN
	    CREATE TRIGGER support_message_content_v2_insert
	      BEFORE INSERT ON support.message FOR EACH ROW
	      EXECUTE FUNCTION support.enforce_message_content_v2();
	  END IF;
	  IF NOT EXISTS (SELECT 1 FROM pg_catalog.pg_trigger
	    WHERE tgrelid='support.message'::regclass AND tgname='support_message_content_v2_update') THEN
	    CREATE TRIGGER support_message_content_v2_update
	      BEFORE UPDATE OF content_ciphertext ON support.message FOR EACH ROW
	      EXECUTE FUNCTION support.enforce_message_content_v2();
	  END IF;
	  IF NOT EXISTS (SELECT 1 FROM pg_catalog.pg_trigger
	    WHERE tgrelid='support.case_message'::regclass AND tgname='support_case_message_content_v2_insert') THEN
	    CREATE TRIGGER support_case_message_content_v2_insert
	      BEFORE INSERT ON support.case_message FOR EACH ROW
	      EXECUTE FUNCTION support.enforce_case_message_content_v2();
	  END IF;
	  IF NOT EXISTS (SELECT 1 FROM pg_catalog.pg_trigger
	    WHERE tgrelid='support.case_message'::regclass AND tgname='support_case_message_content_v2_update') THEN
	    CREATE TRIGGER support_case_message_content_v2_update
	      BEFORE UPDATE OF content_ciphertext ON support.case_message FOR EACH ROW
	      EXECUTE FUNCTION support.enforce_case_message_content_v2();
	  END IF;
	  IF NOT EXISTS (SELECT 1 FROM pg_catalog.pg_trigger
	    WHERE tgrelid='support."case"'::regclass AND tgname='support_case_snapshot_v2_insert') THEN
	    CREATE TRIGGER support_case_snapshot_v2_insert
	      BEFORE INSERT ON support."case" FOR EACH ROW
	      EXECUTE FUNCTION support.enforce_case_content_v2('snapshot');
	  END IF;
	  IF NOT EXISTS (SELECT 1 FROM pg_catalog.pg_trigger
	    WHERE tgrelid='support."case"'::regclass AND tgname='support_case_snapshot_v2_update') THEN
	    CREATE TRIGGER support_case_snapshot_v2_update
	      BEFORE UPDATE OF transcript_snapshot_ciphertext ON support."case" FOR EACH ROW
	      EXECUTE FUNCTION support.enforce_case_content_v2('snapshot');
	  END IF;
	  IF NOT EXISTS (SELECT 1 FROM pg_catalog.pg_trigger
	    WHERE tgrelid='support."case"'::regclass AND tgname='support_case_summary_v2_update') THEN
	    CREATE TRIGGER support_case_summary_v2_update
	      BEFORE UPDATE OF summary_ciphertext ON support."case" FOR EACH ROW
	      EXECUTE FUNCTION support.enforce_case_content_v2('summary');
	  END IF;
	END
	$support_content_v2_triggers$;
	
	ALTER TABLE support.session_key
	  ADD COLUMN IF NOT EXISTS destroyed_at timestamptz;
	ALTER TABLE support.session
	  ADD COLUMN IF NOT EXISTS shredded_at timestamptz;
	ALTER TABLE support."case"
	  ADD COLUMN IF NOT EXISTS shredded_at timestamptz;
	
	CREATE TABLE IF NOT EXISTS support.case_key (
	  case_id uuid NOT NULL,
	  wrapped_key bytea NOT NULL,
	  created_at timestamptz NOT NULL,
	  destroyed_at timestamptz,
	  CONSTRAINT support_case_key_pkey PRIMARY KEY (case_id),
	  CONSTRAINT support_case_key_case_fk FOREIGN KEY (case_id)
	    REFERENCES support."case" (case_id),
	  CONSTRAINT support_case_key_destroyed_at_ck CHECK (
	    destroyed_at IS NULL OR destroyed_at >= created_at
	  ),
	  CONSTRAINT support_case_key_envelope_ck CHECK (
	    pg_catalog.octet_length(wrapped_key) = 61
	    AND (
	      (destroyed_at IS NULL AND pg_catalog.get_byte(wrapped_key, 0) = 1)
	      OR (destroyed_at IS NOT NULL
	        AND wrapped_key = pg_catalog.decode(pg_catalog.repeat('00', 61), 'hex'))
	    )
	  )
	);
	
	CREATE TABLE IF NOT EXISTS support.shred_audit (
	  at timestamptz NOT NULL,
	  os_user text NOT NULL,
	  target_kind text NOT NULL,
	  target_ref text NOT NULL,
	  keys_destroyed integer NOT NULL,
	  CONSTRAINT support_shred_audit_target_unique UNIQUE (target_kind, target_ref),
	  CONSTRAINT support_shred_audit_target_kind_ck CHECK (
	    target_kind IN ('owner', 'session')
	  ),
	  CONSTRAINT support_shred_audit_keys_destroyed_ck CHECK (keys_destroyed > 0),
	  CONSTRAINT support_shred_audit_os_user_ck CHECK (
	    pg_catalog.length(os_user) BETWEEN 1 AND 128
	    AND os_user !~ '[[:cntrl:]]'
	  ),
	  CONSTRAINT support_shred_audit_target_ref_ck CHECK (
	    target_ref ~ '^[0-9a-f]{8}-[0-9a-f]{4}-[1-5][0-9a-f]{3}-[89ab][0-9a-f]{3}-[0-9a-f]{12}$'
	  )
	);
	
	CREATE TABLE IF NOT EXISTS support._shred_integrity_guard (
	  singleton boolean NOT NULL DEFAULT true,
	  mutation_generation bigint NOT NULL,
	  validated_generation bigint NOT NULL,
	  last_mutation_xid xid8,
	  last_validation_xid xid8,
	  CONSTRAINT support_shred_integrity_guard_pkey PRIMARY KEY (singleton),
	  CONSTRAINT support_shred_integrity_guard_singleton_ck CHECK (singleton),
	  CONSTRAINT support_shred_integrity_guard_mutation_generation_ck CHECK (
	    mutation_generation >= 0
	  ),
	  CONSTRAINT support_shred_integrity_guard_validated_generation_ck CHECK (
	    validated_generation >= 0 AND validated_generation <= mutation_generation
	  )
	);
	
	INSERT INTO support._shred_integrity_guard(
	  singleton,mutation_generation,validated_generation,
	  last_mutation_xid,last_validation_xid
	)
	VALUES (true,0,0,NULL,NULL)
	ON CONFLICT (singleton) DO NOTHING;
	
	DO $support_shred_constraints_install$
	BEGIN
	  IF NOT EXISTS (
	    SELECT 1 FROM pg_catalog.pg_constraint
	    WHERE conrelid='support.session_key'::regclass
	      AND conname='support_session_key_destroyed_at_ck'
	  ) THEN
	    ALTER TABLE support.session_key
	      ADD CONSTRAINT support_session_key_destroyed_at_ck CHECK (
	        destroyed_at IS NULL OR destroyed_at >= created_at
	      );
	  END IF;
	  IF NOT EXISTS (
	    SELECT 1 FROM pg_catalog.pg_constraint
	    WHERE conrelid='support.session_key'::regclass
	      AND conname='support_session_key_envelope_ck'
	  ) THEN
	    ALTER TABLE support.session_key
	      ADD CONSTRAINT support_session_key_envelope_ck CHECK (
	        pg_catalog.octet_length(wrapped_key) = 61
	        AND (
	          (destroyed_at IS NULL AND pg_catalog.get_byte(wrapped_key,0) = 1)
	          OR (destroyed_at IS NOT NULL
	            AND wrapped_key=pg_catalog.decode(pg_catalog.repeat('00',61),'hex'))
	        )
	      );
	  END IF;
	  IF NOT EXISTS (
	    SELECT 1 FROM pg_catalog.pg_constraint
	    WHERE conrelid='support.session'::regclass
	      AND conname='support_session_shredded_at_ck'
	  ) THEN
	    ALTER TABLE support.session
	      ADD CONSTRAINT support_session_shredded_at_ck CHECK (
	        shredded_at IS NULL OR shredded_at >= created_at
	      );
	  END IF;
	  IF NOT EXISTS (
	    SELECT 1 FROM pg_catalog.pg_constraint
	    WHERE conrelid='support."case"'::regclass
	      AND conname='support_case_shredded_at_ck'
	  ) THEN
	    ALTER TABLE support."case"
	      ADD CONSTRAINT support_case_shredded_at_ck CHECK (
	        shredded_at IS NULL OR shredded_at >= created_at
	      );
	  END IF;
	END
	$support_shred_constraints_install$;
	
	DO $support_shred_columns_contract$
	DECLARE
	  v_count integer;
	BEGIN
	  SELECT pg_catalog.count(*) INTO v_count
	  FROM information_schema.columns
	  WHERE table_schema='support' AND (
	    (table_name='session_key' AND column_name='destroyed_at'
	      AND data_type='timestamp with time zone' AND is_nullable='YES')
	    OR (table_name='session' AND column_name='shredded_at'
	      AND data_type='timestamp with time zone' AND is_nullable='YES')
	    OR (table_name='case' AND column_name='shredded_at'
	      AND data_type='timestamp with time zone' AND is_nullable='YES')
	    OR (table_name='case_key' AND column_name='case_id'
	      AND data_type='uuid' AND is_nullable='NO')
	    OR (table_name='case_key' AND column_name='wrapped_key'
	      AND data_type='bytea' AND is_nullable='NO')
	    OR (table_name='case_key' AND column_name='created_at'
	      AND data_type='timestamp with time zone' AND is_nullable='NO')
	    OR (table_name='case_key' AND column_name='destroyed_at'
	      AND data_type='timestamp with time zone' AND is_nullable='YES')
	    OR (table_name='shred_audit' AND column_name='at'
	      AND data_type='timestamp with time zone' AND is_nullable='NO')
	    OR (table_name='shred_audit' AND column_name='os_user'
	      AND data_type='text' AND is_nullable='NO')
	    OR (table_name='shred_audit' AND column_name='target_kind'
	      AND data_type='text' AND is_nullable='NO')
	    OR (table_name='shred_audit' AND column_name='target_ref'
	      AND data_type='text' AND is_nullable='NO')
	    OR (table_name='shred_audit' AND column_name='keys_destroyed'
	      AND data_type='integer' AND is_nullable='NO')
	    OR (table_name='_shred_integrity_guard' AND column_name='singleton'
	      AND data_type='boolean' AND is_nullable='NO' AND column_default='true')
	    OR (table_name='_shred_integrity_guard' AND column_name IN (
	        'mutation_generation','validated_generation'
	      ) AND data_type='bigint' AND is_nullable='NO')
	    OR (table_name='_shred_integrity_guard' AND column_name IN (
	        'last_mutation_xid','last_validation_xid'
	      ) AND data_type='xid8' AND is_nullable='YES')
	  );
	  IF v_count <> 17 OR EXISTS (
	    SELECT 1 FROM information_schema.columns
	    WHERE table_schema='support'
	      AND table_name IN ('case_key','shred_audit','_shred_integrity_guard')
	      AND NOT (
	        (table_name='case_key' AND column_name IN (
	          'case_id','wrapped_key','created_at','destroyed_at'
	        ))
	        OR (table_name='shred_audit' AND column_name IN (
	          'at','os_user','target_kind','target_ref','keys_destroyed'
	        ))
	        OR (table_name='_shred_integrity_guard' AND column_name IN (
	          'singleton','mutation_generation','validated_generation',
	          'last_mutation_xid','last_validation_xid'
	        ))
	      )
	  ) THEN
	    RAISE EXCEPTION 'SUPPORT_SHRED_DEFINITION_DRIFT: columns';
	  END IF;
	END
	$support_shred_columns_contract$;
	
	DO $support_shred_constraints_contract$
	DECLARE
	  v_fk record;
	  v_session_key_destroyed text;
	  v_session_key_envelope text;
	  v_session_shredded text;
	  v_case_shredded text;
	  v_case_key_destroyed text;
	  v_case_key_envelope text;
	BEGIN
	  SELECT * INTO v_fk FROM pg_catalog.pg_constraint
	  WHERE conrelid='support.case_key'::regclass
	    AND conname='support_case_key_case_fk';
	  SELECT pg_catalog.pg_get_constraintdef(oid,true) INTO v_session_key_destroyed
	  FROM pg_catalog.pg_constraint WHERE conrelid='support.session_key'::regclass
	    AND conname='support_session_key_destroyed_at_ck';
	  SELECT pg_catalog.pg_get_constraintdef(oid,true) INTO v_session_key_envelope
	  FROM pg_catalog.pg_constraint WHERE conrelid='support.session_key'::regclass
	    AND conname='support_session_key_envelope_ck';
	  SELECT pg_catalog.pg_get_constraintdef(oid,true) INTO v_session_shredded
	  FROM pg_catalog.pg_constraint WHERE conrelid='support.session'::regclass
	    AND conname='support_session_shredded_at_ck';
	  SELECT pg_catalog.pg_get_constraintdef(oid,true) INTO v_case_shredded
	  FROM pg_catalog.pg_constraint WHERE conrelid='support."case"'::regclass
	    AND conname='support_case_shredded_at_ck';
	  SELECT pg_catalog.pg_get_constraintdef(oid,true) INTO v_case_key_destroyed
	  FROM pg_catalog.pg_constraint WHERE conrelid='support.case_key'::regclass
	    AND conname='support_case_key_destroyed_at_ck';
	  SELECT pg_catalog.pg_get_constraintdef(oid,true) INTO v_case_key_envelope
	  FROM pg_catalog.pg_constraint WHERE conrelid='support.case_key'::regclass
	    AND conname='support_case_key_envelope_ck';
	
	  IF v_fk.oid IS NULL OR v_fk.contype<>'f' OR NOT v_fk.convalidated
	      OR v_fk.condeferrable OR v_fk.condeferred
	      OR v_fk.confdeltype<>'a' OR v_fk.confupdtype<>'a'
	      OR v_fk.confmatchtype<>'s'
	      OR v_fk.conrelid<>'support.case_key'::regclass
	      OR v_fk.confrelid<>'support."case"'::regclass
	      OR v_fk.conkey<>ARRAY[(SELECT attnum FROM pg_catalog.pg_attribute
	        WHERE attrelid='support.case_key'::regclass AND attname='case_id')]::smallint[]
	      OR v_fk.confkey<>ARRAY[(SELECT attnum FROM pg_catalog.pg_attribute
	        WHERE attrelid='support."case"'::regclass AND attname='case_id')]::smallint[]
	      OR (SELECT pg_catalog.count(*) FROM pg_catalog.pg_constraint
	        WHERE conrelid='support.case_key'::regclass
	          AND contype='p' AND conkey=ARRAY[(SELECT attnum FROM pg_catalog.pg_attribute
	            WHERE attrelid='support.case_key'::regclass AND attname='case_id')]::smallint[])<>1
	      OR (SELECT pg_catalog.count(*) FROM pg_catalog.pg_constraint
	        WHERE conrelid='support.shred_audit'::regclass AND contype='u'
	          AND conkey=ARRAY[
	            (SELECT attnum FROM pg_catalog.pg_attribute WHERE attrelid='support.shred_audit'::regclass AND attname='target_kind'),
	            (SELECT attnum FROM pg_catalog.pg_attribute WHERE attrelid='support.shred_audit'::regclass AND attname='target_ref')
	          ]::smallint[])<>1 THEN
	    RAISE EXCEPTION 'SUPPORT_SHRED_DEFINITION_DRIFT: constraints';
	  END IF;
	
	  IF v_session_key_destroyed IS NULL
	      OR v_session_key_destroyed NOT LIKE '%destroyed_at IS NULL%destroyed_at >= created_at%'
	      OR v_session_shredded IS NULL
	      OR v_session_shredded NOT LIKE '%shredded_at IS NULL%shredded_at >= created_at%'
	      OR v_case_shredded IS NULL
	      OR v_case_shredded NOT LIKE '%shredded_at IS NULL%shredded_at >= created_at%'
	      OR v_case_key_destroyed IS NULL
	      OR v_case_key_destroyed NOT LIKE '%destroyed_at IS NULL%destroyed_at >= created_at%'
	      OR v_session_key_envelope IS NULL
	      OR v_session_key_envelope NOT LIKE '%octet_length(wrapped_key) = 61%'
	      OR v_session_key_envelope NOT LIKE '%get_byte(wrapped_key, 0) = 1%'
	      OR v_session_key_envelope NOT LIKE '%repeat(''00''::text, 61)%'
	      OR v_case_key_envelope IS NULL
	      OR v_case_key_envelope NOT LIKE '%octet_length(wrapped_key) = 61%'
	      OR v_case_key_envelope NOT LIKE '%get_byte(wrapped_key, 0) = 1%'
	      OR v_case_key_envelope NOT LIKE '%repeat(''00''::text, 61)%'
	      OR (SELECT pg_catalog.count(*) FROM pg_catalog.pg_constraint
	        WHERE conrelid='support.shred_audit'::regclass AND contype='c')<>4
	      OR (SELECT pg_catalog.count(*) FROM pg_catalog.pg_constraint
	        WHERE conrelid='support._shred_integrity_guard'::regclass AND contype='c')<>3
	  THEN
	    RAISE EXCEPTION 'SUPPORT_SHRED_DEFINITION_DRIFT: constraints';
	  END IF;
	END
	$support_shred_constraints_contract$;
	
	DO $support_shred_owner_contract$
	DECLARE
	  v_owner oid;
	BEGIN
	  SELECT relowner INTO v_owner FROM pg_catalog.pg_class
	  WHERE oid='support.session'::regclass;
	  IF v_owner IS NULL OR v_owner='debateai_support'::regrole OR EXISTS (
	    SELECT 1 FROM pg_catalog.pg_class AS relation
	    WHERE relation.oid=ANY(ARRAY[
	      'support.session'::regclass,'support.message'::regclass,
	      'support.abuse_event'::regclass,'support."case"'::regclass,
	      'support.session_key'::regclass,'support.case_key'::regclass,
	      'support.shred_audit'::regclass,'support._shred_integrity_guard'::regclass
	    ]) AND (relation.relkind NOT IN ('r','p') OR relation.relowner<>v_owner)
	  ) THEN
	    RAISE EXCEPTION 'SUPPORT_SHRED_DEFINITION_DRIFT: owners';
	  END IF;
	END
	$support_shred_owner_contract$;
	
	DO $support_shred_function_preflight$
	DECLARE
	  v_present integer;
	  v_valid integer;
	BEGIN
	  SELECT pg_catalog.count(*),pg_catalog.count(*) FILTER (WHERE
	    procedure.prorettype='trigger'::regtype
	    AND procedure.provolatile='v'
	    AND procedure.prosecdef
	    AND NOT procedure.proisstrict
	    AND procedure.proconfig=ARRAY['search_path=pg_catalog, pg_temp']::text[]
	    AND procedure.proowner=(SELECT relowner FROM pg_catalog.pg_class
	      WHERE oid='support.session'::regclass)
	    AND pg_catalog.encode(audit_crypto_internal.digest(
	      pg_catalog.convert_to(procedure.prosrc,'UTF8'),'sha256'
	    ),'hex')=CASE procedure.proname
	      WHEN 'mark_shred_integrity_dirty'
	        THEN '538dac0a59a56771a1081636404cd2f9d6e32c0550ae465a0f8085dc02c55276'
	      WHEN 'assert_shred_integrity'
	        THEN '33ed86b5ba3aa1b98d99158a533c7347ab8ec1fce73bb8830ec901d6b6f7d44c'
	    END
	  ) INTO v_present,v_valid
	  FROM pg_catalog.pg_proc AS procedure
	  WHERE procedure.pronamespace='support'::regnamespace
	    AND procedure.proname IN (
	      'mark_shred_integrity_dirty','assert_shred_integrity'
	    ) AND procedure.pronargs=0;
	  IF v_present NOT IN (0,2) OR (v_present=2 AND v_valid<>2) THEN
	    RAISE EXCEPTION 'SUPPORT_SHRED_DEFINITION_DRIFT: functions';
	  END IF;
	END
	$support_shred_function_preflight$;
	
	CREATE OR REPLACE FUNCTION support.mark_shred_integrity_dirty()
	RETURNS trigger
	LANGUAGE plpgsql
	VOLATILE
	SECURITY DEFINER
	SET search_path = pg_catalog, pg_temp
	AS $support_shred_function$
	DECLARE
	  v_generation bigint;
	BEGIN
	  UPDATE support._shred_integrity_guard
	  SET mutation_generation=mutation_generation+1,
	      last_mutation_xid=pg_catalog.pg_current_xact_id()
	  WHERE singleton
	  RETURNING mutation_generation INTO v_generation;
	  IF NOT FOUND THEN
	    RAISE EXCEPTION 'SUPPORT_SHRED_GUARD_INVALID';
	  END IF;
	  RETURN NULL;
	END
	$support_shred_function$;
	
	CREATE OR REPLACE FUNCTION support.assert_shred_integrity()
	RETURNS trigger
	LANGUAGE plpgsql
	VOLATILE
	SECURITY DEFINER
	SET search_path = pg_catalog, pg_temp
	AS $support_shred_function$
	DECLARE
	  v_mutation_generation bigint;
	  v_validated_generation bigint;
	  v_last_mutation_xid xid8;
	  v_invalid boolean;
	  v_count integer;
	BEGIN
	  SELECT mutation_generation,validated_generation,last_mutation_xid
	  INTO v_mutation_generation,v_validated_generation,v_last_mutation_xid
	  FROM support._shred_integrity_guard
	  WHERE singleton
	  FOR UPDATE;
	  IF NOT FOUND OR v_last_mutation_xid IS DISTINCT FROM pg_catalog.pg_current_xact_id() THEN
	    RAISE EXCEPTION 'SUPPORT_SHRED_GUARD_INVALID';
	  END IF;
	  IF v_mutation_generation=v_validated_generation THEN
	    RETURN NEW;
	  END IF;
	
	  SELECT EXISTS (
	    SELECT 1 FROM support.session AS parent
	    LEFT JOIN support.session_key AS key ON key.session_id=parent.session_id
	    GROUP BY parent.session_id,parent.shredded_at
	    HAVING pg_catalog.count(key.session_id)<>1
	      OR pg_catalog.bool_or(
	        (parent.shredded_at IS NULL) IS DISTINCT FROM (key.destroyed_at IS NULL)
	      )
	    UNION ALL
	    SELECT 1 FROM support."case" AS parent
	    LEFT JOIN support.case_key AS key ON key.case_id=parent.case_id
	    GROUP BY parent.case_id,parent.shredded_at
	    HAVING pg_catalog.count(key.case_id)<>1
	      OR pg_catalog.bool_or(
	        (parent.shredded_at IS NULL) IS DISTINCT FROM (key.destroyed_at IS NULL)
	      )
	    UNION ALL
	    SELECT 1 FROM support."case" AS child
	    JOIN support.session AS parent ON parent.session_id=child.session_id
	    WHERE parent.shredded_at IS NOT NULL AND child.shredded_at IS NULL
	    UNION ALL
	    SELECT 1 FROM support.shred_audit AS audit
	    WHERE audit.target_kind='owner' AND (
	      NOT EXISTS (SELECT 1 FROM support.session AS owned
	        WHERE owned.identity_owner_ref=audit.target_ref::uuid)
	      OR EXISTS (SELECT 1 FROM support.session AS owned
	        WHERE owned.identity_owner_ref=audit.target_ref::uuid
	          AND owned.shredded_at IS NULL)
	      OR EXISTS (SELECT 1 FROM support."case" AS owned_case
	        JOIN support.session AS owned ON owned.session_id=owned_case.session_id
	        WHERE owned.identity_owner_ref=audit.target_ref::uuid
	          AND owned_case.shredded_at IS NULL)
	      OR audit.keys_destroyed<>(
	        SELECT pg_catalog.count(*)::integer FROM (
	          SELECT owned_key.session_id FROM support.session_key AS owned_key
	          JOIN support.session AS owned ON owned.session_id=owned_key.session_id
	          WHERE owned.identity_owner_ref=audit.target_ref::uuid
	          UNION ALL
	          SELECT owned_case_key.case_id FROM support.case_key AS owned_case_key
	          JOIN support."case" AS owned_case ON owned_case.case_id=owned_case_key.case_id
	          JOIN support.session AS owned ON owned.session_id=owned_case.session_id
	          WHERE owned.identity_owner_ref=audit.target_ref::uuid
	        ) AS owner_keys
	      )
	    )
	    UNION ALL
	    SELECT 1 FROM support.shred_audit AS audit
	    WHERE audit.target_kind='session' AND (
	      (SELECT pg_catalog.count(*) FROM support.session AS anonymous
	        WHERE anonymous.session_id=audit.target_ref::uuid
	          AND anonymous.identity_owner_ref IS NULL)<>1
	      OR EXISTS (SELECT 1 FROM support.session AS anonymous
	        WHERE anonymous.session_id=audit.target_ref::uuid
	          AND anonymous.shredded_at IS NULL)
	      OR EXISTS (SELECT 1 FROM support."case" AS anonymous_case
	        WHERE anonymous_case.session_id=audit.target_ref::uuid
	          AND anonymous_case.shredded_at IS NULL)
	      OR audit.keys_destroyed<>(
	        SELECT pg_catalog.count(*)::integer FROM (
	          SELECT anonymous_key.session_id FROM support.session_key AS anonymous_key
	          WHERE anonymous_key.session_id=audit.target_ref::uuid
	          UNION ALL
	          SELECT anonymous_case_key.case_id FROM support.case_key AS anonymous_case_key
	          JOIN support."case" AS anonymous_case
	            ON anonymous_case.case_id=anonymous_case_key.case_id
	          WHERE anonymous_case.session_id=audit.target_ref::uuid
	        ) AS anonymous_keys
	      )
	    )
	    UNION ALL
	    SELECT 1 FROM support.session AS object
	    WHERE object.shredded_at IS NOT NULL AND (
	      SELECT pg_catalog.count(*) FROM support.shred_audit AS audit
	      WHERE (audit.target_kind='owner'
	          AND object.identity_owner_ref IS NOT NULL
	          AND audit.target_ref=object.identity_owner_ref::text)
	        OR (audit.target_kind='session'
	          AND object.identity_owner_ref IS NULL
	          AND audit.target_ref=object.session_id::text)
	    )<>1
	    UNION ALL
	    SELECT 1 FROM support."case" AS object
	    JOIN support.session AS parent ON parent.session_id=object.session_id
	    WHERE object.shredded_at IS NOT NULL AND (
	      SELECT pg_catalog.count(*) FROM support.shred_audit AS audit
	      WHERE (audit.target_kind='owner'
	          AND parent.identity_owner_ref IS NOT NULL
	          AND audit.target_ref=parent.identity_owner_ref::text)
	        OR (audit.target_kind='session'
	          AND parent.identity_owner_ref IS NULL
	          AND audit.target_ref=parent.session_id::text)
	    )<>1
	  ) INTO v_invalid;
	
	  IF v_invalid THEN
	    RAISE EXCEPTION 'SUPPORT_SHRED_INTEGRITY_INVALID';
	  END IF;
	
	  v_count:=COALESCE(NULLIF(pg_catalog.current_setting(
	    'debateai.support_shred_validation_count',true
	  ),'')::integer,0)+1;
	  PERFORM pg_catalog.set_config(
	    'debateai.support_shred_validation_count',v_count::text,true
	  );
	
	  UPDATE support._shred_integrity_guard
	  SET validated_generation=v_mutation_generation,
	      last_validation_xid=pg_catalog.pg_current_xact_id()
	  WHERE singleton
	    AND mutation_generation=v_mutation_generation
	    AND last_mutation_xid=v_last_mutation_xid;
	  IF NOT FOUND THEN
	    RAISE EXCEPTION 'SUPPORT_SHRED_GUARD_INVALID';
	  END IF;
	  RETURN NEW;
	END
	$support_shred_function$;
	
	REVOKE ALL ON FUNCTION support.mark_shred_integrity_dirty() FROM PUBLIC;
	REVOKE ALL ON FUNCTION support.assert_shred_integrity() FROM PUBLIC;
	REVOKE ALL ON FUNCTION support.mark_shred_integrity_dirty() FROM debateai_support;
	REVOKE ALL ON FUNCTION support.assert_shred_integrity() FROM debateai_support;
	
	DO $support_shred_triggers_install$
	DECLARE
	  v_marker_count integer;
	  v_guard_count integer;
	BEGIN
	  SELECT pg_catalog.count(*) INTO v_marker_count
	  FROM pg_catalog.pg_trigger AS trigger
	  JOIN pg_catalog.pg_class AS relation ON relation.oid=trigger.tgrelid
	  JOIN pg_catalog.pg_namespace AS namespace ON namespace.oid=relation.relnamespace
	  WHERE namespace.nspname='support' AND NOT trigger.tgisinternal
	    AND trigger.tgname LIKE 'support_shred_dirty_%';
	  SELECT pg_catalog.count(*) INTO v_guard_count
	  FROM pg_catalog.pg_trigger AS trigger
	  WHERE trigger.tgrelid='support._shred_integrity_guard'::regclass
	    AND NOT trigger.tgisinternal
	    AND trigger.tgname='support_shred_integrity_guard_trigger';
	  IF v_marker_count=0 AND v_guard_count=0 THEN
	    CREATE TRIGGER support_shred_dirty_session
	      AFTER INSERT OR UPDATE OR DELETE ON support.session
	      FOR EACH STATEMENT EXECUTE FUNCTION support.mark_shred_integrity_dirty();
	    CREATE TRIGGER support_shred_dirty_session_key
	      AFTER INSERT OR UPDATE OR DELETE ON support.session_key
	      FOR EACH STATEMENT EXECUTE FUNCTION support.mark_shred_integrity_dirty();
	    CREATE TRIGGER support_shred_dirty_case
	      AFTER INSERT OR UPDATE OR DELETE ON support."case"
	      FOR EACH STATEMENT EXECUTE FUNCTION support.mark_shred_integrity_dirty();
	    CREATE TRIGGER support_shred_dirty_case_key
	      AFTER INSERT OR UPDATE OR DELETE ON support.case_key
	      FOR EACH STATEMENT EXECUTE FUNCTION support.mark_shred_integrity_dirty();
	    CREATE TRIGGER support_shred_dirty_audit
	      AFTER INSERT OR UPDATE OR DELETE ON support.shred_audit
	      FOR EACH STATEMENT EXECUTE FUNCTION support.mark_shred_integrity_dirty();
	    CREATE CONSTRAINT TRIGGER support_shred_integrity_guard_trigger
	      AFTER UPDATE OF mutation_generation ON support._shred_integrity_guard
	      DEFERRABLE INITIALLY DEFERRED
	      FOR EACH ROW EXECUTE FUNCTION support.assert_shred_integrity();
	  ELSIF v_marker_count<>5 OR v_guard_count<>1 THEN
	    RAISE EXCEPTION 'SUPPORT_SHRED_DEFINITION_DRIFT: triggers';
	  END IF;
	END
	$support_shred_triggers_install$;
	
	DO $support_shred_functions_triggers_contract$
	DECLARE
	  v_function_count integer;
	  v_trigger_count integer;
	BEGIN
	  SELECT pg_catalog.count(*) INTO v_function_count
	  FROM pg_catalog.pg_proc AS procedure
	  WHERE procedure.oid=ANY(ARRAY[
	    'support.mark_shred_integrity_dirty()'::regprocedure,
	    'support.assert_shred_integrity()'::regprocedure
	  ])
	    AND procedure.prorettype='trigger'::regtype
	    AND procedure.provolatile='v'
	    AND procedure.prosecdef
	    AND NOT procedure.proisstrict
	    AND procedure.proconfig=ARRAY['search_path=pg_catalog, pg_temp']::text[]
	    AND procedure.proowner=(SELECT relowner FROM pg_catalog.pg_class
	      WHERE oid='support.session'::regclass)
	    AND pg_catalog.encode(audit_crypto_internal.digest(
	      pg_catalog.convert_to(procedure.prosrc,'UTF8'),'sha256'
	    ),'hex')=CASE procedure.proname
	      WHEN 'mark_shred_integrity_dirty'
	        THEN '538dac0a59a56771a1081636404cd2f9d6e32c0550ae465a0f8085dc02c55276'
	      WHEN 'assert_shred_integrity'
	        THEN '33ed86b5ba3aa1b98d99158a533c7347ab8ec1fce73bb8830ec901d6b6f7d44c'
	    END
	    AND NOT pg_catalog.has_function_privilege(
	      'public',procedure.oid,'EXECUTE'
	    )
	    AND NOT pg_catalog.has_function_privilege(
	      'debateai_support',procedure.oid,'EXECUTE'
	    );
	  IF v_function_count<>2 THEN
	    RAISE EXCEPTION 'SUPPORT_SHRED_DEFINITION_DRIFT: functions';
	  END IF;
	
	  SELECT pg_catalog.count(*) INTO v_trigger_count
	  FROM pg_catalog.pg_trigger AS trigger
	  WHERE NOT trigger.tgisinternal AND (
	    (trigger.tgname='support_shred_dirty_session'
	      AND trigger.tgrelid='support.session'::regclass)
	    OR (trigger.tgname='support_shred_dirty_session_key'
	      AND trigger.tgrelid='support.session_key'::regclass)
	    OR (trigger.tgname='support_shred_dirty_case'
	      AND trigger.tgrelid='support."case"'::regclass)
	    OR (trigger.tgname='support_shred_dirty_case_key'
	      AND trigger.tgrelid='support.case_key'::regclass)
	    OR (trigger.tgname='support_shred_dirty_audit'
	      AND trigger.tgrelid='support.shred_audit'::regclass)
	  )
	    AND trigger.tgfoid='support.mark_shred_integrity_dirty()'::regprocedure
	    AND trigger.tgtype=28
	    AND NOT trigger.tgdeferrable
	    AND NOT trigger.tginitdeferred;
	  IF v_trigger_count<>5 OR NOT EXISTS (
	    SELECT 1 FROM pg_catalog.pg_trigger AS trigger
	    WHERE trigger.tgname='support_shred_integrity_guard_trigger'
	      AND trigger.tgrelid='support._shred_integrity_guard'::regclass
	      AND trigger.tgfoid='support.assert_shred_integrity()'::regprocedure
	      AND trigger.tgtype=17
	      AND trigger.tgdeferrable AND trigger.tginitdeferred
	      AND pg_catalog.pg_get_triggerdef(trigger.oid,true)
	        LIKE '%UPDATE OF mutation_generation%'
	  ) THEN
	    RAISE EXCEPTION 'SUPPORT_SHRED_DEFINITION_DRIFT: triggers';
	  END IF;
	END
	$support_shred_functions_triggers_contract$;
	
	DO $support_shred_privilege_preflight$
	BEGIN
	  IF EXISTS (
	    SELECT 1 FROM pg_catalog.pg_class AS relation
	    JOIN pg_catalog.pg_namespace AS namespace ON namespace.oid=relation.relnamespace
	    WHERE namespace.nspname='support' AND relation.relkind IN ('r','p')
	      AND pg_catalog.has_table_privilege('debateai_support',relation.oid,
	        'UPDATE,DELETE,TRUNCATE,REFERENCES,TRIGGER')
	  ) OR EXISTS (
	    SELECT 1 FROM pg_catalog.pg_class AS relation
	    JOIN pg_catalog.pg_namespace AS namespace ON namespace.oid=relation.relnamespace
	    JOIN pg_catalog.pg_attribute AS attribute ON attribute.attrelid=relation.oid
	    WHERE namespace.nspname='support' AND relation.relkind IN ('r','p','v')
	      AND attribute.attnum>0 AND NOT attribute.attisdropped
	      AND pg_catalog.has_column_privilege(
	        'debateai_support',relation.oid,attribute.attname,'UPDATE'
	      )
	      AND (relation.relname,attribute.attname) NOT IN (
	        ('session','shredded_at'),('case','shredded_at'),
	        ('session','consent_own_context_at'),
	        ('case','state'),('case','summary_ciphertext'),
	        ('case','summary_at'),('case','summary_status'),
	        ('case','summary_authoritative'),
	        ('public_incident','ended_at'),
	        ('session_key','wrapped_key'),('session_key','destroyed_at'),
	        ('case_key','wrapped_key'),('case_key','destroyed_at')
	      )
	  ) THEN
	    RAISE EXCEPTION 'SUPPORT_SHRED_DEFINITION_DRIFT: privileges';
	  END IF;
	END
	$support_shred_privilege_preflight$;
	
	REVOKE ALL ON support.case_key FROM PUBLIC;
	REVOKE ALL ON support.shred_audit FROM PUBLIC;
	REVOKE ALL ON support._shred_integrity_guard FROM PUBLIC;
	REVOKE ALL ON support.relay_call FROM PUBLIC;
	REVOKE ALL ON support.relay_waiter FROM PUBLIC;
	REVOKE ALL ON support.relay_waiter_event FROM PUBLIC;
	REVOKE ALL ON support.admission_event FROM PUBLIC;
	REVOKE ALL ON SEQUENCE support.relay_waiter_ticket_seq FROM PUBLIC;
	REVOKE ALL ON SEQUENCE support.relay_waiter_event_event_sequence_seq FROM PUBLIC;
	REVOKE ALL ON support.case_key FROM debateai_support;
	REVOKE ALL ON support.shred_audit FROM debateai_support;
	REVOKE ALL ON support._shred_integrity_guard FROM debateai_support;
	REVOKE ALL ON support.relay_call FROM debateai_support;
	REVOKE ALL ON support.relay_waiter FROM debateai_support;
	REVOKE ALL ON support.relay_waiter_event FROM debateai_support;
	REVOKE ALL ON support.admission_event FROM debateai_support;
	REVOKE ALL ON SEQUENCE support.relay_waiter_ticket_seq FROM debateai_support;
	REVOKE ALL ON SEQUENCE support.relay_waiter_event_event_sequence_seq FROM debateai_support;
	
	GRANT SELECT,INSERT ON support.case_key TO debateai_support;
	GRANT SELECT,INSERT ON support.shred_audit TO debateai_support;
	GRANT SELECT,INSERT ON support.relay_call TO debateai_support;
	GRANT SELECT,INSERT ON support.relay_waiter TO debateai_support;
	GRANT SELECT,INSERT ON support.relay_waiter_event TO debateai_support;
	GRANT USAGE,SELECT ON SEQUENCE support.relay_waiter_ticket_seq TO debateai_support;
	GRANT USAGE,SELECT ON SEQUENCE support.relay_waiter_event_event_sequence_seq TO debateai_support;
	GRANT SELECT,INSERT ON support.admission_event TO debateai_support;
	GRANT UPDATE (shredded_at) ON support.session TO debateai_support;
	GRANT UPDATE (shredded_at) ON support."case" TO debateai_support;
	GRANT UPDATE (wrapped_key,destroyed_at) ON support.session_key TO debateai_support;
	GRANT UPDATE (wrapped_key,destroyed_at) ON support.case_key TO debateai_support;
	
	DO $support_shred_privilege_contract$
	DECLARE
	  v_application_count integer;
	  v_update_count integer;
	BEGIN
	  SELECT pg_catalog.count(*) INTO v_application_count
	  FROM pg_catalog.pg_class AS relation
	  JOIN pg_catalog.pg_namespace AS namespace ON namespace.oid=relation.relnamespace
	  WHERE namespace.nspname='support' AND relation.relkind IN ('r','p')
	    AND relation.relname<>'_shred_integrity_guard'
	    AND pg_catalog.has_table_privilege('debateai_support',relation.oid,'SELECT')
	    AND pg_catalog.has_table_privilege('debateai_support',relation.oid,'INSERT')
	    AND NOT pg_catalog.has_table_privilege('debateai_support',relation.oid,'UPDATE')
	    AND NOT pg_catalog.has_table_privilege('debateai_support',relation.oid,'DELETE')
	    AND NOT pg_catalog.has_table_privilege('debateai_support',relation.oid,'TRUNCATE')
	    AND NOT pg_catalog.has_table_privilege('debateai_support',relation.oid,'REFERENCES')
	    AND NOT pg_catalog.has_table_privilege('debateai_support',relation.oid,'TRIGGER');
	  IF v_application_count<>(
	    SELECT pg_catalog.count(*)
	    FROM pg_catalog.pg_class AS relation
	    JOIN pg_catalog.pg_namespace AS namespace ON namespace.oid=relation.relnamespace
	    WHERE namespace.nspname='support' AND relation.relkind IN ('r','p')
	      AND relation.relname<>'_shred_integrity_guard'
	  ) OR EXISTS (
	    SELECT 1 FROM pg_catalog.pg_class AS relation
	    WHERE relation.oid='support._shred_integrity_guard'::regclass
	      AND pg_catalog.has_table_privilege('debateai_support',relation.oid,
	        'SELECT,INSERT,UPDATE,DELETE,TRUNCATE,REFERENCES,TRIGGER')
	  ) OR EXISTS (
	    SELECT 1 FROM pg_catalog.pg_class AS relation
	    JOIN pg_catalog.pg_namespace AS namespace ON namespace.oid=relation.relnamespace,
	      LATERAL pg_catalog.aclexplode(COALESCE(
	        relation.relacl,pg_catalog.acldefault('r',relation.relowner)
	      )) AS acl
	    WHERE namespace.nspname='support' AND acl.grantee=0
	  ) THEN
	    RAISE EXCEPTION 'SUPPORT_SHRED_DEFINITION_DRIFT: privileges';
	  END IF;
	
	  SELECT pg_catalog.count(*) INTO v_update_count
	  FROM pg_catalog.pg_class AS relation
	  JOIN pg_catalog.pg_namespace AS namespace ON namespace.oid=relation.relnamespace
	  JOIN pg_catalog.pg_attribute AS attribute ON attribute.attrelid=relation.oid
	  WHERE namespace.nspname='support' AND relation.relkind IN ('r','p','v')
	    AND attribute.attnum>0 AND NOT attribute.attisdropped
	    AND pg_catalog.has_column_privilege(
	      'debateai_support',relation.oid,attribute.attname,'UPDATE'
	    );
	  IF v_update_count<6 OR EXISTS (
	    SELECT 1 FROM (VALUES
	      ('session','shredded_at'),('case','shredded_at'),
	      ('session_key','wrapped_key'),('session_key','destroyed_at'),
	      ('case_key','wrapped_key'),('case_key','destroyed_at')
	    ) AS required(table_name,column_name)
	    WHERE NOT pg_catalog.has_column_privilege(
	      'debateai_support',
	      pg_catalog.format('support.%I',required.table_name),
	      required.column_name,'UPDATE'
	    )
	  ) OR EXISTS (
	    SELECT 1 FROM pg_catalog.pg_class AS relation
	    JOIN pg_catalog.pg_namespace AS namespace ON namespace.oid=relation.relnamespace
	    JOIN pg_catalog.pg_attribute AS attribute ON attribute.attrelid=relation.oid
	    WHERE namespace.nspname='support' AND relation.relkind IN ('r','p','v')
	      AND attribute.attnum>0 AND NOT attribute.attisdropped
	      AND pg_catalog.has_column_privilege(
	        'debateai_support',relation.oid,attribute.attname,'UPDATE'
	      )
	      AND (relation.relname,attribute.attname) NOT IN (
	        ('session','shredded_at'),('case','shredded_at'),
	        ('session','consent_own_context_at'),
	        ('case','state'),('case','summary_ciphertext'),
	        ('case','summary_at'),('case','summary_status'),
	        ('case','summary_authoritative'),
	        ('public_incident','ended_at'),
	        ('session_key','wrapped_key'),('session_key','destroyed_at'),
	        ('case_key','wrapped_key'),('case_key','destroyed_at')
	      )
	  ) THEN
	    RAISE EXCEPTION 'SUPPORT_SHRED_DEFINITION_DRIFT: privileges';
	  END IF;
	END
	$support_shred_privilege_contract$;
	
	DO $support_shred_guard_contract$
	BEGIN
	  IF (SELECT pg_catalog.count(*) FROM support._shred_integrity_guard)<>1
	      OR NOT EXISTS (
	        SELECT 1 FROM support._shred_integrity_guard
	        WHERE singleton AND mutation_generation>=validated_generation
	          AND mutation_generation>=0 AND validated_generation>=0
	      ) THEN
	    RAISE EXCEPTION 'SUPPORT_SHRED_DEFINITION_DRIFT: guard row';
	  END IF;
	END
	$support_shred_guard_contract$;
	
	-- Schedule one startup/replay validation in the migration transaction itself.
	UPDATE support._shred_integrity_guard
	SET mutation_generation=mutation_generation+1,
	    last_mutation_xid=pg_catalog.pg_current_xact_id()
	WHERE singleton;
	


stdout | tests/integration/support-shred.test.ts > SUP-07 support key schema and transaction-bound integrity > replays after 0055 is already recorded and rejects hostile catalog lookalikes
[S00 DB embedded] 2026-09-17 13:03:33.044 EEST [21588] ERROR:  SUPPORT_SHRED_DEFINITION_DRIFT: constraints
2026-09-17 13:03:33.044 EEST [21588] CONTEXT:  PL/pgSQL function inline_code_block line 53 at RAISE
2026-09-17 13:03:33.044 EEST [21588] STATEMENT:  -- SUP-07: independently wrapped support keys, irreversible tombstones, and
	-- transaction-bound global shred integrity.
	
	SELECT pg_catalog.pg_advisory_xact_lock(
	  pg_catalog.hashtextextended('debateai:support-shred-integrity:v1', 0)
	);
	
	-- Forward repair for catalogs where the historical 0050 bytes were already
	-- ledgered before SUP-06 added message telemetry and the complete abuse shape.
	ALTER TABLE support.message
	  ADD COLUMN IF NOT EXISTS model_called boolean NOT NULL DEFAULT false,
	  ADD COLUMN IF NOT EXISTS input_tokens bigint CHECK (input_tokens >= 0),
	  ADD COLUMN IF NOT EXISTS output_tokens bigint CHECK (output_tokens >= 0),
	  ADD COLUMN IF NOT EXISTS cost_usd numeric(18,6) CHECK (cost_usd >= 0),
	  ADD COLUMN IF NOT EXISTS degraded_reason text CHECK (degraded_reason IN ('relay','cap'));
	
	ALTER TABLE support.abuse_event
	  DROP CONSTRAINT IF EXISTS abuse_event_class_check,
	  DROP CONSTRAINT IF EXISTS support_abuse_event_class_ck;
	ALTER TABLE support.abuse_event
	  ADD CONSTRAINT support_abuse_event_class_ck CHECK (class IN (
	    'INJECTION','RATE_LIMIT','LOCK','IP_COOLDOWN','BOUNDARY_DENY','SECRET_LIKE'
	  ));
	
	CREATE INDEX IF NOT EXISTS support_abuse_event_session_class_idx
	  ON support.abuse_event(session_id,class);
	CREATE INDEX IF NOT EXISTS support_abuse_event_ip_class_at_idx
	  ON support.abuse_event(ip_sha256,class,at DESC);
	
	ALTER TABLE support."case"
	  ADD COLUMN IF NOT EXISTS trigger_generation text;
	DO $support_case_trigger_generation_constraint$
	BEGIN
	  IF NOT EXISTS (
	    SELECT 1 FROM pg_catalog.pg_constraint
	    WHERE conrelid='support."case"'::regclass
	      AND conname='support_case_trigger_generation_ck'
	  ) THEN
	    ALTER TABLE support."case" ADD CONSTRAINT support_case_trigger_generation_ck
	      CHECK (trigger_generation IS NULL OR (
	        pg_catalog.length(trigger_generation) BETWEEN 1 AND 128
	        AND trigger_generation !~ '[[:cntrl:]]'
	      ));
	  END IF;
	END
	$support_case_trigger_generation_constraint$;
	CREATE UNIQUE INDEX IF NOT EXISTS support_case_trigger_generation_unique
	  ON support."case"(session_id,trigger_predicate,trigger_generation)
	  WHERE trigger_generation IS NOT NULL;
	
	ALTER TABLE support.case_message
	  ADD COLUMN IF NOT EXISTS redacted boolean NOT NULL DEFAULT false;
	
	-- Append-only model-call reservations make the daily cap durable while
	-- session-scoped advisory locks make concurrency shared across API processes.
	CREATE TABLE IF NOT EXISTS support.relay_call (
	  call_id uuid NOT NULL,
	  utc_day date NOT NULL,
	  acquired_at timestamptz NOT NULL,
	  CONSTRAINT support_relay_call_pkey PRIMARY KEY (call_id),
	  CONSTRAINT support_relay_call_utc_day_ck CHECK (
	    utc_day = (pg_catalog.timezone('UTC',acquired_at))::date
	  )
	);
	CREATE INDEX IF NOT EXISTS support_relay_call_utc_day_idx
	  ON support.relay_call(utc_day);
	
	-- Cross-process queue order is an append-only ticket/event ledger. Expired
	-- WAITING leases are ignored, so a process restart cannot strand the head.
	CREATE TABLE IF NOT EXISTS support.relay_waiter (
	  ticket bigint GENERATED ALWAYS AS IDENTITY,
	  waiter_id uuid NOT NULL,
	  enqueued_at timestamptz NOT NULL,
	  CONSTRAINT support_relay_waiter_pkey PRIMARY KEY (ticket),
	  CONSTRAINT support_relay_waiter_id_unique UNIQUE (waiter_id)
	);
	CREATE TABLE IF NOT EXISTS support.relay_waiter_event (
	  event_sequence bigint GENERATED ALWAYS AS IDENTITY,
	  waiter_id uuid NOT NULL REFERENCES support.relay_waiter(waiter_id),
	  state text NOT NULL,
	  at timestamptz NOT NULL,
	  lease_until timestamptz,
	  CONSTRAINT support_relay_waiter_event_pkey PRIMARY KEY (event_sequence),
	  CONSTRAINT support_relay_waiter_event_state_ck CHECK (
	    state IN ('WAITING','ACQUIRED','COMPLETED','CANCELLED','DAILY_CAP')
	  ),
	  CONSTRAINT support_relay_waiter_event_lease_ck CHECK (
	    (state='WAITING' AND lease_until IS NOT NULL AND lease_until > at)
	    OR (state<>'WAITING' AND lease_until IS NULL)
	  )
	);
	CREATE INDEX IF NOT EXISTS support_relay_waiter_event_latest_idx
	  ON support.relay_waiter_event(waiter_id,event_sequence DESC);
	
	-- Admission observations contain only opaque identifiers/hashes and make
	-- ordinary rate windows durable across processes and restarts.
	CREATE TABLE IF NOT EXISTS support.admission_event (
	  admission_event_id uuid NOT NULL,
	  scope_kind text NOT NULL,
	  session_id uuid,
	  identity_owner_ref uuid,
	  ip_sha256 character(64) NOT NULL,
	  at timestamptz NOT NULL,
	  CONSTRAINT support_admission_event_pkey PRIMARY KEY (admission_event_id),
	  CONSTRAINT support_admission_event_scope_ck CHECK (
	    (scope_kind='SESSION' AND session_id IS NULL AND identity_owner_ref IS NULL)
	    OR (scope_kind='MESSAGE' AND session_id IS NOT NULL)
	  ),
	  CONSTRAINT support_admission_event_ip_ck CHECK (ip_sha256 ~ '^[0-9a-f]{64}$')
	);
	CREATE INDEX IF NOT EXISTS support_admission_event_ip_kind_at_idx
	  ON support.admission_event(ip_sha256,scope_kind,at DESC);
	CREATE INDEX IF NOT EXISTS support_admission_event_owner_kind_at_idx
	  ON support.admission_event(identity_owner_ref,scope_kind,at DESC)
	  WHERE identity_owner_ref IS NOT NULL;
	CREATE INDEX IF NOT EXISTS support_admission_event_session_kind_idx
	  ON support.admission_event(session_id,scope_kind)
	  WHERE session_id IS NOT NULL;
	
	-- Semantic content envelopes are v2. These owner-installed triggers reject new
	-- v1 content without invalidating or rewriting historical v1 ciphertext rows.
	CREATE OR REPLACE FUNCTION support.enforce_message_content_v2()
	RETURNS trigger
	LANGUAGE plpgsql
	SET search_path = pg_catalog, pg_temp
	AS $support_enforce_message_content_v2$
	BEGIN
	  IF pg_catalog.octet_length(NEW.content_ciphertext) < 29
	    OR pg_catalog.get_byte(NEW.content_ciphertext,0) <> 2 THEN
	    RAISE EXCEPTION 'SUPPORT_CONTENT_V2_REQUIRED';
	  END IF;
	  RETURN NEW;
	END
	$support_enforce_message_content_v2$;
	
	CREATE OR REPLACE FUNCTION support.enforce_case_message_content_v2()
	RETURNS trigger
	LANGUAGE plpgsql
	SET search_path = pg_catalog, pg_temp
	AS $support_enforce_case_message_content_v2$
	BEGIN
	  IF pg_catalog.octet_length(NEW.content_ciphertext) < 29
	    OR pg_catalog.get_byte(NEW.content_ciphertext,0) <> 2 THEN
	    RAISE EXCEPTION 'SUPPORT_CONTENT_V2_REQUIRED';
	  END IF;
	  RETURN NEW;
	END
	$support_enforce_case_message_content_v2$;
	
	CREATE OR REPLACE FUNCTION support.enforce_case_content_v2()
	RETURNS trigger
	LANGUAGE plpgsql
	SET search_path = pg_catalog, pg_temp
	AS $support_enforce_case_content_v2$
	BEGIN
	  IF (TG_OP = 'INSERT' OR TG_ARGV[0] = 'snapshot') AND (
	      pg_catalog.octet_length(NEW.transcript_snapshot_ciphertext) < 29
	      OR pg_catalog.get_byte(NEW.transcript_snapshot_ciphertext,0) <> 2
	    ) THEN
	    RAISE EXCEPTION 'SUPPORT_CONTENT_V2_REQUIRED';
	  END IF;
	  IF (TG_OP = 'INSERT' OR TG_ARGV[0] = 'summary') AND NEW.summary_ciphertext IS NOT NULL AND (
	      pg_catalog.octet_length(NEW.summary_ciphertext) < 29
	      OR pg_catalog.get_byte(NEW.summary_ciphertext,0) <> 2
	    ) THEN
	    RAISE EXCEPTION 'SUPPORT_CONTENT_V2_REQUIRED';
	  END IF;
	  RETURN NEW;
	END
	$support_enforce_case_content_v2$;
	
	REVOKE ALL ON FUNCTION support.enforce_message_content_v2() FROM PUBLIC;
	REVOKE ALL ON FUNCTION support.enforce_case_message_content_v2() FROM PUBLIC;
	REVOKE ALL ON FUNCTION support.enforce_case_content_v2() FROM PUBLIC;
	
	DO $support_content_v2_triggers$
	BEGIN
	  IF NOT EXISTS (SELECT 1 FROM pg_catalog.pg_trigger
	    WHERE tgrelid='support.message'::regclass AND tgname='support_message_content_v2_insert') THEN
	    CREATE TRIGGER support_message_content_v2_insert
	      BEFORE INSERT ON support.message FOR EACH ROW
	      EXECUTE FUNCTION support.enforce_message_content_v2();
	  END IF;
	  IF NOT EXISTS (SELECT 1 FROM pg_catalog.pg_trigger
	    WHERE tgrelid='support.message'::regclass AND tgname='support_message_content_v2_update') THEN
	    CREATE TRIGGER support_message_content_v2_update
	      BEFORE UPDATE OF content_ciphertext ON support.message FOR EACH ROW
	      EXECUTE FUNCTION support.enforce_message_content_v2();
	  END IF;
	  IF NOT EXISTS (SELECT 1 FROM pg_catalog.pg_trigger
	    WHERE tgrelid='support.case_message'::regclass AND tgname='support_case_message_content_v2_insert') THEN
	    CREATE TRIGGER support_case_message_content_v2_insert
	      BEFORE INSERT ON support.case_message FOR EACH ROW
	      EXECUTE FUNCTION support.enforce_case_message_content_v2();
	  END IF;
	  IF NOT EXISTS (SELECT 1 FROM pg_catalog.pg_trigger
	    WHERE tgrelid='support.case_message'::regclass AND tgname='support_case_message_content_v2_update') THEN
	    CREATE TRIGGER support_case_message_content_v2_update
	      BEFORE UPDATE OF content_ciphertext ON support.case_message FOR EACH ROW
	      EXECUTE FUNCTION support.enforce_case_message_content_v2();
	  END IF;
	  IF NOT EXISTS (SELECT 1 FROM pg_catalog.pg_trigger
	    WHERE tgrelid='support."case"'::regclass AND tgname='support_case_snapshot_v2_insert') THEN
	    CREATE TRIGGER support_case_snapshot_v2_insert
	      BEFORE INSERT ON support."case" FOR EACH ROW
	      EXECUTE FUNCTION support.enforce_case_content_v2('snapshot');
	  END IF;
	  IF NOT EXISTS (SELECT 1 FROM pg_catalog.pg_trigger
	    WHERE tgrelid='support."case"'::regclass AND tgname='support_case_snapshot_v2_update') THEN
	    CREATE TRIGGER support_case_snapshot_v2_update
	      BEFORE UPDATE OF transcript_snapshot_ciphertext ON support."case" FOR EACH ROW
	      EXECUTE FUNCTION support.enforce_case_content_v2('snapshot');
	  END IF;
	  IF NOT EXISTS (SELECT 1 FROM pg_catalog.pg_trigger
	    WHERE tgrelid='support."case"'::regclass AND tgname='support_case_summary_v2_update') THEN
	    CREATE TRIGGER support_case_summary_v2_update
	      BEFORE UPDATE OF summary_ciphertext ON support."case" FOR EACH ROW
	      EXECUTE FUNCTION support.enforce_case_content_v2('summary');
	  END IF;
	END
	$support_content_v2_triggers$;
	
	ALTER TABLE support.session_key
	  ADD COLUMN IF NOT EXISTS destroyed_at timestamptz;
	ALTER TABLE support.session
	  ADD COLUMN IF NOT EXISTS shredded_at timestamptz;
	ALTER TABLE support."case"
	  ADD COLUMN IF NOT EXISTS shredded_at timestamptz;
	
	CREATE TABLE IF NOT EXISTS support.case_key (
	  case_id uuid NOT NULL,
	  wrapped_key bytea NOT NULL,
	  created_at timestamptz NOT NULL,
	  destroyed_at timestamptz,
	  CONSTRAINT support_case_key_pkey PRIMARY KEY (case_id),
	  CONSTRAINT support_case_key_case_fk FOREIGN KEY (case_id)
	    REFERENCES support."case" (case_id),
	  CONSTRAINT support_case_key_destroyed_at_ck CHECK (
	    destroyed_at IS NULL OR destroyed_at >= created_at
	  ),
	  CONSTRAINT support_case_key_envelope_ck CHECK (
	    pg_catalog.octet_length(wrapped_key) = 61
	    AND (
	      (destroyed_at IS NULL AND pg_catalog.get_byte(wrapped_key, 0) = 1)
	      OR (destroyed_at IS NOT NULL
	        AND wrapped_key = pg_catalog.decode(pg_catalog.repeat('00', 61), 'hex'))
	    )
	  )
	);
	
	CREATE TABLE IF NOT EXISTS support.shred_audit (
	  at timestamptz NOT NULL,
	  os_user text NOT NULL,
	  target_kind text NOT NULL,
	  target_ref text NOT NULL,
	  keys_destroyed integer NOT NULL,
	  CONSTRAINT support_shred_audit_target_unique UNIQUE (target_kind, target_ref),
	  CONSTRAINT support_shred_audit_target_kind_ck CHECK (
	    target_kind IN ('owner', 'session')
	  ),
	  CONSTRAINT support_shred_audit_keys_destroyed_ck CHECK (keys_destroyed > 0),
	  CONSTRAINT support_shred_audit_os_user_ck CHECK (
	    pg_catalog.length(os_user) BETWEEN 1 AND 128
	    AND os_user !~ '[[:cntrl:]]'
	  ),
	  CONSTRAINT support_shred_audit_target_ref_ck CHECK (
	    target_ref ~ '^[0-9a-f]{8}-[0-9a-f]{4}-[1-5][0-9a-f]{3}-[89ab][0-9a-f]{3}-[0-9a-f]{12}$'
	  )
	);
	
	CREATE TABLE IF NOT EXISTS support._shred_integrity_guard (
	  singleton boolean NOT NULL DEFAULT true,
	  mutation_generation bigint NOT NULL,
	  validated_generation bigint NOT NULL,
	  last_mutation_xid xid8,
	  last_validation_xid xid8,
	  CONSTRAINT support_shred_integrity_guard_pkey PRIMARY KEY (singleton),
	  CONSTRAINT support_shred_integrity_guard_singleton_ck CHECK (singleton),
	  CONSTRAINT support_shred_integrity_guard_mutation_generation_ck CHECK (
	    mutation_generation >= 0
	  ),
	  CONSTRAINT support_shred_integrity_guard_validated_generation_ck CHECK (
	    validated_generation >= 0 AND validated_generation <= mutation_generation
	  )
	);
	
	INSERT INTO support._shred_integrity_guard(
	  singleton,mutation_generation,validated_generation,
	  last_mutation_xid,last_validation_xid
	)
	VALUES (true,0,0,NULL,NULL)
	ON CONFLICT (singleton) DO NOTHING;
	
	DO $support_shred_constraints_install$
	BEGIN
	  IF NOT EXISTS (
	    SELECT 1 FROM pg_catalog.pg_constraint
	    WHERE conrelid='support.session_key'::regclass
	      AND conname='support_session_key_destroyed_at_ck'
	  ) THEN
	    ALTER TABLE support.session_key
	      ADD CONSTRAINT support_session_key_destroyed_at_ck CHECK (
	        destroyed_at IS NULL OR destroyed_at >= created_at
	      );
	  END IF;
	  IF NOT EXISTS (
	    SELECT 1 FROM pg_catalog.pg_constraint
	    WHERE conrelid='support.session_key'::regclass
	      AND conname='support_session_key_envelope_ck'
	  ) THEN
	    ALTER TABLE support.session_key
	      ADD CONSTRAINT support_session_key_envelope_ck CHECK (
	        pg_catalog.octet_length(wrapped_key) = 61
	        AND (
	          (destroyed_at IS NULL AND pg_catalog.get_byte(wrapped_key,0) = 1)
	          OR (destroyed_at IS NOT NULL
	            AND wrapped_key=pg_catalog.decode(pg_catalog.repeat('00',61),'hex'))
	        )
	      );
	  END IF;
	  IF NOT EXISTS (
	    SELECT 1 FROM pg_catalog.pg_constraint
	    WHERE conrelid='support.session'::regclass
	      AND conname='support_session_shredded_at_ck'
	  ) THEN
	    ALTER TABLE support.session
	      ADD CONSTRAINT support_session_shredded_at_ck CHECK (
	        shredded_at IS NULL OR shredded_at >= created_at
	      );
	  END IF;
	  IF NOT EXISTS (
	    SELECT 1 FROM pg_catalog.pg_constraint
	    WHERE conrelid='support."case"'::regclass
	      AND conname='support_case_shredded_at_ck'
	  ) THEN
	    ALTER TABLE support."case"
	      ADD CONSTRAINT support_case_shredded_at_ck CHECK (
	        shredded_at IS NULL OR shredded_at >= created_at
	      );
	  END IF;
	END
	$support_shred_constraints_install$;
	
	DO $support_shred_columns_contract$
	DECLARE
	  v_count integer;
	BEGIN
	  SELECT pg_catalog.count(*) INTO v_count
	  FROM information_schema.columns
	  WHERE table_schema='support' AND (
	    (table_name='session_key' AND column_name='destroyed_at'
	      AND data_type='timestamp with time zone' AND is_nullable='YES')
	    OR (table_name='session' AND column_name='shredded_at'
	      AND data_type='timestamp with time zone' AND is_nullable='YES')
	    OR (table_name='case' AND column_name='shredded_at'
	      AND data_type='timestamp with time zone' AND is_nullable='YES')
	    OR (table_name='case_key' AND column_name='case_id'
	      AND data_type='uuid' AND is_nullable='NO')
	    OR (table_name='case_key' AND column_name='wrapped_key'
	      AND data_type='bytea' AND is_nullable='NO')
	    OR (table_name='case_key' AND column_name='created_at'
	      AND data_type='timestamp with time zone' AND is_nullable='NO')
	    OR (table_name='case_key' AND column_name='destroyed_at'
	      AND data_type='timestamp with time zone' AND is_nullable='YES')
	    OR (table_name='shred_audit' AND column_name='at'
	      AND data_type='timestamp with time zone' AND is_nullable='NO')
	    OR (table_name='shred_audit' AND column_name='os_user'
	      AND data_type='text' AND is_nullable='NO')
	    OR (table_name='shred_audit' AND column_name='target_kind'
	      AND data_type='text' AND is_nullable='NO')
	    OR (table_name='shred_audit' AND column_name='target_ref'
	      AND data_type='text' AND is_nullable='NO')
	    OR (table_name='shred_audit' AND column_name='keys_destroyed'
	      AND data_type='integer' AND is_nullable='NO')
	    OR (table_name='_shred_integrity_guard' AND column_name='singleton'
	      AND data_type='boolean' AND is_nullable='NO' AND column_default='true')
	    OR (table_name='_shred_integrity_guard' AND column_name IN (
	        'mutation_generation','validated_generation'
	      ) AND data_type='bigint' AND is_nullable='NO')
	    OR (table_name='_shred_integrity_guard' AND column_name IN (
	        'last_mutation_xid','last_validation_xid'
	      ) AND data_type='xid8' AND is_nullable='YES')
	  );
	  IF v_count <> 17 OR EXISTS (
	    SELECT 1 FROM information_schema.columns
	    WHERE table_schema='support'
	      AND table_name IN ('case_key','shred_audit','_shred_integrity_guard')
	      AND NOT (
	        (table_name='case_key' AND column_name IN (
	          'case_id','wrapped_key','created_at','destroyed_at'
	        ))
	        OR (table_name='shred_audit' AND column_name IN (
	          'at','os_user','target_kind','target_ref','keys_destroyed'
	        ))
	        OR (table_name='_shred_integrity_guard' AND column_name IN (
	          'singleton','mutation_generation','validated_generation',
	          'last_mutation_xid','last_validation_xid'
	        ))
	      )
	  ) THEN
	    RAISE EXCEPTION 'SUPPORT_SHRED_DEFINITION_DRIFT: columns';
	  END IF;
	END
	$support_shred_columns_contract$;
	
	DO $support_shred_constraints_contract$
	DECLARE
	  v_fk record;
	  v_session_key_destroyed text;
	  v_session_key_envelope text;
	  v_session_shredded text;
	  v_case_shredded text;
	  v_case_key_destroyed text;
	  v_case_key_envelope text;
	BEGIN
	  SELECT * INTO v_fk FROM pg_catalog.pg_constraint
	  WHERE conrelid='support.case_key'::regclass
	    AND conname='support_case_key_case_fk';
	  SELECT pg_catalog.pg_get_constraintdef(oid,true) INTO v_session_key_destroyed
	  FROM pg_catalog.pg_constraint WHERE conrelid='support.session_key'::regclass
	    AND conname='support_session_key_destroyed_at_ck';
	  SELECT pg_catalog.pg_get_constraintdef(oid,true) INTO v_session_key_envelope
	  FROM pg_catalog.pg_constraint WHERE conrelid='support.session_key'::regclass
	    AND conname='support_session_key_envelope_ck';
	  SELECT pg_catalog.pg_get_constraintdef(oid,true) INTO v_session_shredded
	  FROM pg_catalog.pg_constraint WHERE conrelid='support.session'::regclass
	    AND conname='support_session_shredded_at_ck';
	  SELECT pg_catalog.pg_get_constraintdef(oid,true) INTO v_case_shredded
	  FROM pg_catalog.pg_constraint WHERE conrelid='support."case"'::regclass
	    AND conname='support_case_shredded_at_ck';
	  SELECT pg_catalog.pg_get_constraintdef(oid,true) INTO v_case_key_destroyed
	  FROM pg_catalog.pg_constraint WHERE conrelid='support.case_key'::regclass
	    AND conname='support_case_key_destroyed_at_ck';
	  SELECT pg_catalog.pg_get_constraintdef(oid,true) INTO v_case_key_envelope
	  FROM pg_catalog.pg_constraint WHERE conrelid='support.case_key'::regclass
	    AND conname='support_case_key_envelope_ck';
	
	  IF v_fk.oid IS NULL OR v_fk.contype<>'f' OR NOT v_fk.convalidated
	      OR v_fk.condeferrable OR v_fk.condeferred
	      OR v_fk.confdeltype<>'a' OR v_fk.confupdtype<>'a'
	      OR v_fk.confmatchtype<>'s'
	      OR v_fk.conrelid<>'support.case_key'::regclass
	      OR v_fk.confrelid<>'support."case"'::regclass
	      OR v_fk.conkey<>ARRAY[(SELECT attnum FROM pg_catalog.pg_attribute
	        WHERE attrelid='support.case_key'::regclass AND attname='case_id')]::smallint[]
	      OR v_fk.confkey<>ARRAY[(SELECT attnum FROM pg_catalog.pg_attribute
	        WHERE attrelid='support."case"'::regclass AND attname='case_id')]::smallint[]
	      OR (SELECT pg_catalog.count(*) FROM pg_catalog.pg_constraint
	        WHERE conrelid='support.case_key'::regclass
	          AND contype='p' AND conkey=ARRAY[(SELECT attnum FROM pg_catalog.pg_attribute
	            WHERE attrelid='support.case_key'::regclass AND attname='case_id')]::smallint[])<>1
	      OR (SELECT pg_catalog.count(*) FROM pg_catalog.pg_constraint
	        WHERE conrelid='support.shred_audit'::regclass AND contype='u'
	          AND conkey=ARRAY[
	            (SELECT attnum FROM pg_catalog.pg_attribute WHERE attrelid='support.shred_audit'::regclass AND attname='target_kind'),
	            (SELECT attnum FROM pg_catalog.pg_attribute WHERE attrelid='support.shred_audit'::regclass AND attname='target_ref')
	          ]::smallint[])<>1 THEN
	    RAISE EXCEPTION 'SUPPORT_SHRED_DEFINITION_DRIFT: constraints';
	  END IF;
	
	  IF v_session_key_destroyed IS NULL
	      OR v_session_key_destroyed NOT LIKE '%destroyed_at IS NULL%destroyed_at >= created_at%'
	      OR v_session_shredded IS NULL
	      OR v_session_shredded NOT LIKE '%shredded_at IS NULL%shredded_at >= created_at%'
	      OR v_case_shredded IS NULL
	      OR v_case_shredded NOT LIKE '%shredded_at IS NULL%shredded_at >= created_at%'
	      OR v_case_key_destroyed IS NULL
	      OR v_case_key_destroyed NOT LIKE '%destroyed_at IS NULL%destroyed_at >= created_at%'
	      OR v_session_key_envelope IS NULL
	      OR v_session_key_envelope NOT LIKE '%octet_length(wrapped_key) = 61%'
	      OR v_session_key_envelope NOT LIKE '%get_byte(wrapped_key, 0) = 1%'
	      OR v_session_key_envelope NOT LIKE '%repeat(''00''::text, 61)%'
	      OR v_case_key_envelope IS NULL
	      OR v_case_key_envelope NOT LIKE '%octet_length(wrapped_key) = 61%'
	      OR v_case_key_envelope NOT LIKE '%get_byte(wrapped_key, 0) = 1%'
	      OR v_case_key_envelope NOT LIKE '%repeat(''00''::text, 61)%'
	      OR (SELECT pg_catalog.count(*) FROM pg_catalog.pg_constraint
	        WHERE conrelid='support.shred_audit'::regclass AND contype='c')<>4
	      OR (SELECT pg_catalog.count(*) FROM pg_catalog.pg_constraint
	        WHERE conrelid='support._shred_integrity_guard'::regclass AND contype='c')<>3
	  THEN
	    RAISE EXCEPTION 'SUPPORT_SHRED_DEFINITION_DRIFT: constraints';
	  END IF;
	END
	$support_shred_constraints_contract$;
	
	DO $support_shred_owner_contract$
	DECLARE
	  v_owner oid;
	BEGIN
	  SELECT relowner INTO v_owner FROM pg_catalog.pg_class
	  WHERE oid='support.session'::regclass;
	  IF v_owner IS NULL OR v_owner='debateai_support'::regrole OR EXISTS (
	    SELECT 1 FROM pg_catalog.pg_class AS relation
	    WHERE relation.oid=ANY(ARRAY[
	      'support.session'::regclass,'support.message'::regclass,
	      'support.abuse_event'::regclass,'support."case"'::regclass,
	      'support.session_key'::regclass,'support.case_key'::regclass,
	      'support.shred_audit'::regclass,'support._shred_integrity_guard'::regclass
	    ]) AND (relation.relkind NOT IN ('r','p') OR relation.relowner<>v_owner)
	  ) THEN
	    RAISE EXCEPTION 'SUPPORT_SHRED_DEFINITION_DRIFT: owners';
	  END IF;
	END
	$support_shred_owner_contract$;
	
	DO $support_shred_function_preflight$
	DECLARE
	  v_present integer;
	  v_valid integer;
	BEGIN
	  SELECT pg_catalog.count(*),pg_catalog.count(*) FILTER (WHERE
	    procedure.prorettype='trigger'::regtype
	    AND procedure.provolatile='v'
	    AND procedure.prosecdef
	    AND NOT procedure.proisstrict
	    AND procedure.proconfig=ARRAY['search_path=pg_catalog, pg_temp']::text[]
	    AND procedure.proowner=(SELECT relowner FROM pg_catalog.pg_class
	      WHERE oid='support.session'::regclass)
	    AND pg_catalog.encode(audit_crypto_internal.digest(
	      pg_catalog.convert_to(procedure.prosrc,'UTF8'),'sha256'
	    ),'hex')=CASE procedure.proname
	      WHEN 'mark_shred_integrity_dirty'
	        THEN '538dac0a59a56771a1081636404cd2f9d6e32c0550ae465a0f8085dc02c55276'
	      WHEN 'assert_shred_integrity'
	        THEN '33ed86b5ba3aa1b98d99158a533c7347ab8ec1fce73bb8830ec901d6b6f7d44c'
	    END
	  ) INTO v_present,v_valid
	  FROM pg_catalog.pg_proc AS procedure
	  WHERE procedure.pronamespace='support'::regnamespace
	    AND procedure.proname IN (
	      'mark_shred_integrity_dirty','assert_shred_integrity'
	    ) AND procedure.pronargs=0;
	  IF v_present NOT IN (0,2) OR (v_present=2 AND v_valid<>2) THEN
	    RAISE EXCEPTION 'SUPPORT_SHRED_DEFINITION_DRIFT: functions';
	  END IF;
	END
	$support_shred_function_preflight$;
	
	CREATE OR REPLACE FUNCTION support.mark_shred_integrity_dirty()
	RETURNS trigger
	LANGUAGE plpgsql
	VOLATILE
	SECURITY DEFINER
	SET search_path = pg_catalog, pg_temp
	AS $support_shred_function$
	DECLARE
	  v_generation bigint;
	BEGIN
	  UPDATE support._shred_integrity_guard
	  SET mutation_generation=mutation_generation+1,
	      last_mutation_xid=pg_catalog.pg_current_xact_id()
	  WHERE singleton
	  RETURNING mutation_generation INTO v_generation;
	  IF NOT FOUND THEN
	    RAISE EXCEPTION 'SUPPORT_SHRED_GUARD_INVALID';
	  END IF;
	  RETURN NULL;
	END
	$support_shred_function$;
	
	CREATE OR REPLACE FUNCTION support.assert_shred_integrity()
	RETURNS trigger
	LANGUAGE plpgsql
	VOLATILE
	SECURITY DEFINER
	SET search_path = pg_catalog, pg_temp
	AS $support_shred_function$
	DECLARE
	  v_mutation_generation bigint;
	  v_validated_generation bigint;
	  v_last_mutation_xid xid8;
	  v_invalid boolean;
	  v_count integer;
	BEGIN
	  SELECT mutation_generation,validated_generation,last_mutation_xid
	  INTO v_mutation_generation,v_validated_generation,v_last_mutation_xid
	  FROM support._shred_integrity_guard
	  WHERE singleton
	  FOR UPDATE;
	  IF NOT FOUND OR v_last_mutation_xid IS DISTINCT FROM pg_catalog.pg_current_xact_id() THEN
	    RAISE EXCEPTION 'SUPPORT_SHRED_GUARD_INVALID';
	  END IF;
	  IF v_mutation_generation=v_validated_generation THEN
	    RETURN NEW;
	  END IF;
	
	  SELECT EXISTS (
	    SELECT 1 FROM support.session AS parent
	    LEFT JOIN support.session_key AS key ON key.session_id=parent.session_id
	    GROUP BY parent.session_id,parent.shredded_at
	    HAVING pg_catalog.count(key.session_id)<>1
	      OR pg_catalog.bool_or(
	        (parent.shredded_at IS NULL) IS DISTINCT FROM (key.destroyed_at IS NULL)
	      )
	    UNION ALL
	    SELECT 1 FROM support."case" AS parent
	    LEFT JOIN support.case_key AS key ON key.case_id=parent.case_id
	    GROUP BY parent.case_id,parent.shredded_at
	    HAVING pg_catalog.count(key.case_id)<>1
	      OR pg_catalog.bool_or(
	        (parent.shredded_at IS NULL) IS DISTINCT FROM (key.destroyed_at IS NULL)
	      )
	    UNION ALL
	    SELECT 1 FROM support."case" AS child
	    JOIN support.session AS parent ON parent.session_id=child.session_id
	    WHERE parent.shredded_at IS NOT NULL AND child.shredded_at IS NULL
	    UNION ALL
	    SELECT 1 FROM support.shred_audit AS audit
	    WHERE audit.target_kind='owner' AND (
	      NOT EXISTS (SELECT 1 FROM support.session AS owned
	        WHERE owned.identity_owner_ref=audit.target_ref::uuid)
	      OR EXISTS (SELECT 1 FROM support.session AS owned
	        WHERE owned.identity_owner_ref=audit.target_ref::uuid
	          AND owned.shredded_at IS NULL)
	      OR EXISTS (SELECT 1 FROM support."case" AS owned_case
	        JOIN support.session AS owned ON owned.session_id=owned_case.session_id
	        WHERE owned.identity_owner_ref=audit.target_ref::uuid
	          AND owned_case.shredded_at IS NULL)
	      OR audit.keys_destroyed<>(
	        SELECT pg_catalog.count(*)::integer FROM (
	          SELECT owned_key.session_id FROM support.session_key AS owned_key
	          JOIN support.session AS owned ON owned.session_id=owned_key.session_id
	          WHERE owned.identity_owner_ref=audit.target_ref::uuid
	          UNION ALL
	          SELECT owned_case_key.case_id FROM support.case_key AS owned_case_key
	          JOIN support."case" AS owned_case ON owned_case.case_id=owned_case_key.case_id
	          JOIN support.session AS owned ON owned.session_id=owned_case.session_id
	          WHERE owned.identity_owner_ref=audit.target_ref::uuid
	        ) AS owner_keys
	      )
	    )
	    UNION ALL
	    SELECT 1 FROM support.shred_audit AS audit
	    WHERE audit.target_kind='session' AND (
	      (SELECT pg_catalog.count(*) FROM support.session AS anonymous
	        WHERE anonymous.session_id=audit.target_ref::uuid
	          AND anonymous.identity_owner_ref IS NULL)<>1
	      OR EXISTS (SELECT 1 FROM support.session AS anonymous
	        WHERE anonymous.session_id=audit.target_ref::uuid
	          AND anonymous.shredded_at IS NULL)
	      OR EXISTS (SELECT 1 FROM support."case" AS anonymous_case
	        WHERE anonymous_case.session_id=audit.target_ref::uuid
	          AND anonymous_case.shredded_at IS NULL)
	      OR audit.keys_destroyed<>(
	        SELECT pg_catalog.count(*)::integer FROM (
	          SELECT anonymous_key.session_id FROM support.session_key AS anonymous_key
	          WHERE anonymous_key.session_id=audit.target_ref::uuid
	          UNION ALL
	          SELECT anonymous_case_key.case_id FROM support.case_key AS anonymous_case_key
	          JOIN support."case" AS anonymous_case
	            ON anonymous_case.case_id=anonymous_case_key.case_id
	          WHERE anonymous_case.session_id=audit.target_ref::uuid
	        ) AS anonymous_keys
	      )
	    )
	    UNION ALL
	    SELECT 1 FROM support.session AS object
	    WHERE object.shredded_at IS NOT NULL AND (
	      SELECT pg_catalog.count(*) FROM support.shred_audit AS audit
	      WHERE (audit.target_kind='owner'
	          AND object.identity_owner_ref IS NOT NULL
	          AND audit.target_ref=object.identity_owner_ref::text)
	        OR (audit.target_kind='session'
	          AND object.identity_owner_ref IS NULL
	          AND audit.target_ref=object.session_id::text)
	    )<>1
	    UNION ALL
	    SELECT 1 FROM support."case" AS object
	    JOIN support.session AS parent ON parent.session_id=object.session_id
	    WHERE object.shredded_at IS NOT NULL AND (
	      SELECT pg_catalog.count(*) FROM support.shred_audit AS audit
	      WHERE (audit.target_kind='owner'
	          AND parent.identity_owner_ref IS NOT NULL
	          AND audit.target_ref=parent.identity_owner_ref::text)
	        OR (audit.target_kind='session'
	          AND parent.identity_owner_ref IS NULL
	          AND audit.target_ref=parent.session_id::text)
	    )<>1
	  ) INTO v_invalid;
	
	  IF v_invalid THEN
	    RAISE EXCEPTION 'SUPPORT_SHRED_INTEGRITY_INVALID';
	  END IF;
	
	  v_count:=COALESCE(NULLIF(pg_catalog.current_setting(
	    'debateai.support_shred_validation_count',true
	  ),'')::integer,0)+1;
	  PERFORM pg_catalog.set_config(
	    'debateai.support_shred_validation_count',v_count::text,true
	  );
	
	  UPDATE support._shred_integrity_guard
	  SET validated_generation=v_mutation_generation,
	      last_validation_xid=pg_catalog.pg_current_xact_id()
	  WHERE singleton
	    AND mutation_generation=v_mutation_generation
	    AND last_mutation_xid=v_last_mutation_xid;
	  IF NOT FOUND THEN
	    RAISE EXCEPTION 'SUPPORT_SHRED_GUARD_INVALID';
	  END IF;
	  RETURN NEW;
	END
	$support_shred_function$;
	
	REVOKE ALL ON FUNCTION support.mark_shred_integrity_dirty() FROM PUBLIC;
	REVOKE ALL ON FUNCTION support.assert_shred_integrity() FROM PUBLIC;
	REVOKE ALL ON FUNCTION support.mark_shred_integrity_dirty() FROM debateai_support;
	REVOKE ALL ON FUNCTION support.assert_shred_integrity() FROM debateai_support;
	
	DO $support_shred_triggers_install$
	DECLARE
	  v_marker_count integer;
	  v_guard_count integer;
	BEGIN
	  SELECT pg_catalog.count(*) INTO v_marker_count
	  FROM pg_catalog.pg_trigger AS trigger
	  JOIN pg_catalog.pg_class AS relation ON relation.oid=trigger.tgrelid
	  JOIN pg_catalog.pg_namespace AS namespace ON namespace.oid=relation.relnamespace
	  WHERE namespace.nspname='support' AND NOT trigger.tgisinternal
	    AND trigger.tgname LIKE 'support_shred_dirty_%';
	  SELECT pg_catalog.count(*) INTO v_guard_count
	  FROM pg_catalog.pg_trigger AS trigger
	  WHERE trigger.tgrelid='support._shred_integrity_guard'::regclass
	    AND NOT trigger.tgisinternal
	    AND trigger.tgname='support_shred_integrity_guard_trigger';
	  IF v_marker_count=0 AND v_guard_count=0 THEN
	    CREATE TRIGGER support_shred_dirty_session
	      AFTER INSERT OR UPDATE OR DELETE ON support.session
	      FOR EACH STATEMENT EXECUTE FUNCTION support.mark_shred_integrity_dirty();
	    CREATE TRIGGER support_shred_dirty_session_key
	      AFTER INSERT OR UPDATE OR DELETE ON support.session_key
	      FOR EACH STATEMENT EXECUTE FUNCTION support.mark_shred_integrity_dirty();
	    CREATE TRIGGER support_shred_dirty_case
	      AFTER INSERT OR UPDATE OR DELETE ON support."case"
	      FOR EACH STATEMENT EXECUTE FUNCTION support.mark_shred_integrity_dirty();
	    CREATE TRIGGER support_shred_dirty_case_key
	      AFTER INSERT OR UPDATE OR DELETE ON support.case_key
	      FOR EACH STATEMENT EXECUTE FUNCTION support.mark_shred_integrity_dirty();
	    CREATE TRIGGER support_shred_dirty_audit
	      AFTER INSERT OR UPDATE OR DELETE ON support.shred_audit
	      FOR EACH STATEMENT EXECUTE FUNCTION support.mark_shred_integrity_dirty();
	    CREATE CONSTRAINT TRIGGER support_shred_integrity_guard_trigger
	      AFTER UPDATE OF mutation_generation ON support._shred_integrity_guard
	      DEFERRABLE INITIALLY DEFERRED
	      FOR EACH ROW EXECUTE FUNCTION support.assert_shred_integrity();
	  ELSIF v_marker_count<>5 OR v_guard_count<>1 THEN
	    RAISE EXCEPTION 'SUPPORT_SHRED_DEFINITION_DRIFT: triggers';
	  END IF;
	END
	$support_shred_triggers_install$;
	
	DO $support_shred_functions_triggers_contract$
	DECLARE
	  v_function_count integer;
	  v_trigger_count integer;
	BEGIN
	  SELECT pg_catalog.count(*) INTO v_function_count
	  FROM pg_catalog.pg_proc AS procedure
	  WHERE procedure.oid=ANY(ARRAY[
	    'support.mark_shred_integrity_dirty()'::regprocedure,
	    'support.assert_shred_integrity()'::regprocedure
	  ])
	    AND procedure.prorettype='trigger'::regtype
	    AND procedure.provolatile='v'
	    AND procedure.prosecdef
	    AND NOT procedure.proisstrict
	    AND procedure.proconfig=ARRAY['search_path=pg_catalog, pg_temp']::text[]
	    AND procedure.proowner=(SELECT relowner FROM pg_catalog.pg_class
	      WHERE oid='support.session'::regclass)
	    AND pg_catalog.encode(audit_crypto_internal.digest(
	      pg_catalog.convert_to(procedure.prosrc,'UTF8'),'sha256'
	    ),'hex')=CASE procedure.proname
	      WHEN 'mark_shred_integrity_dirty'
	        THEN '538dac0a59a56771a1081636404cd2f9d6e32c0550ae465a0f8085dc02c55276'
	      WHEN 'assert_shred_integrity'
	        THEN '33ed86b5ba3aa1b98d99158a533c7347ab8ec1fce73bb8830ec901d6b6f7d44c'
	    END
	    AND NOT pg_catalog.has_function_privilege(
	      'public',procedure.oid,'EXECUTE'
	    )
	    AND NOT pg_catalog.has_function_privilege(
	      'debateai_support',procedure.oid,'EXECUTE'
	    );
	  IF v_function_count<>2 THEN
	    RAISE EXCEPTION 'SUPPORT_SHRED_DEFINITION_DRIFT: functions';
	  END IF;
	
	  SELECT pg_catalog.count(*) INTO v_trigger_count
	  FROM pg_catalog.pg_trigger AS trigger
	  WHERE NOT trigger.tgisinternal AND (
	    (trigger.tgname='support_shred_dirty_session'
	      AND trigger.tgrelid='support.session'::regclass)
	    OR (trigger.tgname='support_shred_dirty_session_key'
	      AND trigger.tgrelid='support.session_key'::regclass)
	    OR (trigger.tgname='support_shred_dirty_case'
	      AND trigger.tgrelid='support."case"'::regclass)
	    OR (trigger.tgname='support_shred_dirty_case_key'
	      AND trigger.tgrelid='support.case_key'::regclass)
	    OR (trigger.tgname='support_shred_dirty_audit'
	      AND trigger.tgrelid='support.shred_audit'::regclass)
	  )
	    AND trigger.tgfoid='support.mark_shred_integrity_dirty()'::regprocedure
	    AND trigger.tgtype=28
	    AND NOT trigger.tgdeferrable
	    AND NOT trigger.tginitdeferred;
	  IF v_trigger_count<>5 OR NOT EXISTS (
	    SELECT 1 FROM pg_catalog.pg_trigger AS trigger
	    WHERE trigger.tgname='support_shred_integrity_guard_trigger'
	      AND trigger.tgrelid='support._shred_integrity_guard'::regclass
	      AND trigger.tgfoid='support.assert_shred_integrity()'::regprocedure
	      AND trigger.tgtype=17
	      AND trigger.tgdeferrable AND trigger.tginitdeferred
	      AND pg_catalog.pg_get_triggerdef(trigger.oid,true)
	        LIKE '%UPDATE OF mutation_generation%'
	  ) THEN
	    RAISE EXCEPTION 'SUPPORT_SHRED_DEFINITION_DRIFT: triggers';
	  END IF;
	END
	$support_shred_functions_triggers_contract$;
	
	DO $support_shred_privilege_preflight$
	BEGIN
	  IF EXISTS (
	    SELECT 1 FROM pg_catalog.pg_class AS relation
	    JOIN pg_catalog.pg_namespace AS namespace ON namespace.oid=relation.relnamespace
	    WHERE namespace.nspname='support' AND relation.relkind IN ('r','p')
	      AND pg_catalog.has_table_privilege('debateai_support',relation.oid,
	        'UPDATE,DELETE,TRUNCATE,REFERENCES,TRIGGER')
	  ) OR EXISTS (
	    SELECT 1 FROM pg_catalog.pg_class AS relation
	    JOIN pg_catalog.pg_namespace AS namespace ON namespace.oid=relation.relnamespace
	    JOIN pg_catalog.pg_attribute AS attribute ON attribute.attrelid=relation.oid
	    WHERE namespace.nspname='support' AND relation.relkind IN ('r','p','v')
	      AND attribute.attnum>0 AND NOT attribute.attisdropped
	      AND pg_catalog.has_column_privilege(
	        'debateai_support',relation.oid,attribute.attname,'UPDATE'
	      )
	      AND (relation.relname,attribute.attname) NOT IN (
	        ('session','shredded_at'),('case','shredded_at'),
	        ('session','consent_own_context_at'),
	        ('case','state'),('case','summary_ciphertext'),
	        ('case','summary_at'),('case','summary_status'),
	        ('case','summary_authoritative'),
	        ('public_incident','ended_at'),
	        ('session_key','wrapped_key'),('session_key','destroyed_at'),
	        ('case_key','wrapped_key'),('case_key','destroyed_at')
	      )
	  ) THEN
	    RAISE EXCEPTION 'SUPPORT_SHRED_DEFINITION_DRIFT: privileges';
	  END IF;
	END
	$support_shred_privilege_preflight$;
	
	REVOKE ALL ON support.case_key FROM PUBLIC;
	REVOKE ALL ON support.shred_audit FROM PUBLIC;
	REVOKE ALL ON support._shred_integrity_guard FROM PUBLIC;
	REVOKE ALL ON support.relay_call FROM PUBLIC;
	REVOKE ALL ON support.relay_waiter FROM PUBLIC;
	REVOKE ALL ON support.relay_waiter_event FROM PUBLIC;
	REVOKE ALL ON support.admission_event FROM PUBLIC;
	REVOKE ALL ON SEQUENCE support.relay_waiter_ticket_seq FROM PUBLIC;
	REVOKE ALL ON SEQUENCE support.relay_waiter_event_event_sequence_seq FROM PUBLIC;
	REVOKE ALL ON support.case_key FROM debateai_support;
	REVOKE ALL ON support.shred_audit FROM debateai_support;
	REVOKE ALL ON support._shred_integrity_guard FROM debateai_support;
	REVOKE ALL ON support.relay_call FROM debateai_support;
	REVOKE ALL ON support.relay_waiter FROM debateai_support;
	REVOKE ALL ON support.relay_waiter_event FROM debateai_support;
	REVOKE ALL ON support.admission_event FROM debateai_support;
	REVOKE ALL ON SEQUENCE support.relay_waiter_ticket_seq FROM debateai_support;
	REVOKE ALL ON SEQUENCE support.relay_waiter_event_event_sequence_seq FROM debateai_support;
	
	GRANT SELECT,INSERT ON support.case_key TO debateai_support;
	GRANT SELECT,INSERT ON support.shred_audit TO debateai_support;
	GRANT SELECT,INSERT ON support.relay_call TO debateai_support;
	GRANT SELECT,INSERT ON support.relay_waiter TO debateai_support;
	GRANT SELECT,INSERT ON support.relay_waiter_event TO debateai_support;
	GRANT USAGE,SELECT ON SEQUENCE support.relay_waiter_ticket_seq TO debateai_support;
	GRANT USAGE,SELECT ON SEQUENCE support.relay_waiter_event_event_sequence_seq TO debateai_support;
	GRANT SELECT,INSERT ON support.admission_event TO debateai_support;
	GRANT UPDATE (shredded_at) ON support.session TO debateai_support;
	GRANT UPDATE (shredded_at) ON support."case" TO debateai_support;
	GRANT UPDATE (wrapped_key,destroyed_at) ON support.session_key TO debateai_support;
	GRANT UPDATE (wrapped_key,destroyed_at) ON support.case_key TO debateai_support;
	
	DO $support_shred_privilege_contract$
	DECLARE
	  v_application_count integer;
	  v_update_count integer;
	BEGIN
	  SELECT pg_catalog.count(*) INTO v_application_count
	  FROM pg_catalog.pg_class AS relation
	  JOIN pg_catalog.pg_namespace AS namespace ON namespace.oid=relation.relnamespace
	  WHERE namespace.nspname='support' AND relation.relkind IN ('r','p')
	    AND relation.relname<>'_shred_integrity_guard'
	    AND pg_catalog.has_table_privilege('debateai_support',relation.oid,'SELECT')
	    AND pg_catalog.has_table_privilege('debateai_support',relation.oid,'INSERT')
	    AND NOT pg_catalog.has_table_privilege('debateai_support',relation.oid,'UPDATE')
	    AND NOT pg_catalog.has_table_privilege('debateai_support',relation.oid,'DELETE')
	    AND NOT pg_catalog.has_table_privilege('debateai_support',relation.oid,'TRUNCATE')
	    AND NOT pg_catalog.has_table_privilege('debateai_support',relation.oid,'REFERENCES')
	    AND NOT pg_catalog.has_table_privilege('debateai_support',relation.oid,'TRIGGER');
	  IF v_application_count<>(
	    SELECT pg_catalog.count(*)
	    FROM pg_catalog.pg_class AS relation
	    JOIN pg_catalog.pg_namespace AS namespace ON namespace.oid=relation.relnamespace
	    WHERE namespace.nspname='support' AND relation.relkind IN ('r','p')
	      AND relation.relname<>'_shred_integrity_guard'
	  ) OR EXISTS (
	    SELECT 1 FROM pg_catalog.pg_class AS relation
	    WHERE relation.oid='support._shred_integrity_guard'::regclass
	      AND pg_catalog.has_table_privilege('debateai_support',relation.oid,
	        'SELECT,INSERT,UPDATE,DELETE,TRUNCATE,REFERENCES,TRIGGER')
	  ) OR EXISTS (
	    SELECT 1 FROM pg_catalog.pg_class AS relation
	    JOIN pg_catalog.pg_namespace AS namespace ON namespace.oid=relation.relnamespace,
	      LATERAL pg_catalog.aclexplode(COALESCE(
	        relation.relacl,pg_catalog.acldefault('r',relation.relowner)
	      )) AS acl
	    WHERE namespace.nspname='support' AND acl.grantee=0
	  ) THEN
	    RAISE EXCEPTION 'SUPPORT_SHRED_DEFINITION_DRIFT: privileges';
	  END IF;
	
	  SELECT pg_catalog.count(*) INTO v_update_count
	  FROM pg_catalog.pg_class AS relation
	  JOIN pg_catalog.pg_namespace AS namespace ON namespace.oid=relation.relnamespace
	  JOIN pg_catalog.pg_attribute AS attribute ON attribute.attrelid=relation.oid
	  WHERE namespace.nspname='support' AND relation.relkind IN ('r','p','v')
	    AND attribute.attnum>0 AND NOT attribute.attisdropped
	    AND pg_catalog.has_column_privilege(
	      'debateai_support',relation.oid,attribute.attname,'UPDATE'
	    );
	  IF v_update_count<6 OR EXISTS (
	    SELECT 1 FROM (VALUES
	      ('session','shredded_at'),('case','shredded_at'),
	      ('session_key','wrapped_key'),('session_key','destroyed_at'),
	      ('case_key','wrapped_key'),('case_key','destroyed_at')
	    ) AS required(table_name,column_name)
	    WHERE NOT pg_catalog.has_column_privilege(
	      'debateai_support',
	      pg_catalog.format('support.%I',required.table_name),
	      required.column_name,'UPDATE'
	    )
	  ) OR EXISTS (
	    SELECT 1 FROM pg_catalog.pg_class AS relation
	    JOIN pg_catalog.pg_namespace AS namespace ON namespace.oid=relation.relnamespace
	    JOIN pg_catalog.pg_attribute AS attribute ON attribute.attrelid=relation.oid
	    WHERE namespace.nspname='support' AND relation.relkind IN ('r','p','v')
	      AND attribute.attnum>0 AND NOT attribute.attisdropped
	      AND pg_catalog.has_column_privilege(
	        'debateai_support',relation.oid,attribute.attname,'UPDATE'
	      )
	      AND (relation.relname,attribute.attname) NOT IN (
	        ('session','shredded_at'),('case','shredded_at'),
	        ('session','consent_own_context_at'),
	        ('case','state'),('case','summary_ciphertext'),
	        ('case','summary_at'),('case','summary_status'),
	        ('case','summary_authoritative'),
	        ('public_incident','ended_at'),
	        ('session_key','wrapped_key'),('session_key','destroyed_at'),
	        ('case_key','wrapped_key'),('case_key','destroyed_at')
	      )
	  ) THEN
	    RAISE EXCEPTION 'SUPPORT_SHRED_DEFINITION_DRIFT: privileges';
	  END IF;
	END
	$support_shred_privilege_contract$;
	
	DO $support_shred_guard_contract$
	BEGIN
	  IF (SELECT pg_catalog.count(*) FROM support._shred_integrity_guard)<>1
	      OR NOT EXISTS (
	        SELECT 1 FROM support._shred_integrity_guard
	        WHERE singleton AND mutation_generation>=validated_generation
	          AND mutation_generation>=0 AND validated_generation>=0
	      ) THEN
	    RAISE EXCEPTION 'SUPPORT_SHRED_DEFINITION_DRIFT: guard row';
	  END IF;
	END
	$support_shred_guard_contract$;
	
	-- Schedule one startup/replay validation in the migration transaction itself.
	UPDATE support._shred_integrity_guard
	SET mutation_generation=mutation_generation+1,
	    last_mutation_xid=pg_catalog.pg_current_xact_id()
	WHERE singleton;
	


 ✓ tests/integration/support-shred.test.ts > SUP-07 support key schema and transaction-bound integrity > runs one scan per dirty generation including a later valid generation 4ms
 ✓ tests/integration/support-shred.test.ts > SUP-07 support key schema and transaction-bound integrity > uses total database-native owner/session lock domains across 10,000 UUIDs 38ms
 ✓ tests/integration/support-shred.test.ts > SUP-07 support key schema and transaction-bound integrity > uses the canonical lock helpers without a Node-side lock hash 1ms
 ✓ tests/integration/support-shred.test.ts > SUP-07 support key schema and transaction-bound integrity > fails startup coverage for an unkeyed session 5ms
 ✓ tests/integration/support-shred.test.ts > SUP-07 support key schema and transaction-bound integrity > creates cryptographically matched case material and preserves ciphertext after shred 14ms
stdout | tests/integration/support-shred.test.ts > SUP-07 support key schema and transaction-bound integrity > replays after 0055 is already recorded and rejects hostile catalog lookalikes
[S00 DB embedded] 2026-09-17 13:03:33.051 EEST [21588] ERROR:  SUPPORT_SHRED_DEFINITION_DRIFT: constraints
2026-09-17 13:03:33.051 EEST [21588] CONTEXT:  PL/pgSQL function inline_code_block line 77 at RAISE
2026-09-17 13:03:33.051 EEST [21588] STATEMENT:  -- SUP-07: independently wrapped support keys, irreversible tombstones, and
	-- transaction-bound global shred integrity.
	
	SELECT pg_catalog.pg_advisory_xact_lock(
	  pg_catalog.hashtextextended('debateai:support-shred-integrity:v1', 0)
	);
	
	-- Forward repair for catalogs where the historical 0050 bytes were already
	-- ledgered before SUP-06 added message telemetry and the complete abuse shape.
	ALTER TABLE support.message
	  ADD COLUMN IF NOT EXISTS model_called boolean NOT NULL DEFAULT false,
	  ADD COLUMN IF NOT EXISTS input_tokens bigint CHECK (input_tokens >= 0),
	  ADD COLUMN IF NOT EXISTS output_tokens bigint CHECK (output_tokens >= 0),
	  ADD COLUMN IF NOT EXISTS cost_usd numeric(18,6) CHECK (cost_usd >= 0),
	  ADD COLUMN IF NOT EXISTS degraded_reason text CHECK (degraded_reason IN ('relay','cap'));
	
	ALTER TABLE support.abuse_event
	  DROP CONSTRAINT IF EXISTS abuse_event_class_check,
	  DROP CONSTRAINT IF EXISTS support_abuse_event_class_ck;
	ALTER TABLE support.abuse_event
	  ADD CONSTRAINT support_abuse_event_class_ck CHECK (class IN (
	    'INJECTION','RATE_LIMIT','LOCK','IP_COOLDOWN','BOUNDARY_DENY','SECRET_LIKE'
	  ));
	
	CREATE INDEX IF NOT EXISTS support_abuse_event_session_class_idx
	  ON support.abuse_event(session_id,class);
	CREATE INDEX IF NOT EXISTS support_abuse_event_ip_class_at_idx
	  ON support.abuse_event(ip_sha256,class,at DESC);
	
	ALTER TABLE support."case"
	  ADD COLUMN IF NOT EXISTS trigger_generation text;
	DO $support_case_trigger_generation_constraint$
	BEGIN
	  IF NOT EXISTS (
	    SELECT 1 FROM pg_catalog.pg_constraint
	    WHERE conrelid='support."case"'::regclass
	      AND conname='support_case_trigger_generation_ck'
	  ) THEN
	    ALTER TABLE support."case" ADD CONSTRAINT support_case_trigger_generation_ck
	      CHECK (trigger_generation IS NULL OR (
	        pg_catalog.length(trigger_generation) BETWEEN 1 AND 128
	        AND trigger_generation !~ '[[:cntrl:]]'
	      ));
	  END IF;
	END
	$support_case_trigger_generation_constraint$;
	CREATE UNIQUE INDEX IF NOT EXISTS support_case_trigger_generation_unique
	  ON support."case"(session_id,trigger_predicate,trigger_generation)
	  WHERE trigger_generation IS NOT NULL;
	
	ALTER TABLE support.case_message
	  ADD COLUMN IF NOT EXISTS redacted boolean NOT NULL DEFAULT false;
	
	-- Append-only model-call reservations make the daily cap durable while
	-- session-scoped advisory locks make concurrency shared across API processes.
	CREATE TABLE IF NOT EXISTS support.relay_call (
	  call_id uuid NOT NULL,
	  utc_day date NOT NULL,
	  acquired_at timestamptz NOT NULL,
	  CONSTRAINT support_relay_call_pkey PRIMARY KEY (call_id),
	  CONSTRAINT support_relay_call_utc_day_ck CHECK (
	    utc_day = (pg_catalog.timezone('UTC',acquired_at))::date
	  )
	);
	CREATE INDEX IF NOT EXISTS support_relay_call_utc_day_idx
	  ON support.relay_call(utc_day);
	
	-- Cross-process queue order is an append-only ticket/event ledger. Expired
	-- WAITING leases are ignored, so a process restart cannot strand the head.
	CREATE TABLE IF NOT EXISTS support.relay_waiter (
	  ticket bigint GENERATED ALWAYS AS IDENTITY,
	  waiter_id uuid NOT NULL,
	  enqueued_at timestamptz NOT NULL,
	  CONSTRAINT support_relay_waiter_pkey PRIMARY KEY (ticket),
	  CONSTRAINT support_relay_waiter_id_unique UNIQUE (waiter_id)
	);
	CREATE TABLE IF NOT EXISTS support.relay_waiter_event (
	  event_sequence bigint GENERATED ALWAYS AS IDENTITY,
	  waiter_id uuid NOT NULL REFERENCES support.relay_waiter(waiter_id),
	  state text NOT NULL,
	  at timestamptz NOT NULL,
	  lease_until timestamptz,
	  CONSTRAINT support_relay_waiter_event_pkey PRIMARY KEY (event_sequence),
	  CONSTRAINT support_relay_waiter_event_state_ck CHECK (
	    state IN ('WAITING','ACQUIRED','COMPLETED','CANCELLED','DAILY_CAP')
	  ),
	  CONSTRAINT support_relay_waiter_event_lease_ck CHECK (
	    (state='WAITING' AND lease_until IS NOT NULL AND lease_until > at)
	    OR (state<>'WAITING' AND lease_until IS NULL)
	  )
	);
	CREATE INDEX IF NOT EXISTS support_relay_waiter_event_latest_idx
	  ON support.relay_waiter_event(waiter_id,event_sequence DESC);
	
	-- Admission observations contain only opaque identifiers/hashes and make
	-- ordinary rate windows durable across processes and restarts.
	CREATE TABLE IF NOT EXISTS support.admission_event (
	  admission_event_id uuid NOT NULL,
	  scope_kind text NOT NULL,
	  session_id uuid,
	  identity_owner_ref uuid,
	  ip_sha256 character(64) NOT NULL,
	  at timestamptz NOT NULL,
	  CONSTRAINT support_admission_event_pkey PRIMARY KEY (admission_event_id),
	  CONSTRAINT support_admission_event_scope_ck CHECK (
	    (scope_kind='SESSION' AND session_id IS NULL AND identity_owner_ref IS NULL)
	    OR (scope_kind='MESSAGE' AND session_id IS NOT NULL)
	  ),
	  CONSTRAINT support_admission_event_ip_ck CHECK (ip_sha256 ~ '^[0-9a-f]{64}$')
	);
	CREATE INDEX IF NOT EXISTS support_admission_event_ip_kind_at_idx
	  ON support.admission_event(ip_sha256,scope_kind,at DESC);
	CREATE INDEX IF NOT EXISTS support_admission_event_owner_kind_at_idx
	  ON support.admission_event(identity_owner_ref,scope_kind,at DESC)
	  WHERE identity_owner_ref IS NOT NULL;
	CREATE INDEX IF NOT EXISTS support_admission_event_session_kind_idx
	  ON support.admission_event(session_id,scope_kind)
	  WHERE session_id IS NOT NULL;
	
	-- Semantic content envelopes are v2. These owner-installed triggers reject new
	-- v1 content without invalidating or rewriting historical v1 ciphertext rows.
	CREATE OR REPLACE FUNCTION support.enforce_message_content_v2()
	RETURNS trigger
	LANGUAGE plpgsql
	SET search_path = pg_catalog, pg_temp
	AS $support_enforce_message_content_v2$
	BEGIN
	  IF pg_catalog.octet_length(NEW.content_ciphertext) < 29
	    OR pg_catalog.get_byte(NEW.content_ciphertext,0) <> 2 THEN
	    RAISE EXCEPTION 'SUPPORT_CONTENT_V2_REQUIRED';
	  END IF;
	  RETURN NEW;
	END
	$support_enforce_message_content_v2$;
	
	CREATE OR REPLACE FUNCTION support.enforce_case_message_content_v2()
	RETURNS trigger
	LANGUAGE plpgsql
	SET search_path = pg_catalog, pg_temp
	AS $support_enforce_case_message_content_v2$
	BEGIN
	  IF pg_catalog.octet_length(NEW.content_ciphertext) < 29
	    OR pg_catalog.get_byte(NEW.content_ciphertext,0) <> 2 THEN
	    RAISE EXCEPTION 'SUPPORT_CONTENT_V2_REQUIRED';
	  END IF;
	  RETURN NEW;
	END
	$support_enforce_case_message_content_v2$;
	
	CREATE OR REPLACE FUNCTION support.enforce_case_content_v2()
	RETURNS trigger
	LANGUAGE plpgsql
	SET search_path = pg_catalog, pg_temp
	AS $support_enforce_case_content_v2$
	BEGIN
	  IF (TG_OP = 'INSERT' OR TG_ARGV[0] = 'snapshot') AND (
	      pg_catalog.octet_length(NEW.transcript_snapshot_ciphertext) < 29
	      OR pg_catalog.get_byte(NEW.transcript_snapshot_ciphertext,0) <> 2
	    ) THEN
	    RAISE EXCEPTION 'SUPPORT_CONTENT_V2_REQUIRED';
	  END IF;
	  IF (TG_OP = 'INSERT' OR TG_ARGV[0] = 'summary') AND NEW.summary_ciphertext IS NOT NULL AND (
	      pg_catalog.octet_length(NEW.summary_ciphertext) < 29
	      OR pg_catalog.get_byte(NEW.summary_ciphertext,0) <> 2
	    ) THEN
	    RAISE EXCEPTION 'SUPPORT_CONTENT_V2_REQUIRED';
	  END IF;
	  RETURN NEW;
	END
	$support_enforce_case_content_v2$;
	
	REVOKE ALL ON FUNCTION support.enforce_message_content_v2() FROM PUBLIC;
	REVOKE ALL ON FUNCTION support.enforce_case_message_content_v2() FROM PUBLIC;
	REVOKE ALL ON FUNCTION support.enforce_case_content_v2() FROM PUBLIC;
	
	DO $support_content_v2_triggers$
	BEGIN
	  IF NOT EXISTS (SELECT 1 FROM pg_catalog.pg_trigger
	    WHERE tgrelid='support.message'::regclass AND tgname='support_message_content_v2_insert') THEN
	    CREATE TRIGGER support_message_content_v2_insert
	      BEFORE INSERT ON support.message FOR EACH ROW
	      EXECUTE FUNCTION support.enforce_message_content_v2();
	  END IF;
	  IF NOT EXISTS (SELECT 1 FROM pg_catalog.pg_trigger
	    WHERE tgrelid='support.message'::regclass AND tgname='support_message_content_v2_update') THEN
	    CREATE TRIGGER support_message_content_v2_update
	      BEFORE UPDATE OF content_ciphertext ON support.message FOR EACH ROW
	      EXECUTE FUNCTION support.enforce_message_content_v2();
	  END IF;
	  IF NOT EXISTS (SELECT 1 FROM pg_catalog.pg_trigger
	    WHERE tgrelid='support.case_message'::regclass AND tgname='support_case_message_content_v2_insert') THEN
	    CREATE TRIGGER support_case_message_content_v2_insert
	      BEFORE INSERT ON support.case_message FOR EACH ROW
	      EXECUTE FUNCTION support.enforce_case_message_content_v2();
	  END IF;
	  IF NOT EXISTS (SELECT 1 FROM pg_catalog.pg_trigger
	    WHERE tgrelid='support.case_message'::regclass AND tgname='support_case_message_content_v2_update') THEN
	    CREATE TRIGGER support_case_message_content_v2_update
	      BEFORE UPDATE OF content_ciphertext ON support.case_message FOR EACH ROW
	      EXECUTE FUNCTION support.enforce_case_message_content_v2();
	  END IF;
	  IF NOT EXISTS (SELECT 1 FROM pg_catalog.pg_trigger
	    WHERE tgrelid='support."case"'::regclass AND tgname='support_case_snapshot_v2_insert') THEN
	    CREATE TRIGGER support_case_snapshot_v2_insert
	      BEFORE INSERT ON support."case" FOR EACH ROW
	      EXECUTE FUNCTION support.enforce_case_content_v2('snapshot');
	  END IF;
	  IF NOT EXISTS (SELECT 1 FROM pg_catalog.pg_trigger
	    WHERE tgrelid='support."case"'::regclass AND tgname='support_case_snapshot_v2_update') THEN
	    CREATE TRIGGER support_case_snapshot_v2_update
	      BEFORE UPDATE OF transcript_snapshot_ciphertext ON support."case" FOR EACH ROW
	      EXECUTE FUNCTION support.enforce_case_content_v2('snapshot');
	  END IF;
	  IF NOT EXISTS (SELECT 1 FROM pg_catalog.pg_trigger
	    WHERE tgrelid='support."case"'::regclass AND tgname='support_case_summary_v2_update') THEN
	    CREATE TRIGGER support_case_summary_v2_update
	      BEFORE UPDATE OF summary_ciphertext ON support."case" FOR EACH ROW
	      EXECUTE FUNCTION support.enforce_case_content_v2('summary');
	  END IF;
	END
	$support_content_v2_triggers$;
	
	ALTER TABLE support.session_key
	  ADD COLUMN IF NOT EXISTS destroyed_at timestamptz;
	ALTER TABLE support.session
	  ADD COLUMN IF NOT EXISTS shredded_at timestamptz;
	ALTER TABLE support."case"
	  ADD COLUMN IF NOT EXISTS shredded_at timestamptz;
	
	CREATE TABLE IF NOT EXISTS support.case_key (
	  case_id uuid NOT NULL,
	  wrapped_key bytea NOT NULL,
	  created_at timestamptz NOT NULL,
	  destroyed_at timestamptz,
	  CONSTRAINT support_case_key_pkey PRIMARY KEY (case_id),
	  CONSTRAINT support_case_key_case_fk FOREIGN KEY (case_id)
	    REFERENCES support."case" (case_id),
	  CONSTRAINT support_case_key_destroyed_at_ck CHECK (
	    destroyed_at IS NULL OR destroyed_at >= created_at
	  ),
	  CONSTRAINT support_case_key_envelope_ck CHECK (
	    pg_catalog.octet_length(wrapped_key) = 61
	    AND (
	      (destroyed_at IS NULL AND pg_catalog.get_byte(wrapped_key, 0) = 1)
	      OR (destroyed_at IS NOT NULL
	        AND wrapped_key = pg_catalog.decode(pg_catalog.repeat('00', 61), 'hex'))
	    )
	  )
	);
	
	CREATE TABLE IF NOT EXISTS support.shred_audit (
	  at timestamptz NOT NULL,
	  os_user text NOT NULL,
	  target_kind text NOT NULL,
	  target_ref text NOT NULL,
	  keys_destroyed integer NOT NULL,
	  CONSTRAINT support_shred_audit_target_unique UNIQUE (target_kind, target_ref),
	  CONSTRAINT support_shred_audit_target_kind_ck CHECK (
	    target_kind IN ('owner', 'session')
	  ),
	  CONSTRAINT support_shred_audit_keys_destroyed_ck CHECK (keys_destroyed > 0),
	  CONSTRAINT support_shred_audit_os_user_ck CHECK (
	    pg_catalog.length(os_user) BETWEEN 1 AND 128
	    AND os_user !~ '[[:cntrl:]]'
	  ),
	  CONSTRAINT support_shred_audit_target_ref_ck CHECK (
	    target_ref ~ '^[0-9a-f]{8}-[0-9a-f]{4}-[1-5][0-9a-f]{3}-[89ab][0-9a-f]{3}-[0-9a-f]{12}$'
	  )
	);
	
	CREATE TABLE IF NOT EXISTS support._shred_integrity_guard (
	  singleton boolean NOT NULL DEFAULT true,
	  mutation_generation bigint NOT NULL,
	  validated_generation bigint NOT NULL,
	  last_mutation_xid xid8,
	  last_validation_xid xid8,
	  CONSTRAINT support_shred_integrity_guard_pkey PRIMARY KEY (singleton),
	  CONSTRAINT support_shred_integrity_guard_singleton_ck CHECK (singleton),
	  CONSTRAINT support_shred_integrity_guard_mutation_generation_ck CHECK (
	    mutation_generation >= 0
	  ),
	  CONSTRAINT support_shred_integrity_guard_validated_generation_ck CHECK (
	    validated_generation >= 0 AND validated_generation <= mutation_generation
	  )
	);
	
	INSERT INTO support._shred_integrity_guard(
	  singleton,mutation_generation,validated_generation,
	  last_mutation_xid,last_validation_xid
	)
	VALUES (true,0,0,NULL,NULL)
	ON CONFLICT (singleton) DO NOTHING;
	
	DO $support_shred_constraints_install$
	BEGIN
	  IF NOT EXISTS (
	    SELECT 1 FROM pg_catalog.pg_constraint
	    WHERE conrelid='support.session_key'::regclass
	      AND conname='support_session_key_destroyed_at_ck'
	  ) THEN
	    ALTER TABLE support.session_key
	      ADD CONSTRAINT support_session_key_destroyed_at_ck CHECK (
	        destroyed_at IS NULL OR destroyed_at >= created_at
	      );
	  END IF;
	  IF NOT EXISTS (
	    SELECT 1 FROM pg_catalog.pg_constraint
	    WHERE conrelid='support.session_key'::regclass
	      AND conname='support_session_key_envelope_ck'
	  ) THEN
	    ALTER TABLE support.session_key
	      ADD CONSTRAINT support_session_key_envelope_ck CHECK (
	        pg_catalog.octet_length(wrapped_key) = 61
	        AND (
	          (destroyed_at IS NULL AND pg_catalog.get_byte(wrapped_key,0) = 1)
	          OR (destroyed_at IS NOT NULL
	            AND wrapped_key=pg_catalog.decode(pg_catalog.repeat('00',61),'hex'))
	        )
	      );
	  END IF;
	  IF NOT EXISTS (
	    SELECT 1 FROM pg_catalog.pg_constraint
	    WHERE conrelid='support.session'::regclass
	      AND conname='support_session_shredded_at_ck'
	  ) THEN
	    ALTER TABLE support.session
	      ADD CONSTRAINT support_session_shredded_at_ck CHECK (
	        shredded_at IS NULL OR shredded_at >= created_at
	      );
	  END IF;
	  IF NOT EXISTS (
	    SELECT 1 FROM pg_catalog.pg_constraint
	    WHERE conrelid='support."case"'::regclass
	      AND conname='support_case_shredded_at_ck'
	  ) THEN
	    ALTER TABLE support."case"
	      ADD CONSTRAINT support_case_shredded_at_ck CHECK (
	        shredded_at IS NULL OR shredded_at >= created_at
	      );
	  END IF;
	END
	$support_shred_constraints_install$;
	
	DO $support_shred_columns_contract$
	DECLARE
	  v_count integer;
	BEGIN
	  SELECT pg_catalog.count(*) INTO v_count
	  FROM information_schema.columns
	  WHERE table_schema='support' AND (
	    (table_name='session_key' AND column_name='destroyed_at'
	      AND data_type='timestamp with time zone' AND is_nullable='YES')
	    OR (table_name='session' AND column_name='shredded_at'
	      AND data_type='timestamp with time zone' AND is_nullable='YES')
	    OR (table_name='case' AND column_name='shredded_at'
	      AND data_type='timestamp with time zone' AND is_nullable='YES')
	    OR (table_name='case_key' AND column_name='case_id'
	      AND data_type='uuid' AND is_nullable='NO')
	    OR (table_name='case_key' AND column_name='wrapped_key'
	      AND data_type='bytea' AND is_nullable='NO')
	    OR (table_name='case_key' AND column_name='created_at'
	      AND data_type='timestamp with time zone' AND is_nullable='NO')
	    OR (table_name='case_key' AND column_name='destroyed_at'
	      AND data_type='timestamp with time zone' AND is_nullable='YES')
	    OR (table_name='shred_audit' AND column_name='at'
	      AND data_type='timestamp with time zone' AND is_nullable='NO')
	    OR (table_name='shred_audit' AND column_name='os_user'
	      AND data_type='text' AND is_nullable='NO')
	    OR (table_name='shred_audit' AND column_name='target_kind'
	      AND data_type='text' AND is_nullable='NO')
	    OR (table_name='shred_audit' AND column_name='target_ref'
	      AND data_type='text' AND is_nullable='NO')
	    OR (table_name='shred_audit' AND column_name='keys_destroyed'
	      AND data_type='integer' AND is_nullable='NO')
	    OR (table_name='_shred_integrity_guard' AND column_name='singleton'
	      AND data_type='boolean' AND is_nullable='NO' AND column_default='true')
	    OR (table_name='_shred_integrity_guard' AND column_name IN (
	        'mutation_generation','validated_generation'
	      ) AND data_type='bigint' AND is_nullable='NO')
	    OR (table_name='_shred_integrity_guard' AND column_name IN (
	        'last_mutation_xid','last_validation_xid'
	      ) AND data_type='xid8' AND is_nullable='YES')
	  );
	  IF v_count <> 17 OR EXISTS (
	    SELECT 1 FROM information_schema.columns
	    WHERE table_schema='support'
	      AND table_name IN ('case_key','shred_audit','_shred_integrity_guard')
	      AND NOT (
	        (table_name='case_key' AND column_name IN (
	          'case_id','wrapped_key','created_at','destroyed_at'
	        ))
	        OR (table_name='shred_audit' AND column_name IN (
	          'at','os_user','target_kind','target_ref','keys_destroyed'
	        ))
	        OR (table_name='_shred_integrity_guard' AND column_name IN (
	          'singleton','mutation_generation','validated_generation',
	          'last_mutation_xid','last_validation_xid'
	        ))
	      )
	  ) THEN
	    RAISE EXCEPTION 'SUPPORT_SHRED_DEFINITION_DRIFT: columns';
	  END IF;
	END
	$support_shred_columns_contract$;
	
	DO $support_shred_constraints_contract$
	DECLARE
	  v_fk record;
	  v_session_key_destroyed text;
	  v_session_key_envelope text;
	  v_session_shredded text;
	  v_case_shredded text;
	  v_case_key_destroyed text;
	  v_case_key_envelope text;
	BEGIN
	  SELECT * INTO v_fk FROM pg_catalog.pg_constraint
	  WHERE conrelid='support.case_key'::regclass
	    AND conname='support_case_key_case_fk';
	  SELECT pg_catalog.pg_get_constraintdef(oid,true) INTO v_session_key_destroyed
	  FROM pg_catalog.pg_constraint WHERE conrelid='support.session_key'::regclass
	    AND conname='support_session_key_destroyed_at_ck';
	  SELECT pg_catalog.pg_get_constraintdef(oid,true) INTO v_session_key_envelope
	  FROM pg_catalog.pg_constraint WHERE conrelid='support.session_key'::regclass
	    AND conname='support_session_key_envelope_ck';
	  SELECT pg_catalog.pg_get_constraintdef(oid,true) INTO v_session_shredded
	  FROM pg_catalog.pg_constraint WHERE conrelid='support.session'::regclass
	    AND conname='support_session_shredded_at_ck';
	  SELECT pg_catalog.pg_get_constraintdef(oid,true) INTO v_case_shredded
	  FROM pg_catalog.pg_constraint WHERE conrelid='support."case"'::regclass
	    AND conname='support_case_shredded_at_ck';
	  SELECT pg_catalog.pg_get_constraintdef(oid,true) INTO v_case_key_destroyed
	  FROM pg_catalog.pg_constraint WHERE conrelid='support.case_key'::regclass
	    AND conname='support_case_key_destroyed_at_ck';
	  SELECT pg_catalog.pg_get_constraintdef(oid,true) INTO v_case_key_envelope
	  FROM pg_catalog.pg_constraint WHERE conrelid='support.case_key'::regclass
	    AND conname='support_case_key_envelope_ck';
	
	  IF v_fk.oid IS NULL OR v_fk.contype<>'f' OR NOT v_fk.convalidated
	      OR v_fk.condeferrable OR v_fk.condeferred
	      OR v_fk.confdeltype<>'a' OR v_fk.confupdtype<>'a'
	      OR v_fk.confmatchtype<>'s'
	      OR v_fk.conrelid<>'support.case_key'::regclass
	      OR v_fk.confrelid<>'support."case"'::regclass
	      OR v_fk.conkey<>ARRAY[(SELECT attnum FROM pg_catalog.pg_attribute
	        WHERE attrelid='support.case_key'::regclass AND attname='case_id')]::smallint[]
	      OR v_fk.confkey<>ARRAY[(SELECT attnum FROM pg_catalog.pg_attribute
	        WHERE attrelid='support."case"'::regclass AND attname='case_id')]::smallint[]
	      OR (SELECT pg_catalog.count(*) FROM pg_catalog.pg_constraint
	        WHERE conrelid='support.case_key'::regclass
	          AND contype='p' AND conkey=ARRAY[(SELECT attnum FROM pg_catalog.pg_attribute
	            WHERE attrelid='support.case_key'::regclass AND attname='case_id')]::smallint[])<>1
	      OR (SELECT pg_catalog.count(*) FROM pg_catalog.pg_constraint
	        WHERE conrelid='support.shred_audit'::regclass AND contype='u'
	          AND conkey=ARRAY[
	            (SELECT attnum FROM pg_catalog.pg_attribute WHERE attrelid='support.shred_audit'::regclass AND attname='target_kind'),
	            (SELECT attnum FROM pg_catalog.pg_attribute WHERE attrelid='support.shred_audit'::regclass AND attname='target_ref')
	          ]::smallint[])<>1 THEN
	    RAISE EXCEPTION 'SUPPORT_SHRED_DEFINITION_DRIFT: constraints';
	  END IF;
	
	  IF v_session_key_destroyed IS NULL
	      OR v_session_key_destroyed NOT LIKE '%destroyed_at IS NULL%destroyed_at >= created_at%'
	      OR v_session_shredded IS NULL
	      OR v_session_shredded NOT LIKE '%shredded_at IS NULL%shredded_at >= created_at%'
	      OR v_case_shredded IS NULL
	      OR v_case_shredded NOT LIKE '%shredded_at IS NULL%shredded_at >= created_at%'
	      OR v_case_key_destroyed IS NULL
	      OR v_case_key_destroyed NOT LIKE '%destroyed_at IS NULL%destroyed_at >= created_at%'
	      OR v_session_key_envelope IS NULL
	      OR v_session_key_envelope NOT LIKE '%octet_length(wrapped_key) = 61%'
	      OR v_session_key_envelope NOT LIKE '%get_byte(wrapped_key, 0) = 1%'
	      OR v_session_key_envelope NOT LIKE '%repeat(''00''::text, 61)%'
	      OR v_case_key_envelope IS NULL
	      OR v_case_key_envelope NOT LIKE '%octet_length(wrapped_key) = 61%'
	      OR v_case_key_envelope NOT LIKE '%get_byte(wrapped_key, 0) = 1%'
	      OR v_case_key_envelope NOT LIKE '%repeat(''00''::text, 61)%'
	      OR (SELECT pg_catalog.count(*) FROM pg_catalog.pg_constraint
	        WHERE conrelid='support.shred_audit'::regclass AND contype='c')<>4
	      OR (SELECT pg_catalog.count(*) FROM pg_catalog.pg_constraint
	        WHERE conrelid='support._shred_integrity_guard'::regclass AND contype='c')<>3
	  THEN
	    RAISE EXCEPTION 'SUPPORT_SHRED_DEFINITION_DRIFT: constraints';
	  END IF;
	END
	$support_shred_constraints_contract$;
	
	DO $support_shred_owner_contract$
	DECLARE
	  v_owner oid;
	BEGIN
	  SELECT relowner INTO v_owner FROM pg_catalog.pg_class
	  WHERE oid='support.session'::regclass;
	  IF v_owner IS NULL OR v_owner='debateai_support'::regrole OR EXISTS (
	    SELECT 1 FROM pg_catalog.pg_class AS relation
	    WHERE relation.oid=ANY(ARRAY[
	      'support.session'::regclass,'support.message'::regclass,
	      'support.abuse_event'::regclass,'support."case"'::regclass,
	      'support.session_key'::regclass,'support.case_key'::regclass,
	      'support.shred_audit'::regclass,'support._shred_integrity_guard'::regclass
	    ]) AND (relation.relkind NOT IN ('r','p') OR relation.relowner<>v_owner)
	  ) THEN
	    RAISE EXCEPTION 'SUPPORT_SHRED_DEFINITION_DRIFT: owners';
	  END IF;
	END
	$support_shred_owner_contract$;
	
	DO $support_shred_function_preflight$
	DECLARE
	  v_present integer;
	  v_valid integer;
	BEGIN
	  SELECT pg_catalog.count(*),pg_catalog.count(*) FILTER (WHERE
	    procedure.prorettype='trigger'::regtype
	    AND procedure.provolatile='v'
	    AND procedure.prosecdef
	    AND NOT procedure.proisstrict
	    AND procedure.proconfig=ARRAY['search_path=pg_catalog, pg_temp']::text[]
	    AND procedure.proowner=(SELECT relowner FROM pg_catalog.pg_class
	      WHERE oid='support.session'::regclass)
	    AND pg_catalog.encode(audit_crypto_internal.digest(
	      pg_catalog.convert_to(procedure.prosrc,'UTF8'),'sha256'
	    ),'hex')=CASE procedure.proname
	      WHEN 'mark_shred_integrity_dirty'
	        THEN '538dac0a59a56771a1081636404cd2f9d6e32c0550ae465a0f8085dc02c55276'
	      WHEN 'assert_shred_integrity'
	        THEN '33ed86b5ba3aa1b98d99158a533c7347ab8ec1fce73bb8830ec901d6b6f7d44c'
	    END
	  ) INTO v_present,v_valid
	  FROM pg_catalog.pg_proc AS procedure
	  WHERE procedure.pronamespace='support'::regnamespace
	    AND procedure.proname IN (
	      'mark_shred_integrity_dirty','assert_shred_integrity'
	    ) AND procedure.pronargs=0;
	  IF v_present NOT IN (0,2) OR (v_present=2 AND v_valid<>2) THEN
	    RAISE EXCEPTION 'SUPPORT_SHRED_DEFINITION_DRIFT: functions';
	  END IF;
	END
	$support_shred_function_preflight$;
	
	CREATE OR REPLACE FUNCTION support.mark_shred_integrity_dirty()
	RETURNS trigger
	LANGUAGE plpgsql
	VOLATILE
	SECURITY DEFINER
	SET search_path = pg_catalog, pg_temp
	AS $support_shred_function$
	DECLARE
	  v_generation bigint;
	BEGIN
	  UPDATE support._shred_integrity_guard
	  SET mutation_generation=mutation_generation+1,
	      last_mutation_xid=pg_catalog.pg_current_xact_id()
	  WHERE singleton
	  RETURNING mutation_generation INTO v_generation;
	  IF NOT FOUND THEN
	    RAISE EXCEPTION 'SUPPORT_SHRED_GUARD_INVALID';
	  END IF;
	  RETURN NULL;
	END
	$support_shred_function$;
	
	CREATE OR REPLACE FUNCTION support.assert_shred_integrity()
	RETURNS trigger
	LANGUAGE plpgsql
	VOLATILE
	SECURITY DEFINER
	SET search_path = pg_catalog, pg_temp
	AS $support_shred_function$
	DECLARE
	  v_mutation_generation bigint;
	  v_validated_generation bigint;
	  v_last_mutation_xid xid8;
	  v_invalid boolean;
	  v_count integer;
	BEGIN
	  SELECT mutation_generation,validated_generation,last_mutation_xid
	  INTO v_mutation_generation,v_validated_generation,v_last_mutation_xid
	  FROM support._shred_integrity_guard
	  WHERE singleton
	  FOR UPDATE;
	  IF NOT FOUND OR v_last_mutation_xid IS DISTINCT FROM pg_catalog.pg_current_xact_id() THEN
	    RAISE EXCEPTION 'SUPPORT_SHRED_GUARD_INVALID';
	  END IF;
	  IF v_mutation_generation=v_validated_generation THEN
	    RETURN NEW;
	  END IF;
	
	  SELECT EXISTS (
	    SELECT 1 FROM support.session AS parent
	    LEFT JOIN support.session_key AS key ON key.session_id=parent.session_id
	    GROUP BY parent.session_id,parent.shredded_at
	    HAVING pg_catalog.count(key.session_id)<>1
	      OR pg_catalog.bool_or(
	        (parent.shredded_at IS NULL) IS DISTINCT FROM (key.destroyed_at IS NULL)
	      )
	    UNION ALL
	    SELECT 1 FROM support."case" AS parent
	    LEFT JOIN support.case_key AS key ON key.case_id=parent.case_id
	    GROUP BY parent.case_id,parent.shredded_at
	    HAVING pg_catalog.count(key.case_id)<>1
	      OR pg_catalog.bool_or(
	        (parent.shredded_at IS NULL) IS DISTINCT FROM (key.destroyed_at IS NULL)
	      )
	    UNION ALL
	    SELECT 1 FROM support."case" AS child
	    JOIN support.session AS parent ON parent.session_id=child.session_id
	    WHERE parent.shredded_at IS NOT NULL AND child.shredded_at IS NULL
	    UNION ALL
	    SELECT 1 FROM support.shred_audit AS audit
	    WHERE audit.target_kind='owner' AND (
	      NOT EXISTS (SELECT 1 FROM support.session AS owned
	        WHERE owned.identity_owner_ref=audit.target_ref::uuid)
	      OR EXISTS (SELECT 1 FROM support.session AS owned
	        WHERE owned.identity_owner_ref=audit.target_ref::uuid
	          AND owned.shredded_at IS NULL)
	      OR EXISTS (SELECT 1 FROM support."case" AS owned_case
	        JOIN support.session AS owned ON owned.session_id=owned_case.session_id
	        WHERE owned.identity_owner_ref=audit.target_ref::uuid
	          AND owned_case.shredded_at IS NULL)
	      OR audit.keys_destroyed<>(
	        SELECT pg_catalog.count(*)::integer FROM (
	          SELECT owned_key.session_id FROM support.session_key AS owned_key
	          JOIN support.session AS owned ON owned.session_id=owned_key.session_id
	          WHERE owned.identity_owner_ref=audit.target_ref::uuid
	          UNION ALL
	          SELECT owned_case_key.case_id FROM support.case_key AS owned_case_key
	          JOIN support."case" AS owned_case ON owned_case.case_id=owned_case_key.case_id
	          JOIN support.session AS owned ON owned.session_id=owned_case.session_id
	          WHERE owned.identity_owner_ref=audit.target_ref::uuid
	        ) AS owner_keys
	      )
	    )
	    UNION ALL
	    SELECT 1 FROM support.shred_audit AS audit
	    WHERE audit.target_kind='session' AND (
	      (SELECT pg_catalog.count(*) FROM support.session AS anonymous
	        WHERE anonymous.session_id=audit.target_ref::uuid
	          AND anonymous.identity_owner_ref IS NULL)<>1
	      OR EXISTS (SELECT 1 FROM support.session AS anonymous
	        WHERE anonymous.session_id=audit.target_ref::uuid
	          AND anonymous.shredded_at IS NULL)
	      OR EXISTS (SELECT 1 FROM support."case" AS anonymous_case
	        WHERE anonymous_case.session_id=audit.target_ref::uuid
	          AND anonymous_case.shredded_at IS NULL)
	      OR audit.keys_destroyed<>(
	        SELECT pg_catalog.count(*)::integer FROM (
	          SELECT anonymous_key.session_id FROM support.session_key AS anonymous_key
	          WHERE anonymous_key.session_id=audit.target_ref::uuid
	          UNION ALL
	          SELECT anonymous_case_key.case_id FROM support.case_key AS anonymous_case_key
	          JOIN support."case" AS anonymous_case
	            ON anonymous_case.case_id=anonymous_case_key.case_id
	          WHERE anonymous_case.session_id=audit.target_ref::uuid
	        ) AS anonymous_keys
	      )
	    )
	    UNION ALL
	    SELECT 1 FROM support.session AS object
	    WHERE object.shredded_at IS NOT NULL AND (
	      SELECT pg_catalog.count(*) FROM support.shred_audit AS audit
	      WHERE (audit.target_kind='owner'
	          AND object.identity_owner_ref IS NOT NULL
	          AND audit.target_ref=object.identity_owner_ref::text)
	        OR (audit.target_kind='session'
	          AND object.identity_owner_ref IS NULL
	          AND audit.target_ref=object.session_id::text)
	    )<>1
	    UNION ALL
	    SELECT 1 FROM support."case" AS object
	    JOIN support.session AS parent ON parent.session_id=object.session_id
	    WHERE object.shredded_at IS NOT NULL AND (
	      SELECT pg_catalog.count(*) FROM support.shred_audit AS audit
	      WHERE (audit.target_kind='owner'
	          AND parent.identity_owner_ref IS NOT NULL
	          AND audit.target_ref=parent.identity_owner_ref::text)
	        OR (audit.target_kind='session'
	          AND parent.identity_owner_ref IS NULL
	          AND audit.target_ref=parent.session_id::text)
	    )<>1
	  ) INTO v_invalid;
	
	  IF v_invalid THEN
	    RAISE EXCEPTION 'SUPPORT_SHRED_INTEGRITY_INVALID';
	  END IF;
	
	  v_count:=COALESCE(NULLIF(pg_catalog.current_setting(
	    'debateai.support_shred_validation_count',true
	  ),'')::integer,0)+1;
	  PERFORM pg_catalog.set_config(
	    'debateai.support_shred_validation_count',v_count::text,true
	  );
	
	  UPDATE support._shred_integrity_guard
	  SET validated_generation=v_mutation_generation,
	      last_validation_xid=pg_catalog.pg_current_xact_id()
	  WHERE singleton
	    AND mutation_generation=v_mutation_generation
	    AND last_mutation_xid=v_last_mutation_xid;
	  IF NOT FOUND THEN
	    RAISE EXCEPTION 'SUPPORT_SHRED_GUARD_INVALID';
	  END IF;
	  RETURN NEW;
	END
	$support_shred_function$;
	
	REVOKE ALL ON FUNCTION support.mark_shred_integrity_dirty() FROM PUBLIC;
	REVOKE ALL ON FUNCTION support.assert_shred_integrity() FROM PUBLIC;
	REVOKE ALL ON FUNCTION support.mark_shred_integrity_dirty() FROM debateai_support;
	REVOKE ALL ON FUNCTION support.assert_shred_integrity() FROM debateai_support;
	
	DO $support_shred_triggers_install$
	DECLARE
	  v_marker_count integer;
	  v_guard_count integer;
	BEGIN
	  SELECT pg_catalog.count(*) INTO v_marker_count
	  FROM pg_catalog.pg_trigger AS trigger
	  JOIN pg_catalog.pg_class AS relation ON relation.oid=trigger.tgrelid
	  JOIN pg_catalog.pg_namespace AS namespace ON namespace.oid=relation.relnamespace
	  WHERE namespace.nspname='support' AND NOT trigger.tgisinternal
	    AND trigger.tgname LIKE 'support_shred_dirty_%';
	  SELECT pg_catalog.count(*) INTO v_guard_count
	  FROM pg_catalog.pg_trigger AS trigger
	  WHERE trigger.tgrelid='support._shred_integrity_guard'::regclass
	    AND NOT trigger.tgisinternal
	    AND trigger.tgname='support_shred_integrity_guard_trigger';
	  IF v_marker_count=0 AND v_guard_count=0 THEN
	    CREATE TRIGGER support_shred_dirty_session
	      AFTER INSERT OR UPDATE OR DELETE ON support.session
	      FOR EACH STATEMENT EXECUTE FUNCTION support.mark_shred_integrity_dirty();
	    CREATE TRIGGER support_shred_dirty_session_key
	      AFTER INSERT OR UPDATE OR DELETE ON support.session_key
	      FOR EACH STATEMENT EXECUTE FUNCTION support.mark_shred_integrity_dirty();
	    CREATE TRIGGER support_shred_dirty_case
	      AFTER INSERT OR UPDATE OR DELETE ON support."case"
	      FOR EACH STATEMENT EXECUTE FUNCTION support.mark_shred_integrity_dirty();
	    CREATE TRIGGER support_shred_dirty_case_key
	      AFTER INSERT OR UPDATE OR DELETE ON support.case_key
	      FOR EACH STATEMENT EXECUTE FUNCTION support.mark_shred_integrity_dirty();
	    CREATE TRIGGER support_shred_dirty_audit
	      AFTER INSERT OR UPDATE OR DELETE ON support.shred_audit
	      FOR EACH STATEMENT EXECUTE FUNCTION support.mark_shred_integrity_dirty();
	    CREATE CONSTRAINT TRIGGER support_shred_integrity_guard_trigger
	      AFTER UPDATE OF mutation_generation ON support._shred_integrity_guard
	      DEFERRABLE INITIALLY DEFERRED
	      FOR EACH ROW EXECUTE FUNCTION support.assert_shred_integrity();
	  ELSIF v_marker_count<>5 OR v_guard_count<>1 THEN
	    RAISE EXCEPTION 'SUPPORT_SHRED_DEFINITION_DRIFT: triggers';
	  END IF;
	END
	$support_shred_triggers_install$;
	
	DO $support_shred_functions_triggers_contract$
	DECLARE
	  v_function_count integer;
	  v_trigger_count integer;
	BEGIN
	  SELECT pg_catalog.count(*) INTO v_function_count
	  FROM pg_catalog.pg_proc AS procedure
	  WHERE procedure.oid=ANY(ARRAY[
	    'support.mark_shred_integrity_dirty()'::regprocedure,
	    'support.assert_shred_integrity()'::regprocedure
	  ])
	    AND procedure.prorettype='trigger'::regtype
	    AND procedure.provolatile='v'
	    AND procedure.prosecdef
	    AND NOT procedure.proisstrict
	    AND procedure.proconfig=ARRAY['search_path=pg_catalog, pg_temp']::text[]
	    AND procedure.proowner=(SELECT relowner FROM pg_catalog.pg_class
	      WHERE oid='support.session'::regclass)
	    AND pg_catalog.encode(audit_crypto_internal.digest(
	      pg_catalog.convert_to(procedure.prosrc,'UTF8'),'sha256'
	    ),'hex')=CASE procedure.proname
	      WHEN 'mark_shred_integrity_dirty'
	        THEN '538dac0a59a56771a1081636404cd2f9d6e32c0550ae465a0f8085dc02c55276'
	      WHEN 'assert_shred_integrity'
	        THEN '33ed86b5ba3aa1b98d99158a533c7347ab8ec1fce73bb8830ec901d6b6f7d44c'
	    END
	    AND NOT pg_catalog.has_function_privilege(
	      'public',procedure.oid,'EXECUTE'
	    )
	    AND NOT pg_catalog.has_function_privilege(
	      'debateai_support',procedure.oid,'EXECUTE'
	    );
	  IF v_function_count<>2 THEN
	    RAISE EXCEPTION 'SUPPORT_SHRED_DEFINITION_DRIFT: functions';
	  END IF;
	
	  SELECT pg_catalog.count(*) INTO v_trigger_count
	  FROM pg_catalog.pg_trigger AS trigger
	  WHERE NOT trigger.tgisinternal AND (
	    (trigger.tgname='support_shred_dirty_session'
	      AND trigger.tgrelid='support.session'::regclass)
	    OR (trigger.tgname='support_shred_dirty_session_key'
	      AND trigger.tgrelid='support.session_key'::regclass)
	    OR (trigger.tgname='support_shred_dirty_case'
	      AND trigger.tgrelid='support."case"'::regclass)
	    OR (trigger.tgname='support_shred_dirty_case_key'
	      AND trigger.tgrelid='support.case_key'::regclass)
	    OR (trigger.tgname='support_shred_dirty_audit'
	      AND trigger.tgrelid='support.shred_audit'::regclass)
	  )
	    AND trigger.tgfoid='support.mark_shred_integrity_dirty()'::regprocedure
	    AND trigger.tgtype=28
	    AND NOT trigger.tgdeferrable
	    AND NOT trigger.tginitdeferred;
	  IF v_trigger_count<>5 OR NOT EXISTS (
	    SELECT 1 FROM pg_catalog.pg_trigger AS trigger
	    WHERE trigger.tgname='support_shred_integrity_guard_trigger'
	      AND trigger.tgrelid='support._shred_integrity_guard'::regclass
	      AND trigger.tgfoid='support.assert_shred_integrity()'::regprocedure
	      AND trigger.tgtype=17
	      AND trigger.tgdeferrable AND trigger.tginitdeferred
	      AND pg_catalog.pg_get_triggerdef(trigger.oid,true)
	        LIKE '%UPDATE OF mutation_generation%'
	  ) THEN
	    RAISE EXCEPTION 'SUPPORT_SHRED_DEFINITION_DRIFT: triggers';
	  END IF;
	END
	$support_shred_functions_triggers_contract$;
	
	DO $support_shred_privilege_preflight$
	BEGIN
	  IF EXISTS (
	    SELECT 1 FROM pg_catalog.pg_class AS relation
	    JOIN pg_catalog.pg_namespace AS namespace ON namespace.oid=relation.relnamespace
	    WHERE namespace.nspname='support' AND relation.relkind IN ('r','p')
	      AND pg_catalog.has_table_privilege('debateai_support',relation.oid,
	        'UPDATE,DELETE,TRUNCATE,REFERENCES,TRIGGER')
	  ) OR EXISTS (
	    SELECT 1 FROM pg_catalog.pg_class AS relation
	    JOIN pg_catalog.pg_namespace AS namespace ON namespace.oid=relation.relnamespace
	    JOIN pg_catalog.pg_attribute AS attribute ON attribute.attrelid=relation.oid
	    WHERE namespace.nspname='support' AND relation.relkind IN ('r','p','v')
	      AND attribute.attnum>0 AND NOT attribute.attisdropped
	      AND pg_catalog.has_column_privilege(
	        'debateai_support',relation.oid,attribute.attname,'UPDATE'
	      )
	      AND (relation.relname,attribute.attname) NOT IN (
	        ('session','shredded_at'),('case','shredded_at'),
	        ('session','consent_own_context_at'),
	        ('case','state'),('case','summary_ciphertext'),
	        ('case','summary_at'),('case','summary_status'),
	        ('case','summary_authoritative'),
	        ('public_incident','ended_at'),
	        ('session_key','wrapped_key'),('session_key','destroyed_at'),
	        ('case_key','wrapped_key'),('case_key','destroyed_at')
	      )
	  ) THEN
	    RAISE EXCEPTION 'SUPPORT_SHRED_DEFINITION_DRIFT: privileges';
	  END IF;
	END
	$support_shred_privilege_preflight$;
	
	REVOKE ALL ON support.case_key FROM PUBLIC;
	REVOKE ALL ON support.shred_audit FROM PUBLIC;
	REVOKE ALL ON support._shred_integrity_guard FROM PUBLIC;
	REVOKE ALL ON support.relay_call FROM PUBLIC;
	REVOKE ALL ON support.relay_waiter FROM PUBLIC;
	REVOKE ALL ON support.relay_waiter_event FROM PUBLIC;
	REVOKE ALL ON support.admission_event FROM PUBLIC;
	REVOKE ALL ON SEQUENCE support.relay_waiter_ticket_seq FROM PUBLIC;
	REVOKE ALL ON SEQUENCE support.relay_waiter_event_event_sequence_seq FROM PUBLIC;
	REVOKE ALL ON support.case_key FROM debateai_support;
	REVOKE ALL ON support.shred_audit FROM debateai_support;
	REVOKE ALL ON support._shred_integrity_guard FROM debateai_support;
	REVOKE ALL ON support.relay_call FROM debateai_support;
	REVOKE ALL ON support.relay_waiter FROM debateai_support;
	REVOKE ALL ON support.relay_waiter_event FROM debateai_support;
	REVOKE ALL ON support.admission_event FROM debateai_support;
	REVOKE ALL ON SEQUENCE support.relay_waiter_ticket_seq FROM debateai_support;
	REVOKE ALL ON SEQUENCE support.relay_waiter_event_event_sequence_seq FROM debateai_support;
	
	GRANT SELECT,INSERT ON support.case_key TO debateai_support;
	GRANT SELECT,INSERT ON support.shred_audit TO debateai_support;
	GRANT SELECT,INSERT ON support.relay_call TO debateai_support;
	GRANT SELECT,INSERT ON support.relay_waiter TO debateai_support;
	GRANT SELECT,INSERT ON support.relay_waiter_event TO debateai_support;
	GRANT USAGE,SELECT ON SEQUENCE support.relay_waiter_ticket_seq TO debateai_support;
	GRANT USAGE,SELECT ON SEQUENCE support.relay_waiter_event_event_sequence_seq TO debateai_support;
	GRANT SELECT,INSERT ON support.admission_event TO debateai_support;
	GRANT UPDATE (shredded_at) ON support.session TO debateai_support;
	GRANT UPDATE (shredded_at) ON support."case" TO debateai_support;
	GRANT UPDATE (wrapped_key,destroyed_at) ON support.session_key TO debateai_support;
	GRANT UPDATE (wrapped_key,destroyed_at) ON support.case_key TO debateai_support;
	
	DO $support_shred_privilege_contract$
	DECLARE
	  v_application_count integer;
	  v_update_count integer;
	BEGIN
	  SELECT pg_catalog.count(*) INTO v_application_count
	  FROM pg_catalog.pg_class AS relation
	  JOIN pg_catalog.pg_namespace AS namespace ON namespace.oid=relation.relnamespace
	  WHERE namespace.nspname='support' AND relation.relkind IN ('r','p')
	    AND relation.relname<>'_shred_integrity_guard'
	    AND pg_catalog.has_table_privilege('debateai_support',relation.oid,'SELECT')
	    AND pg_catalog.has_table_privilege('debateai_support',relation.oid,'INSERT')
	    AND NOT pg_catalog.has_table_privilege('debateai_support',relation.oid,'UPDATE')
	    AND NOT pg_catalog.has_table_privilege('debateai_support',relation.oid,'DELETE')
	    AND NOT pg_catalog.has_table_privilege('debateai_support',relation.oid,'TRUNCATE')
	    AND NOT pg_catalog.has_table_privilege('debateai_support',relation.oid,'REFERENCES')
	    AND NOT pg_catalog.has_table_privilege('debateai_support',relation.oid,'TRIGGER');
	  IF v_application_count<>(
	    SELECT pg_catalog.count(*)
	    FROM pg_catalog.pg_class AS relation
	    JOIN pg_catalog.pg_namespace AS namespace ON namespace.oid=relation.relnamespace
	    WHERE namespace.nspname='support' AND relation.relkind IN ('r','p')
	      AND relation.relname<>'_shred_integrity_guard'
	  ) OR EXISTS (
	    SELECT 1 FROM pg_catalog.pg_class AS relation
	    WHERE relation.oid='support._shred_integrity_guard'::regclass
	      AND pg_catalog.has_table_privilege('debateai_support',relation.oid,
	        'SELECT,INSERT,UPDATE,DELETE,TRUNCATE,REFERENCES,TRIGGER')
	  ) OR EXISTS (
	    SELECT 1 FROM pg_catalog.pg_class AS relation
	    JOIN pg_catalog.pg_namespace AS namespace ON namespace.oid=relation.relnamespace,
	      LATERAL pg_catalog.aclexplode(COALESCE(
	        relation.relacl,pg_catalog.acldefault('r',relation.relowner)
	      )) AS acl
	    WHERE namespace.nspname='support' AND acl.grantee=0
	  ) THEN
	    RAISE EXCEPTION 'SUPPORT_SHRED_DEFINITION_DRIFT: privileges';
	  END IF;
	
	  SELECT pg_catalog.count(*) INTO v_update_count
	  FROM pg_catalog.pg_class AS relation
	  JOIN pg_catalog.pg_namespace AS namespace ON namespace.oid=relation.relnamespace
	  JOIN pg_catalog.pg_attribute AS attribute ON attribute.attrelid=relation.oid
	  WHERE namespace.nspname='support' AND relation.relkind IN ('r','p','v')
	    AND attribute.attnum>0 AND NOT attribute.attisdropped
	    AND pg_catalog.has_column_privilege(
	      'debateai_support',relation.oid,attribute.attname,'UPDATE'
	    );
	  IF v_update_count<6 OR EXISTS (
	    SELECT 1 FROM (VALUES
	      ('session','shredded_at'),('case','shredded_at'),
	      ('session_key','wrapped_key'),('session_key','destroyed_at'),
	      ('case_key','wrapped_key'),('case_key','destroyed_at')
	    ) AS required(table_name,column_name)
	    WHERE NOT pg_catalog.has_column_privilege(
	      'debateai_support',
	      pg_catalog.format('support.%I',required.table_name),
	      required.column_name,'UPDATE'
	    )
	  ) OR EXISTS (
	    SELECT 1 FROM pg_catalog.pg_class AS relation
	    JOIN pg_catalog.pg_namespace AS namespace ON namespace.oid=relation.relnamespace
	    JOIN pg_catalog.pg_attribute AS attribute ON attribute.attrelid=relation.oid
	    WHERE namespace.nspname='support' AND relation.relkind IN ('r','p','v')
	      AND attribute.attnum>0 AND NOT attribute.attisdropped
	      AND pg_catalog.has_column_privilege(
	        'debateai_support',relation.oid,attribute.attname,'UPDATE'
	      )
	      AND (relation.relname,attribute.attname) NOT IN (
	        ('session','shredded_at'),('case','shredded_at'),
	        ('session','consent_own_context_at'),
	        ('case','state'),('case','summary_ciphertext'),
	        ('case','summary_at'),('case','summary_status'),
	        ('case','summary_authoritative'),
	        ('public_incident','ended_at'),
	        ('session_key','wrapped_key'),('session_key','destroyed_at'),
	        ('case_key','wrapped_key'),('case_key','destroyed_at')
	      )
	  ) THEN
	    RAISE EXCEPTION 'SUPPORT_SHRED_DEFINITION_DRIFT: privileges';
	  END IF;
	END
	$support_shred_privilege_contract$;
	
	DO $support_shred_guard_contract$
	BEGIN
	  IF (SELECT pg_catalog.count(*) FROM support._shred_integrity_guard)<>1
	      OR NOT EXISTS (
	        SELECT 1 FROM support._shred_integrity_guard
	        WHERE singleton AND mutation_generation>=validated_generation
	          AND mutation_generation>=0 AND validated_generation>=0
	      ) THEN
	    RAISE EXCEPTION 'SUPPORT_SHRED_DEFINITION_DRIFT: guard row';
	  END IF;
	END
	$support_shred_guard_contract$;
	
	-- Schedule one startup/replay validation in the migration transaction itself.
	UPDATE support._shred_integrity_guard
	SET mutation_generation=mutation_generation+1,
	    last_mutation_xid=pg_catalog.pg_current_xact_id()
	WHERE singleton;
	


stdout | tests/integration/support-shred.test.ts > SUP-07 support key schema and transaction-bound integrity > replays after 0055 is already recorded and rejects hostile catalog lookalikes
[S00 DB embedded] 2026-09-17 13:03:33.057 EEST [21588] ERROR:  SUPPORT_SHRED_DEFINITION_DRIFT: owners
2026-09-17 13:03:33.057 EEST [21588] CONTEXT:  PL/pgSQL function inline_code_block line 16 at RAISE
2026-09-17 13:03:33.057 EEST [21588] STATEMENT:  -- SUP-07: independently wrapped support keys, irreversible tombstones, and
	-- transaction-bound global shred integrity.
	
	SELECT pg_catalog.pg_advisory_xact_lock(
	  pg_catalog.hashtextextended('debateai:support-shred-integrity:v1', 0)
	);
	
	-- Forward repair for catalogs where the historical 0050 bytes were already
	-- ledgered before SUP-06 added message telemetry and the complete abuse shape.
	ALTER TABLE support.message
	  ADD COLUMN IF NOT EXISTS model_called boolean NOT NULL DEFAULT false,
	  ADD COLUMN IF NOT EXISTS input_tokens bigint CHECK (input_tokens >= 0),
	  ADD COLUMN IF NOT EXISTS output_tokens bigint CHECK (output_tokens >= 0),
	  ADD COLUMN IF NOT EXISTS cost_usd numeric(18,6) CHECK (cost_usd >= 0),
	  ADD COLUMN IF NOT EXISTS degraded_reason text CHECK (degraded_reason IN ('relay','cap'));
	
	ALTER TABLE support.abuse_event
	  DROP CONSTRAINT IF EXISTS abuse_event_class_check,
	  DROP CONSTRAINT IF EXISTS support_abuse_event_class_ck;
	ALTER TABLE support.abuse_event
	  ADD CONSTRAINT support_abuse_event_class_ck CHECK (class IN (
	    'INJECTION','RATE_LIMIT','LOCK','IP_COOLDOWN','BOUNDARY_DENY','SECRET_LIKE'
	  ));
	
	CREATE INDEX IF NOT EXISTS support_abuse_event_session_class_idx
	  ON support.abuse_event(session_id,class);
	CREATE INDEX IF NOT EXISTS support_abuse_event_ip_class_at_idx
	  ON support.abuse_event(ip_sha256,class,at DESC);
	
	ALTER TABLE support."case"
	  ADD COLUMN IF NOT EXISTS trigger_generation text;
	DO $support_case_trigger_generation_constraint$
	BEGIN
	  IF NOT EXISTS (
	    SELECT 1 FROM pg_catalog.pg_constraint
	    WHERE conrelid='support."case"'::regclass
	      AND conname='support_case_trigger_generation_ck'
	  ) THEN
	    ALTER TABLE support."case" ADD CONSTRAINT support_case_trigger_generation_ck
	      CHECK (trigger_generation IS NULL OR (
	        pg_catalog.length(trigger_generation) BETWEEN 1 AND 128
	        AND trigger_generation !~ '[[:cntrl:]]'
	      ));
	  END IF;
	END
	$support_case_trigger_generation_constraint$;
	CREATE UNIQUE INDEX IF NOT EXISTS support_case_trigger_generation_unique
	  ON support."case"(session_id,trigger_predicate,trigger_generation)
	  WHERE trigger_generation IS NOT NULL;
	
	ALTER TABLE support.case_message
	  ADD COLUMN IF NOT EXISTS redacted boolean NOT NULL DEFAULT false;
	
	-- Append-only model-call reservations make the daily cap durable while
	-- session-scoped advisory locks make concurrency shared across API processes.
	CREATE TABLE IF NOT EXISTS support.relay_call (
	  call_id uuid NOT NULL,
	  utc_day date NOT NULL,
	  acquired_at timestamptz NOT NULL,
	  CONSTRAINT support_relay_call_pkey PRIMARY KEY (call_id),
	  CONSTRAINT support_relay_call_utc_day_ck CHECK (
	    utc_day = (pg_catalog.timezone('UTC',acquired_at))::date
	  )
	);
	CREATE INDEX IF NOT EXISTS support_relay_call_utc_day_idx
	  ON support.relay_call(utc_day);
	
	-- Cross-process queue order is an append-only ticket/event ledger. Expired
	-- WAITING leases are ignored, so a process restart cannot strand the head.
	CREATE TABLE IF NOT EXISTS support.relay_waiter (
	  ticket bigint GENERATED ALWAYS AS IDENTITY,
	  waiter_id uuid NOT NULL,
	  enqueued_at timestamptz NOT NULL,
	  CONSTRAINT support_relay_waiter_pkey PRIMARY KEY (ticket),
	  CONSTRAINT support_relay_waiter_id_unique UNIQUE (waiter_id)
	);
	CREATE TABLE IF NOT EXISTS support.relay_waiter_event (
	  event_sequence bigint GENERATED ALWAYS AS IDENTITY,
	  waiter_id uuid NOT NULL REFERENCES support.relay_waiter(waiter_id),
	  state text NOT NULL,
	  at timestamptz NOT NULL,
	  lease_until timestamptz,
	  CONSTRAINT support_relay_waiter_event_pkey PRIMARY KEY (event_sequence),
	  CONSTRAINT support_relay_waiter_event_state_ck CHECK (
	    state IN ('WAITING','ACQUIRED','COMPLETED','CANCELLED','DAILY_CAP')
	  ),
	  CONSTRAINT support_relay_waiter_event_lease_ck CHECK (
	    (state='WAITING' AND lease_until IS NOT NULL AND lease_until > at)
	    OR (state<>'WAITING' AND lease_until IS NULL)
	  )
	);
	CREATE INDEX IF NOT EXISTS support_relay_waiter_event_latest_idx
	  ON support.relay_waiter_event(waiter_id,event_sequence DESC);
	
	-- Admission observations contain only opaque identifiers/hashes and make
	-- ordinary rate windows durable across processes and restarts.
	CREATE TABLE IF NOT EXISTS support.admission_event (
	  admission_event_id uuid NOT NULL,
	  scope_kind text NOT NULL,
	  session_id uuid,
	  identity_owner_ref uuid,
	  ip_sha256 character(64) NOT NULL,
	  at timestamptz NOT NULL,
	  CONSTRAINT support_admission_event_pkey PRIMARY KEY (admission_event_id),
	  CONSTRAINT support_admission_event_scope_ck CHECK (
	    (scope_kind='SESSION' AND session_id IS NULL AND identity_owner_ref IS NULL)
	    OR (scope_kind='MESSAGE' AND session_id IS NOT NULL)
	  ),
	  CONSTRAINT support_admission_event_ip_ck CHECK (ip_sha256 ~ '^[0-9a-f]{64}$')
	);
	CREATE INDEX IF NOT EXISTS support_admission_event_ip_kind_at_idx
	  ON support.admission_event(ip_sha256,scope_kind,at DESC);
	CREATE INDEX IF NOT EXISTS support_admission_event_owner_kind_at_idx
	  ON support.admission_event(identity_owner_ref,scope_kind,at DESC)
	  WHERE identity_owner_ref IS NOT NULL;
	CREATE INDEX IF NOT EXISTS support_admission_event_session_kind_idx
	  ON support.admission_event(session_id,scope_kind)
	  WHERE session_id IS NOT NULL;
	
	-- Semantic content envelopes are v2. These owner-installed triggers reject new
	-- v1 content without invalidating or rewriting historical v1 ciphertext rows.
	CREATE OR REPLACE FUNCTION support.enforce_message_content_v2()
	RETURNS trigger
	LANGUAGE plpgsql
	SET search_path = pg_catalog, pg_temp
	AS $support_enforce_message_content_v2$
	BEGIN
	  IF pg_catalog.octet_length(NEW.content_ciphertext) < 29
	    OR pg_catalog.get_byte(NEW.content_ciphertext,0) <> 2 THEN
	    RAISE EXCEPTION 'SUPPORT_CONTENT_V2_REQUIRED';
	  END IF;
	  RETURN NEW;
	END
	$support_enforce_message_content_v2$;
	
	CREATE OR REPLACE FUNCTION support.enforce_case_message_content_v2()
	RETURNS trigger
	LANGUAGE plpgsql
	SET search_path = pg_catalog, pg_temp
	AS $support_enforce_case_message_content_v2$
	BEGIN
	  IF pg_catalog.octet_length(NEW.content_ciphertext) < 29
	    OR pg_catalog.get_byte(NEW.content_ciphertext,0) <> 2 THEN
	    RAISE EXCEPTION 'SUPPORT_CONTENT_V2_REQUIRED';
	  END IF;
	  RETURN NEW;
	END
	$support_enforce_case_message_content_v2$;
	
	CREATE OR REPLACE FUNCTION support.enforce_case_content_v2()
	RETURNS trigger
	LANGUAGE plpgsql
	SET search_path = pg_catalog, pg_temp
	AS $support_enforce_case_content_v2$
	BEGIN
	  IF (TG_OP = 'INSERT' OR TG_ARGV[0] = 'snapshot') AND (
	      pg_catalog.octet_length(NEW.transcript_snapshot_ciphertext) < 29
	      OR pg_catalog.get_byte(NEW.transcript_snapshot_ciphertext,0) <> 2
	    ) THEN
	    RAISE EXCEPTION 'SUPPORT_CONTENT_V2_REQUIRED';
	  END IF;
	  IF (TG_OP = 'INSERT' OR TG_ARGV[0] = 'summary') AND NEW.summary_ciphertext IS NOT NULL AND (
	      pg_catalog.octet_length(NEW.summary_ciphertext) < 29
	      OR pg_catalog.get_byte(NEW.summary_ciphertext,0) <> 2
	    ) THEN
	    RAISE EXCEPTION 'SUPPORT_CONTENT_V2_REQUIRED';
	  END IF;
	  RETURN NEW;
	END
	$support_enforce_case_content_v2$;
	
	REVOKE ALL ON FUNCTION support.enforce_message_content_v2() FROM PUBLIC;
	REVOKE ALL ON FUNCTION support.enforce_case_message_content_v2() FROM PUBLIC;
	REVOKE ALL ON FUNCTION support.enforce_case_content_v2() FROM PUBLIC;
	
	DO $support_content_v2_triggers$
	BEGIN
	  IF NOT EXISTS (SELECT 1 FROM pg_catalog.pg_trigger
	    WHERE tgrelid='support.message'::regclass AND tgname='support_message_content_v2_insert') THEN
	    CREATE TRIGGER support_message_content_v2_insert
	      BEFORE INSERT ON support.message FOR EACH ROW
	      EXECUTE FUNCTION support.enforce_message_content_v2();
	  END IF;
	  IF NOT EXISTS (SELECT 1 FROM pg_catalog.pg_trigger
	    WHERE tgrelid='support.message'::regclass AND tgname='support_message_content_v2_update') THEN
	    CREATE TRIGGER support_message_content_v2_update
	      BEFORE UPDATE OF content_ciphertext ON support.message FOR EACH ROW
	      EXECUTE FUNCTION support.enforce_message_content_v2();
	  END IF;
	  IF NOT EXISTS (SELECT 1 FROM pg_catalog.pg_trigger
	    WHERE tgrelid='support.case_message'::regclass AND tgname='support_case_message_content_v2_insert') THEN
	    CREATE TRIGGER support_case_message_content_v2_insert
	      BEFORE INSERT ON support.case_message FOR EACH ROW
	      EXECUTE FUNCTION support.enforce_case_message_content_v2();
	  END IF;
	  IF NOT EXISTS (SELECT 1 FROM pg_catalog.pg_trigger
	    WHERE tgrelid='support.case_message'::regclass AND tgname='support_case_message_content_v2_update') THEN
	    CREATE TRIGGER support_case_message_content_v2_update
	      BEFORE UPDATE OF content_ciphertext ON support.case_message FOR EACH ROW
	      EXECUTE FUNCTION support.enforce_case_message_content_v2();
	  END IF;
	  IF NOT EXISTS (SELECT 1 FROM pg_catalog.pg_trigger
	    WHERE tgrelid='support."case"'::regclass AND tgname='support_case_snapshot_v2_insert') THEN
	    CREATE TRIGGER support_case_snapshot_v2_insert
	      BEFORE INSERT ON support."case" FOR EACH ROW
	      EXECUTE FUNCTION support.enforce_case_content_v2('snapshot');
	  END IF;
	  IF NOT EXISTS (SELECT 1 FROM pg_catalog.pg_trigger
	    WHERE tgrelid='support."case"'::regclass AND tgname='support_case_snapshot_v2_update') THEN
	    CREATE TRIGGER support_case_snapshot_v2_update
	      BEFORE UPDATE OF transcript_snapshot_ciphertext ON support."case" FOR EACH ROW
	      EXECUTE FUNCTION support.enforce_case_content_v2('snapshot');
	  END IF;
	  IF NOT EXISTS (SELECT 1 FROM pg_catalog.pg_trigger
	    WHERE tgrelid='support."case"'::regclass AND tgname='support_case_summary_v2_update') THEN
	    CREATE TRIGGER support_case_summary_v2_update
	      BEFORE UPDATE OF summary_ciphertext ON support."case" FOR EACH ROW
	      EXECUTE FUNCTION support.enforce_case_content_v2('summary');
	  END IF;
	END
	$support_content_v2_triggers$;
	
	ALTER TABLE support.session_key
	  ADD COLUMN IF NOT EXISTS destroyed_at timestamptz;
	ALTER TABLE support.session
	  ADD COLUMN IF NOT EXISTS shredded_at timestamptz;
	ALTER TABLE support."case"
	  ADD COLUMN IF NOT EXISTS shredded_at timestamptz;
	
	CREATE TABLE IF NOT EXISTS support.case_key (
	  case_id uuid NOT NULL,
	  wrapped_key bytea NOT NULL,
	  created_at timestamptz NOT NULL,
	  destroyed_at timestamptz,
	  CONSTRAINT support_case_key_pkey PRIMARY KEY (case_id),
	  CONSTRAINT support_case_key_case_fk FOREIGN KEY (case_id)
	    REFERENCES support."case" (case_id),
	  CONSTRAINT support_case_key_destroyed_at_ck CHECK (
	    destroyed_at IS NULL OR destroyed_at >= created_at
	  ),
	  CONSTRAINT support_case_key_envelope_ck CHECK (
	    pg_catalog.octet_length(wrapped_key) = 61
	    AND (
	      (destroyed_at IS NULL AND pg_catalog.get_byte(wrapped_key, 0) = 1)
	      OR (destroyed_at IS NOT NULL
	        AND wrapped_key = pg_catalog.decode(pg_catalog.repeat('00', 61), 'hex'))
	    )
	  )
	);
	
	CREATE TABLE IF NOT EXISTS support.shred_audit (
	  at timestamptz NOT NULL,
	  os_user text NOT NULL,
	  target_kind text NOT NULL,
	  target_ref text NOT NULL,
	  keys_destroyed integer NOT NULL,
	  CONSTRAINT support_shred_audit_target_unique UNIQUE (target_kind, target_ref),
	  CONSTRAINT support_shred_audit_target_kind_ck CHECK (
	    target_kind IN ('owner', 'session')
	  ),
	  CONSTRAINT support_shred_audit_keys_destroyed_ck CHECK (keys_destroyed > 0),
	  CONSTRAINT support_shred_audit_os_user_ck CHECK (
	    pg_catalog.length(os_user) BETWEEN 1 AND 128
	    AND os_user !~ '[[:cntrl:]]'
	  ),
	  CONSTRAINT support_shred_audit_target_ref_ck CHECK (
	    target_ref ~ '^[0-9a-f]{8}-[0-9a-f]{4}-[1-5][0-9a-f]{3}-[89ab][0-9a-f]{3}-[0-9a-f]{12}$'
	  )
	);
	
	CREATE TABLE IF NOT EXISTS support._shred_integrity_guard (
	  singleton boolean NOT NULL DEFAULT true,
	  mutation_generation bigint NOT NULL,
	  validated_generation bigint NOT NULL,
	  last_mutation_xid xid8,
	  last_validation_xid xid8,
	  CONSTRAINT support_shred_integrity_guard_pkey PRIMARY KEY (singleton),
	  CONSTRAINT support_shred_integrity_guard_singleton_ck CHECK (singleton),
	  CONSTRAINT support_shred_integrity_guard_mutation_generation_ck CHECK (
	    mutation_generation >= 0
	  ),
	  CONSTRAINT support_shred_integrity_guard_validated_generation_ck CHECK (
	    validated_generation >= 0 AND validated_generation <= mutation_generation
	  )
	);
	
	INSERT INTO support._shred_integrity_guard(
	  singleton,mutation_generation,validated_generation,
	  last_mutation_xid,last_validation_xid
	)
	VALUES (true,0,0,NULL,NULL)
	ON CONFLICT (singleton) DO NOTHING;
	
	DO $support_shred_constraints_install$
	BEGIN
	  IF NOT EXISTS (
	    SELECT 1 FROM pg_catalog.pg_constraint
	    WHERE conrelid='support.session_key'::regclass
	      AND conname='support_session_key_destroyed_at_ck'
	  ) THEN
	    ALTER TABLE support.session_key
	      ADD CONSTRAINT support_session_key_destroyed_at_ck CHECK (
	        destroyed_at IS NULL OR destroyed_at >= created_at
	      );
	  END IF;
	  IF NOT EXISTS (
	    SELECT 1 FROM pg_catalog.pg_constraint
	    WHERE conrelid='support.session_key'::regclass
	      AND conname='support_session_key_envelope_ck'
	  ) THEN
	    ALTER TABLE support.session_key
	      ADD CONSTRAINT support_session_key_envelope_ck CHECK (
	        pg_catalog.octet_length(wrapped_key) = 61
	        AND (
	          (destroyed_at IS NULL AND pg_catalog.get_byte(wrapped_key,0) = 1)
	          OR (destroyed_at IS NOT NULL
	            AND wrapped_key=pg_catalog.decode(pg_catalog.repeat('00',61),'hex'))
	        )
	      );
	  END IF;
	  IF NOT EXISTS (
	    SELECT 1 FROM pg_catalog.pg_constraint
	    WHERE conrelid='support.session'::regclass
	      AND conname='support_session_shredded_at_ck'
	  ) THEN
	    ALTER TABLE support.session
	      ADD CONSTRAINT support_session_shredded_at_ck CHECK (
	        shredded_at IS NULL OR shredded_at >= created_at
	      );
	  END IF;
	  IF NOT EXISTS (
	    SELECT 1 FROM pg_catalog.pg_constraint
	    WHERE conrelid='support."case"'::regclass
	      AND conname='support_case_shredded_at_ck'
	  ) THEN
	    ALTER TABLE support."case"
	      ADD CONSTRAINT support_case_shredded_at_ck CHECK (
	        shredded_at IS NULL OR shredded_at >= created_at
	      );
	  END IF;
	END
	$support_shred_constraints_install$;
	
	DO $support_shred_columns_contract$
	DECLARE
	  v_count integer;
	BEGIN
	  SELECT pg_catalog.count(*) INTO v_count
	  FROM information_schema.columns
	  WHERE table_schema='support' AND (
	    (table_name='session_key' AND column_name='destroyed_at'
	      AND data_type='timestamp with time zone' AND is_nullable='YES')
	    OR (table_name='session' AND column_name='shredded_at'
	      AND data_type='timestamp with time zone' AND is_nullable='YES')
	    OR (table_name='case' AND column_name='shredded_at'
	      AND data_type='timestamp with time zone' AND is_nullable='YES')
	    OR (table_name='case_key' AND column_name='case_id'
	      AND data_type='uuid' AND is_nullable='NO')
	    OR (table_name='case_key' AND column_name='wrapped_key'
	      AND data_type='bytea' AND is_nullable='NO')
	    OR (table_name='case_key' AND column_name='created_at'
	      AND data_type='timestamp with time zone' AND is_nullable='NO')
	    OR (table_name='case_key' AND column_name='destroyed_at'
	      AND data_type='timestamp with time zone' AND is_nullable='YES')
	    OR (table_name='shred_audit' AND column_name='at'
	      AND data_type='timestamp with time zone' AND is_nullable='NO')
	    OR (table_name='shred_audit' AND column_name='os_user'
	      AND data_type='text' AND is_nullable='NO')
	    OR (table_name='shred_audit' AND column_name='target_kind'
	      AND data_type='text' AND is_nullable='NO')
	    OR (table_name='shred_audit' AND column_name='target_ref'
	      AND data_type='text' AND is_nullable='NO')
	    OR (table_name='shred_audit' AND column_name='keys_destroyed'
	      AND data_type='integer' AND is_nullable='NO')
	    OR (table_name='_shred_integrity_guard' AND column_name='singleton'
	      AND data_type='boolean' AND is_nullable='NO' AND column_default='true')
	    OR (table_name='_shred_integrity_guard' AND column_name IN (
	        'mutation_generation','validated_generation'
	      ) AND data_type='bigint' AND is_nullable='NO')
	    OR (table_name='_shred_integrity_guard' AND column_name IN (
	        'last_mutation_xid','last_validation_xid'
	      ) AND data_type='xid8' AND is_nullable='YES')
	  );
	  IF v_count <> 17 OR EXISTS (
	    SELECT 1 FROM information_schema.columns
	    WHERE table_schema='support'
	      AND table_name IN ('case_key','shred_audit','_shred_integrity_guard')
	      AND NOT (
	        (table_name='case_key' AND column_name IN (
	          'case_id','wrapped_key','created_at','destroyed_at'
	        ))
	        OR (table_name='shred_audit' AND column_name IN (
	          'at','os_user','target_kind','target_ref','keys_destroyed'
	        ))
	        OR (table_name='_shred_integrity_guard' AND column_name IN (
	          'singleton','mutation_generation','validated_generation',
	          'last_mutation_xid','last_validation_xid'
	        ))
	      )
	  ) THEN
	    RAISE EXCEPTION 'SUPPORT_SHRED_DEFINITION_DRIFT: columns';
	  END IF;
	END
	$support_shred_columns_contract$;
	
	DO $support_shred_constraints_contract$
	DECLARE
	  v_fk record;
	  v_session_key_destroyed text;
	  v_session_key_envelope text;
	  v_session_shredded text;
	  v_case_shredded text;
	  v_case_key_destroyed text;
	  v_case_key_envelope text;
	BEGIN
	  SELECT * INTO v_fk FROM pg_catalog.pg_constraint
	  WHERE conrelid='support.case_key'::regclass
	    AND conname='support_case_key_case_fk';
	  SELECT pg_catalog.pg_get_constraintdef(oid,true) INTO v_session_key_destroyed
	  FROM pg_catalog.pg_constraint WHERE conrelid='support.session_key'::regclass
	    AND conname='support_session_key_destroyed_at_ck';
	  SELECT pg_catalog.pg_get_constraintdef(oid,true) INTO v_session_key_envelope
	  FROM pg_catalog.pg_constraint WHERE conrelid='support.session_key'::regclass
	    AND conname='support_session_key_envelope_ck';
	  SELECT pg_catalog.pg_get_constraintdef(oid,true) INTO v_session_shredded
	  FROM pg_catalog.pg_constraint WHERE conrelid='support.session'::regclass
	    AND conname='support_session_shredded_at_ck';
	  SELECT pg_catalog.pg_get_constraintdef(oid,true) INTO v_case_shredded
	  FROM pg_catalog.pg_constraint WHERE conrelid='support."case"'::regclass
	    AND conname='support_case_shredded_at_ck';
	  SELECT pg_catalog.pg_get_constraintdef(oid,true) INTO v_case_key_destroyed
	  FROM pg_catalog.pg_constraint WHERE conrelid='support.case_key'::regclass
	    AND conname='support_case_key_destroyed_at_ck';
	  SELECT pg_catalog.pg_get_constraintdef(oid,true) INTO v_case_key_envelope
	  FROM pg_catalog.pg_constraint WHERE conrelid='support.case_key'::regclass
	    AND conname='support_case_key_envelope_ck';
	
	  IF v_fk.oid IS NULL OR v_fk.contype<>'f' OR NOT v_fk.convalidated
	      OR v_fk.condeferrable OR v_fk.condeferred
	      OR v_fk.confdeltype<>'a' OR v_fk.confupdtype<>'a'
	      OR v_fk.confmatchtype<>'s'
	      OR v_fk.conrelid<>'support.case_key'::regclass
	      OR v_fk.confrelid<>'support."case"'::regclass
	      OR v_fk.conkey<>ARRAY[(SELECT attnum FROM pg_catalog.pg_attribute
	        WHERE attrelid='support.case_key'::regclass AND attname='case_id')]::smallint[]
	      OR v_fk.confkey<>ARRAY[(SELECT attnum FROM pg_catalog.pg_attribute
	        WHERE attrelid='support."case"'::regclass AND attname='case_id')]::smallint[]
	      OR (SELECT pg_catalog.count(*) FROM pg_catalog.pg_constraint
	        WHERE conrelid='support.case_key'::regclass
	          AND contype='p' AND conkey=ARRAY[(SELECT attnum FROM pg_catalog.pg_attribute
	            WHERE attrelid='support.case_key'::regclass AND attname='case_id')]::smallint[])<>1
	      OR (SELECT pg_catalog.count(*) FROM pg_catalog.pg_constraint
	        WHERE conrelid='support.shred_audit'::regclass AND contype='u'
	          AND conkey=ARRAY[
	            (SELECT attnum FROM pg_catalog.pg_attribute WHERE attrelid='support.shred_audit'::regclass AND attname='target_kind'),
	            (SELECT attnum FROM pg_catalog.pg_attribute WHERE attrelid='support.shred_audit'::regclass AND attname='target_ref')
	          ]::smallint[])<>1 THEN
	    RAISE EXCEPTION 'SUPPORT_SHRED_DEFINITION_DRIFT: constraints';
	  END IF;
	
	  IF v_session_key_destroyed IS NULL
	      OR v_session_key_destroyed NOT LIKE '%destroyed_at IS NULL%destroyed_at >= created_at%'
	      OR v_session_shredded IS NULL
	      OR v_session_shredded NOT LIKE '%shredded_at IS NULL%shredded_at >= created_at%'
	      OR v_case_shredded IS NULL
	      OR v_case_shredded NOT LIKE '%shredded_at IS NULL%shredded_at >= created_at%'
	      OR v_case_key_destroyed IS NULL
	      OR v_case_key_destroyed NOT LIKE '%destroyed_at IS NULL%destroyed_at >= created_at%'
	      OR v_session_key_envelope IS NULL
	      OR v_session_key_envelope NOT LIKE '%octet_length(wrapped_key) = 61%'
	      OR v_session_key_envelope NOT LIKE '%get_byte(wrapped_key, 0) = 1%'
	      OR v_session_key_envelope NOT LIKE '%repeat(''00''::text, 61)%'
	      OR v_case_key_envelope IS NULL
	      OR v_case_key_envelope NOT LIKE '%octet_length(wrapped_key) = 61%'
	      OR v_case_key_envelope NOT LIKE '%get_byte(wrapped_key, 0) = 1%'
	      OR v_case_key_envelope NOT LIKE '%repeat(''00''::text, 61)%'
	      OR (SELECT pg_catalog.count(*) FROM pg_catalog.pg_constraint
	        WHERE conrelid='support.shred_audit'::regclass AND contype='c')<>4
	      OR (SELECT pg_catalog.count(*) FROM pg_catalog.pg_constraint
	        WHERE conrelid='support._shred_integrity_guard'::regclass AND contype='c')<>3
	  THEN
	    RAISE EXCEPTION 'SUPPORT_SHRED_DEFINITION_DRIFT: constraints';
	  END IF;
	END
	$support_shred_constraints_contract$;
	
	DO $support_shred_owner_contract$
	DECLARE
	  v_owner oid;
	BEGIN
	  SELECT relowner INTO v_owner FROM pg_catalog.pg_class
	  WHERE oid='support.session'::regclass;
	  IF v_owner IS NULL OR v_owner='debateai_support'::regrole OR EXISTS (
	    SELECT 1 FROM pg_catalog.pg_class AS relation
	    WHERE relation.oid=ANY(ARRAY[
	      'support.session'::regclass,'support.message'::regclass,
	      'support.abuse_event'::regclass,'support."case"'::regclass,
	      'support.session_key'::regclass,'support.case_key'::regclass,
	      'support.shred_audit'::regclass,'support._shred_integrity_guard'::regclass
	    ]) AND (relation.relkind NOT IN ('r','p') OR relation.relowner<>v_owner)
	  ) THEN
	    RAISE EXCEPTION 'SUPPORT_SHRED_DEFINITION_DRIFT: owners';
	  END IF;
	END
	$support_shred_owner_contract$;
	
	DO $support_shred_function_preflight$
	DECLARE
	  v_present integer;
	  v_valid integer;
	BEGIN
	  SELECT pg_catalog.count(*),pg_catalog.count(*) FILTER (WHERE
	    procedure.prorettype='trigger'::regtype
	    AND procedure.provolatile='v'
	    AND procedure.prosecdef
	    AND NOT procedure.proisstrict
	    AND procedure.proconfig=ARRAY['search_path=pg_catalog, pg_temp']::text[]
	    AND procedure.proowner=(SELECT relowner FROM pg_catalog.pg_class
	      WHERE oid='support.session'::regclass)
	    AND pg_catalog.encode(audit_crypto_internal.digest(
	      pg_catalog.convert_to(procedure.prosrc,'UTF8'),'sha256'
	    ),'hex')=CASE procedure.proname
	      WHEN 'mark_shred_integrity_dirty'
	        THEN '538dac0a59a56771a1081636404cd2f9d6e32c0550ae465a0f8085dc02c55276'
	      WHEN 'assert_shred_integrity'
	        THEN '33ed86b5ba3aa1b98d99158a533c7347ab8ec1fce73bb8830ec901d6b6f7d44c'
	    END
	  ) INTO v_present,v_valid
	  FROM pg_catalog.pg_proc AS procedure
	  WHERE procedure.pronamespace='support'::regnamespace
	    AND procedure.proname IN (
	      'mark_shred_integrity_dirty','assert_shred_integrity'
	    ) AND procedure.pronargs=0;
	  IF v_present NOT IN (0,2) OR (v_present=2 AND v_valid<>2) THEN
	    RAISE EXCEPTION 'SUPPORT_SHRED_DEFINITION_DRIFT: functions';
	  END IF;
	END
	$support_shred_function_preflight$;
	
	CREATE OR REPLACE FUNCTION support.mark_shred_integrity_dirty()
	RETURNS trigger
	LANGUAGE plpgsql
	VOLATILE
	SECURITY DEFINER
	SET search_path = pg_catalog, pg_temp
	AS $support_shred_function$
	DECLARE
	  v_generation bigint;
	BEGIN
	  UPDATE support._shred_integrity_guard
	  SET mutation_generation=mutation_generation+1,
	      last_mutation_xid=pg_catalog.pg_current_xact_id()
	  WHERE singleton
	  RETURNING mutation_generation INTO v_generation;
	  IF NOT FOUND THEN
	    RAISE EXCEPTION 'SUPPORT_SHRED_GUARD_INVALID';
	  END IF;
	  RETURN NULL;
	END
	$support_shred_function$;
	
	CREATE OR REPLACE FUNCTION support.assert_shred_integrity()
	RETURNS trigger
	LANGUAGE plpgsql
	VOLATILE
	SECURITY DEFINER
	SET search_path = pg_catalog, pg_temp
	AS $support_shred_function$
	DECLARE
	  v_mutation_generation bigint;
	  v_validated_generation bigint;
	  v_last_mutation_xid xid8;
	  v_invalid boolean;
	  v_count integer;
	BEGIN
	  SELECT mutation_generation,validated_generation,last_mutation_xid
	  INTO v_mutation_generation,v_validated_generation,v_last_mutation_xid
	  FROM support._shred_integrity_guard
	  WHERE singleton
	  FOR UPDATE;
	  IF NOT FOUND OR v_last_mutation_xid IS DISTINCT FROM pg_catalog.pg_current_xact_id() THEN
	    RAISE EXCEPTION 'SUPPORT_SHRED_GUARD_INVALID';
	  END IF;
	  IF v_mutation_generation=v_validated_generation THEN
	    RETURN NEW;
	  END IF;
	
	  SELECT EXISTS (
	    SELECT 1 FROM support.session AS parent
	    LEFT JOIN support.session_key AS key ON key.session_id=parent.session_id
	    GROUP BY parent.session_id,parent.shredded_at
	    HAVING pg_catalog.count(key.session_id)<>1
	      OR pg_catalog.bool_or(
	        (parent.shredded_at IS NULL) IS DISTINCT FROM (key.destroyed_at IS NULL)
	      )
	    UNION ALL
	    SELECT 1 FROM support."case" AS parent
	    LEFT JOIN support.case_key AS key ON key.case_id=parent.case_id
	    GROUP BY parent.case_id,parent.shredded_at
	    HAVING pg_catalog.count(key.case_id)<>1
	      OR pg_catalog.bool_or(
	        (parent.shredded_at IS NULL) IS DISTINCT FROM (key.destroyed_at IS NULL)
	      )
	    UNION ALL
	    SELECT 1 FROM support."case" AS child
	    JOIN support.session AS parent ON parent.session_id=child.session_id
	    WHERE parent.shredded_at IS NOT NULL AND child.shredded_at IS NULL
	    UNION ALL
	    SELECT 1 FROM support.shred_audit AS audit
	    WHERE audit.target_kind='owner' AND (
	      NOT EXISTS (SELECT 1 FROM support.session AS owned
	        WHERE owned.identity_owner_ref=audit.target_ref::uuid)
	      OR EXISTS (SELECT 1 FROM support.session AS owned
	        WHERE owned.identity_owner_ref=audit.target_ref::uuid
	          AND owned.shredded_at IS NULL)
	      OR EXISTS (SELECT 1 FROM support."case" AS owned_case
	        JOIN support.session AS owned ON owned.session_id=owned_case.session_id
	        WHERE owned.identity_owner_ref=audit.target_ref::uuid
	          AND owned_case.shredded_at IS NULL)
	      OR audit.keys_destroyed<>(
	        SELECT pg_catalog.count(*)::integer FROM (
	          SELECT owned_key.session_id FROM support.session_key AS owned_key
	          JOIN support.session AS owned ON owned.session_id=owned_key.session_id
	          WHERE owned.identity_owner_ref=audit.target_ref::uuid
	          UNION ALL
	          SELECT owned_case_key.case_id FROM support.case_key AS owned_case_key
	          JOIN support."case" AS owned_case ON owned_case.case_id=owned_case_key.case_id
	          JOIN support.session AS owned ON owned.session_id=owned_case.session_id
	          WHERE owned.identity_owner_ref=audit.target_ref::uuid
	        ) AS owner_keys
	      )
	    )
	    UNION ALL
	    SELECT 1 FROM support.shred_audit AS audit
	    WHERE audit.target_kind='session' AND (
	      (SELECT pg_catalog.count(*) FROM support.session AS anonymous
	        WHERE anonymous.session_id=audit.target_ref::uuid
	          AND anonymous.identity_owner_ref IS NULL)<>1
	      OR EXISTS (SELECT 1 FROM support.session AS anonymous
	        WHERE anonymous.session_id=audit.target_ref::uuid
	          AND anonymous.shredded_at IS NULL)
	      OR EXISTS (SELECT 1 FROM support."case" AS anonymous_case
	        WHERE anonymous_case.session_id=audit.target_ref::uuid
	          AND anonymous_case.shredded_at IS NULL)
	      OR audit.keys_destroyed<>(
	        SELECT pg_catalog.count(*)::integer FROM (
	          SELECT anonymous_key.session_id FROM support.session_key AS anonymous_key
	          WHERE anonymous_key.session_id=audit.target_ref::uuid
	          UNION ALL
	          SELECT anonymous_case_key.case_id FROM support.case_key AS anonymous_case_key
	          JOIN support."case" AS anonymous_case
	            ON anonymous_case.case_id=anonymous_case_key.case_id
	          WHERE anonymous_case.session_id=audit.target_ref::uuid
	        ) AS anonymous_keys
	      )
	    )
	    UNION ALL
	    SELECT 1 FROM support.session AS object
	    WHERE object.shredded_at IS NOT NULL AND (
	      SELECT pg_catalog.count(*) FROM support.shred_audit AS audit
	      WHERE (audit.target_kind='owner'
	          AND object.identity_owner_ref IS NOT NULL
	          AND audit.target_ref=object.identity_owner_ref::text)
	        OR (audit.target_kind='session'
	          AND object.identity_owner_ref IS NULL
	          AND audit.target_ref=object.session_id::text)
	    )<>1
	    UNION ALL
	    SELECT 1 FROM support."case" AS object
	    JOIN support.session AS parent ON parent.session_id=object.session_id
	    WHERE object.shredded_at IS NOT NULL AND (
	      SELECT pg_catalog.count(*) FROM support.shred_audit AS audit
	      WHERE (audit.target_kind='owner'
	          AND parent.identity_owner_ref IS NOT NULL
	          AND audit.target_ref=parent.identity_owner_ref::text)
	        OR (audit.target_kind='session'
	          AND parent.identity_owner_ref IS NULL
	          AND audit.target_ref=parent.session_id::text)
	    )<>1
	  ) INTO v_invalid;
	
	  IF v_invalid THEN
	    RAISE EXCEPTION 'SUPPORT_SHRED_INTEGRITY_INVALID';
	  END IF;
	
	  v_count:=COALESCE(NULLIF(pg_catalog.current_setting(
	    'debateai.support_shred_validation_count',true
	  ),'')::integer,0)+1;
	  PERFORM pg_catalog.set_config(
	    'debateai.support_shred_validation_count',v_count::text,true
	  );
	
	  UPDATE support._shred_integrity_guard
	  SET validated_generation=v_mutation_generation,
	      last_validation_xid=pg_catalog.pg_current_xact_id()
	  WHERE singleton
	    AND mutation_generation=v_mutation_generation
	    AND last_mutation_xid=v_last_mutation_xid;
	  IF NOT FOUND THEN
	    RAISE EXCEPTION 'SUPPORT_SHRED_GUARD_INVALID';
	  END IF;
	  RETURN NEW;
	END
	$support_shred_function$;
	
	REVOKE ALL ON FUNCTION support.mark_shred_integrity_dirty() FROM PUBLIC;
	REVOKE ALL ON FUNCTION support.assert_shred_integrity() FROM PUBLIC;
	REVOKE ALL ON FUNCTION support.mark_shred_integrity_dirty() FROM debateai_support;
	REVOKE ALL ON FUNCTION support.assert_shred_integrity() FROM debateai_support;
	
	DO $support_shred_triggers_install$
	DECLARE
	  v_marker_count integer;
	  v_guard_count integer;
	BEGIN
	  SELECT pg_catalog.count(*) INTO v_marker_count
	  FROM pg_catalog.pg_trigger AS trigger
	  JOIN pg_catalog.pg_class AS relation ON relation.oid=trigger.tgrelid
	  JOIN pg_catalog.pg_namespace AS namespace ON namespace.oid=relation.relnamespace
	  WHERE namespace.nspname='support' AND NOT trigger.tgisinternal
	    AND trigger.tgname LIKE 'support_shred_dirty_%';
	  SELECT pg_catalog.count(*) INTO v_guard_count
	  FROM pg_catalog.pg_trigger AS trigger
	  WHERE trigger.tgrelid='support._shred_integrity_guard'::regclass
	    AND NOT trigger.tgisinternal
	    AND trigger.tgname='support_shred_integrity_guard_trigger';
	  IF v_marker_count=0 AND v_guard_count=0 THEN
	    CREATE TRIGGER support_shred_dirty_session
	      AFTER INSERT OR UPDATE OR DELETE ON support.session
	      FOR EACH STATEMENT EXECUTE FUNCTION support.mark_shred_integrity_dirty();
	    CREATE TRIGGER support_shred_dirty_session_key
	      AFTER INSERT OR UPDATE OR DELETE ON support.session_key
	      FOR EACH STATEMENT EXECUTE FUNCTION support.mark_shred_integrity_dirty();
	    CREATE TRIGGER support_shred_dirty_case
	      AFTER INSERT OR UPDATE OR DELETE ON support."case"
	      FOR EACH STATEMENT EXECUTE FUNCTION support.mark_shred_integrity_dirty();
	    CREATE TRIGGER support_shred_dirty_case_key
	      AFTER INSERT OR UPDATE OR DELETE ON support.case_key
	      FOR EACH STATEMENT EXECUTE FUNCTION support.mark_shred_integrity_dirty();
	    CREATE TRIGGER support_shred_dirty_audit
	      AFTER INSERT OR UPDATE OR DELETE ON support.shred_audit
	      FOR EACH STATEMENT EXECUTE FUNCTION support.mark_shred_integrity_dirty();
	    CREATE CONSTRAINT TRIGGER support_shred_integrity_guard_trigger
	      AFTER UPDATE OF mutation_generation ON support._shred_integrity_guard
	      DEFERRABLE INITIALLY DEFERRED
	      FOR EACH ROW EXECUTE FUNCTION support.assert_shred_integrity();
	  ELSIF v_marker_count<>5 OR v_guard_count<>1 THEN
	    RAISE EXCEPTION 'SUPPORT_SHRED_DEFINITION_DRIFT: triggers';
	  END IF;
	END
	$support_shred_triggers_install$;
	
	DO $support_shred_functions_triggers_contract$
	DECLARE
	  v_function_count integer;
	  v_trigger_count integer;
	BEGIN
	  SELECT pg_catalog.count(*) INTO v_function_count
	  FROM pg_catalog.pg_proc AS procedure
	  WHERE procedure.oid=ANY(ARRAY[
	    'support.mark_shred_integrity_dirty()'::regprocedure,
	    'support.assert_shred_integrity()'::regprocedure
	  ])
	    AND procedure.prorettype='trigger'::regtype
	    AND procedure.provolatile='v'
	    AND procedure.prosecdef
	    AND NOT procedure.proisstrict
	    AND procedure.proconfig=ARRAY['search_path=pg_catalog, pg_temp']::text[]
	    AND procedure.proowner=(SELECT relowner FROM pg_catalog.pg_class
	      WHERE oid='support.session'::regclass)
	    AND pg_catalog.encode(audit_crypto_internal.digest(
	      pg_catalog.convert_to(procedure.prosrc,'UTF8'),'sha256'
	    ),'hex')=CASE procedure.proname
	      WHEN 'mark_shred_integrity_dirty'
	        THEN '538dac0a59a56771a1081636404cd2f9d6e32c0550ae465a0f8085dc02c55276'
	      WHEN 'assert_shred_integrity'
	        THEN '33ed86b5ba3aa1b98d99158a533c7347ab8ec1fce73bb8830ec901d6b6f7d44c'
	    END
	    AND NOT pg_catalog.has_function_privilege(
	      'public',procedure.oid,'EXECUTE'
	    )
	    AND NOT pg_catalog.has_function_privilege(
	      'debateai_support',procedure.oid,'EXECUTE'
	    );
	  IF v_function_count<>2 THEN
	    RAISE EXCEPTION 'SUPPORT_SHRED_DEFINITION_DRIFT: functions';
	  END IF;
	
	  SELECT pg_catalog.count(*) INTO v_trigger_count
	  FROM pg_catalog.pg_trigger AS trigger
	  WHERE NOT trigger.tgisinternal AND (
	    (trigger.tgname='support_shred_dirty_session'
	      AND trigger.tgrelid='support.session'::regclass)
	    OR (trigger.tgname='support_shred_dirty_session_key'
	      AND trigger.tgrelid='support.session_key'::regclass)
	    OR (trigger.tgname='support_shred_dirty_case'
	      AND trigger.tgrelid='support."case"'::regclass)
	    OR (trigger.tgname='support_shred_dirty_case_key'
	      AND trigger.tgrelid='support.case_key'::regclass)
	    OR (trigger.tgname='support_shred_dirty_audit'
	      AND trigger.tgrelid='support.shred_audit'::regclass)
	  )
	    AND trigger.tgfoid='support.mark_shred_integrity_dirty()'::regprocedure
	    AND trigger.tgtype=28
	    AND NOT trigger.tgdeferrable
	    AND NOT trigger.tginitdeferred;
	  IF v_trigger_count<>5 OR NOT EXISTS (
	    SELECT 1 FROM pg_catalog.pg_trigger AS trigger
	    WHERE trigger.tgname='support_shred_integrity_guard_trigger'
	      AND trigger.tgrelid='support._shred_integrity_guard'::regclass
	      AND trigger.tgfoid='support.assert_shred_integrity()'::regprocedure
	      AND trigger.tgtype=17
	      AND trigger.tgdeferrable AND trigger.tginitdeferred
	      AND pg_catalog.pg_get_triggerdef(trigger.oid,true)
	        LIKE '%UPDATE OF mutation_generation%'
	  ) THEN
	    RAISE EXCEPTION 'SUPPORT_SHRED_DEFINITION_DRIFT: triggers';
	  END IF;
	END
	$support_shred_functions_triggers_contract$;
	
	DO $support_shred_privilege_preflight$
	BEGIN
	  IF EXISTS (
	    SELECT 1 FROM pg_catalog.pg_class AS relation
	    JOIN pg_catalog.pg_namespace AS namespace ON namespace.oid=relation.relnamespace
	    WHERE namespace.nspname='support' AND relation.relkind IN ('r','p')
	      AND pg_catalog.has_table_privilege('debateai_support',relation.oid,
	        'UPDATE,DELETE,TRUNCATE,REFERENCES,TRIGGER')
	  ) OR EXISTS (
	    SELECT 1 FROM pg_catalog.pg_class AS relation
	    JOIN pg_catalog.pg_namespace AS namespace ON namespace.oid=relation.relnamespace
	    JOIN pg_catalog.pg_attribute AS attribute ON attribute.attrelid=relation.oid
	    WHERE namespace.nspname='support' AND relation.relkind IN ('r','p','v')
	      AND attribute.attnum>0 AND NOT attribute.attisdropped
	      AND pg_catalog.has_column_privilege(
	        'debateai_support',relation.oid,attribute.attname,'UPDATE'
	      )
	      AND (relation.relname,attribute.attname) NOT IN (
	        ('session','shredded_at'),('case','shredded_at'),
	        ('session','consent_own_context_at'),
	        ('case','state'),('case','summary_ciphertext'),
	        ('case','summary_at'),('case','summary_status'),
	        ('case','summary_authoritative'),
	        ('public_incident','ended_at'),
	        ('session_key','wrapped_key'),('session_key','destroyed_at'),
	        ('case_key','wrapped_key'),('case_key','destroyed_at')
	      )
	  ) THEN
	    RAISE EXCEPTION 'SUPPORT_SHRED_DEFINITION_DRIFT: privileges';
	  END IF;
	END
	$support_shred_privilege_preflight$;
	
	REVOKE ALL ON support.case_key FROM PUBLIC;
	REVOKE ALL ON support.shred_audit FROM PUBLIC;
	REVOKE ALL ON support._shred_integrity_guard FROM PUBLIC;
	REVOKE ALL ON support.relay_call FROM PUBLIC;
	REVOKE ALL ON support.relay_waiter FROM PUBLIC;
	REVOKE ALL ON support.relay_waiter_event FROM PUBLIC;
	REVOKE ALL ON support.admission_event FROM PUBLIC;
	REVOKE ALL ON SEQUENCE support.relay_waiter_ticket_seq FROM PUBLIC;
	REVOKE ALL ON SEQUENCE support.relay_waiter_event_event_sequence_seq FROM PUBLIC;
	REVOKE ALL ON support.case_key FROM debateai_support;
	REVOKE ALL ON support.shred_audit FROM debateai_support;
	REVOKE ALL ON support._shred_integrity_guard FROM debateai_support;
	REVOKE ALL ON support.relay_call FROM debateai_support;
	REVOKE ALL ON support.relay_waiter FROM debateai_support;
	REVOKE ALL ON support.relay_waiter_event FROM debateai_support;
	REVOKE ALL ON support.admission_event FROM debateai_support;
	REVOKE ALL ON SEQUENCE support.relay_waiter_ticket_seq FROM debateai_support;
	REVOKE ALL ON SEQUENCE support.relay_waiter_event_event_sequence_seq FROM debateai_support;
	
	GRANT SELECT,INSERT ON support.case_key TO debateai_support;
	GRANT SELECT,INSERT ON support.shred_audit TO debateai_support;
	GRANT SELECT,INSERT ON support.relay_call TO debateai_support;
	GRANT SELECT,INSERT ON support.relay_waiter TO debateai_support;
	GRANT SELECT,INSERT ON support.relay_waiter_event TO debateai_support;
	GRANT USAGE,SELECT ON SEQUENCE support.relay_waiter_ticket_seq TO debateai_support;
	GRANT USAGE,SELECT ON SEQUENCE support.relay_waiter_event_event_sequence_seq TO debateai_support;
	GRANT SELECT,INSERT ON support.admission_event TO debateai_support;
	GRANT UPDATE (shredded_at) ON support.session TO debateai_support;
	GRANT UPDATE (shredded_at) ON support."case" TO debateai_support;
	GRANT UPDATE (wrapped_key,destroyed_at) ON support.session_key TO debateai_support;
	GRANT UPDATE (wrapped_key,destroyed_at) ON support.case_key TO debateai_support;
	
	DO $support_shred_privilege_contract$
	DECLARE
	  v_application_count integer;
	  v_update_count integer;
	BEGIN
	  SELECT pg_catalog.count(*) INTO v_application_count
	  FROM pg_catalog.pg_class AS relation
	  JOIN pg_catalog.pg_namespace AS namespace ON namespace.oid=relation.relnamespace
	  WHERE namespace.nspname='support' AND relation.relkind IN ('r','p')
	    AND relation.relname<>'_shred_integrity_guard'
	    AND pg_catalog.has_table_privilege('debateai_support',relation.oid,'SELECT')
	    AND pg_catalog.has_table_privilege('debateai_support',relation.oid,'INSERT')
	    AND NOT pg_catalog.has_table_privilege('debateai_support',relation.oid,'UPDATE')
	    AND NOT pg_catalog.has_table_privilege('debateai_support',relation.oid,'DELETE')
	    AND NOT pg_catalog.has_table_privilege('debateai_support',relation.oid,'TRUNCATE')
	    AND NOT pg_catalog.has_table_privilege('debateai_support',relation.oid,'REFERENCES')
	    AND NOT pg_catalog.has_table_privilege('debateai_support',relation.oid,'TRIGGER');
	  IF v_application_count<>(
	    SELECT pg_catalog.count(*)
	    FROM pg_catalog.pg_class AS relation
	    JOIN pg_catalog.pg_namespace AS namespace ON namespace.oid=relation.relnamespace
	    WHERE namespace.nspname='support' AND relation.relkind IN ('r','p')
	      AND relation.relname<>'_shred_integrity_guard'
	  ) OR EXISTS (
	    SELECT 1 FROM pg_catalog.pg_class AS relation
	    WHERE relation.oid='support._shred_integrity_guard'::regclass
	      AND pg_catalog.has_table_privilege('debateai_support',relation.oid,
	        'SELECT,INSERT,UPDATE,DELETE,TRUNCATE,REFERENCES,TRIGGER')
	  ) OR EXISTS (
	    SELECT 1 FROM pg_catalog.pg_class AS relation
	    JOIN pg_catalog.pg_namespace AS namespace ON namespace.oid=relation.relnamespace,
	      LATERAL pg_catalog.aclexplode(COALESCE(
	        relation.relacl,pg_catalog.acldefault('r',relation.relowner)
	      )) AS acl
	    WHERE namespace.nspname='support' AND acl.grantee=0
	  ) THEN
	    RAISE EXCEPTION 'SUPPORT_SHRED_DEFINITION_DRIFT: privileges';
	  END IF;
	
	  SELECT pg_catalog.count(*) INTO v_update_count
	  FROM pg_catalog.pg_class AS relation
	  JOIN pg_catalog.pg_namespace AS namespace ON namespace.oid=relation.relnamespace
	  JOIN pg_catalog.pg_attribute AS attribute ON attribute.attrelid=relation.oid
	  WHERE namespace.nspname='support' AND relation.relkind IN ('r','p','v')
	    AND attribute.attnum>0 AND NOT attribute.attisdropped
	    AND pg_catalog.has_column_privilege(
	      'debateai_support',relation.oid,attribute.attname,'UPDATE'
	    );
	  IF v_update_count<6 OR EXISTS (
	    SELECT 1 FROM (VALUES
	      ('session','shredded_at'),('case','shredded_at'),
	      ('session_key','wrapped_key'),('session_key','destroyed_at'),
	      ('case_key','wrapped_key'),('case_key','destroyed_at')
	    ) AS required(table_name,column_name)
	    WHERE NOT pg_catalog.has_column_privilege(
	      'debateai_support',
	      pg_catalog.format('support.%I',required.table_name),
	      required.column_name,'UPDATE'
	    )
	  ) OR EXISTS (
	    SELECT 1 FROM pg_catalog.pg_class AS relation
	    JOIN pg_catalog.pg_namespace AS namespace ON namespace.oid=relation.relnamespace
	    JOIN pg_catalog.pg_attribute AS attribute ON attribute.attrelid=relation.oid
	    WHERE namespace.nspname='support' AND relation.relkind IN ('r','p','v')
	      AND attribute.attnum>0 AND NOT attribute.attisdropped
	      AND pg_catalog.has_column_privilege(
	        'debateai_support',relation.oid,attribute.attname,'UPDATE'
	      )
	      AND (relation.relname,attribute.attname) NOT IN (
	        ('session','shredded_at'),('case','shredded_at'),
	        ('session','consent_own_context_at'),
	        ('case','state'),('case','summary_ciphertext'),
	        ('case','summary_at'),('case','summary_status'),
	        ('case','summary_authoritative'),
	        ('public_incident','ended_at'),
	        ('session_key','wrapped_key'),('session_key','destroyed_at'),
	        ('case_key','wrapped_key'),('case_key','destroyed_at')
	      )
	  ) THEN
	    RAISE EXCEPTION 'SUPPORT_SHRED_DEFINITION_DRIFT: privileges';
	  END IF;
	END
	$support_shred_privilege_contract$;
	
	DO $support_shred_guard_contract$
	BEGIN
	  IF (SELECT pg_catalog.count(*) FROM support._shred_integrity_guard)<>1
	      OR NOT EXISTS (
	        SELECT 1 FROM support._shred_integrity_guard
	        WHERE singleton AND mutation_generation>=validated_generation
	          AND mutation_generation>=0 AND validated_generation>=0
	      ) THEN
	    RAISE EXCEPTION 'SUPPORT_SHRED_DEFINITION_DRIFT: guard row';
	  END IF;
	END
	$support_shred_guard_contract$;
	
	-- Schedule one startup/replay validation in the migration transaction itself.
	UPDATE support._shred_integrity_guard
	SET mutation_generation=mutation_generation+1,
	    last_mutation_xid=pg_catalog.pg_current_xact_id()
	WHERE singleton;
	


stdout | tests/integration/support-shred.test.ts > SUP-07 support key schema and transaction-bound integrity > replays after 0055 is already recorded and rejects hostile catalog lookalikes
[S00 DB embedded] 2026-09-17 13:03:33.066 EEST [21588] ERROR:  SUPPORT_SHRED_DEFINITION_DRIFT: privileges
2026-09-17 13:03:33.066 EEST [21588] CONTEXT:  PL/pgSQL function inline_code_block line 29 at RAISE
2026-09-17 13:03:33.066 EEST [21588] STATEMENT:  -- SUP-07: independently wrapped support keys, irreversible tombstones, and
	-- transaction-bound global shred integrity.
	
	SELECT pg_catalog.pg_advisory_xact_lock(
	  pg_catalog.hashtextextended('debateai:support-shred-integrity:v1', 0)
	);
	
	-- Forward repair for catalogs where the historical 0050 bytes were already
	-- ledgered before SUP-06 added message telemetry and the complete abuse shape.
	ALTER TABLE support.message
	  ADD COLUMN IF NOT EXISTS model_called boolean NOT NULL DEFAULT false,
	  ADD COLUMN IF NOT EXISTS input_tokens bigint CHECK (input_tokens >= 0),
	  ADD COLUMN IF NOT EXISTS output_tokens bigint CHECK (output_tokens >= 0),
	  ADD COLUMN IF NOT EXISTS cost_usd numeric(18,6) CHECK (cost_usd >= 0),
	  ADD COLUMN IF NOT EXISTS degraded_reason text CHECK (degraded_reason IN ('relay','cap'));
	
	ALTER TABLE support.abuse_event
	  DROP CONSTRAINT IF EXISTS abuse_event_class_check,
	  DROP CONSTRAINT IF EXISTS support_abuse_event_class_ck;
	ALTER TABLE support.abuse_event
	  ADD CONSTRAINT support_abuse_event_class_ck CHECK (class IN (
	    'INJECTION','RATE_LIMIT','LOCK','IP_COOLDOWN','BOUNDARY_DENY','SECRET_LIKE'
	  ));
	
	CREATE INDEX IF NOT EXISTS support_abuse_event_session_class_idx
	  ON support.abuse_event(session_id,class);
	CREATE INDEX IF NOT EXISTS support_abuse_event_ip_class_at_idx
	  ON support.abuse_event(ip_sha256,class,at DESC);
	
	ALTER TABLE support."case"
	  ADD COLUMN IF NOT EXISTS trigger_generation text;
	DO $support_case_trigger_generation_constraint$
	BEGIN
	  IF NOT EXISTS (
	    SELECT 1 FROM pg_catalog.pg_constraint
	    WHERE conrelid='support."case"'::regclass
	      AND conname='support_case_trigger_generation_ck'
	  ) THEN
	    ALTER TABLE support."case" ADD CONSTRAINT support_case_trigger_generation_ck
	      CHECK (trigger_generation IS NULL OR (
	        pg_catalog.length(trigger_generation) BETWEEN 1 AND 128
	        AND trigger_generation !~ '[[:cntrl:]]'
	      ));
	  END IF;
	END
	$support_case_trigger_generation_constraint$;
	CREATE UNIQUE INDEX IF NOT EXISTS support_case_trigger_generation_unique
	  ON support."case"(session_id,trigger_predicate,trigger_generation)
	  WHERE trigger_generation IS NOT NULL;
	
	ALTER TABLE support.case_message
	  ADD COLUMN IF NOT EXISTS redacted boolean NOT NULL DEFAULT false;
	
	-- Append-only model-call reservations make the daily cap durable while
	-- session-scoped advisory locks make concurrency shared across API processes.
	CREATE TABLE IF NOT EXISTS support.relay_call (
	  call_id uuid NOT NULL,
	  utc_day date NOT NULL,
	  acquired_at timestamptz NOT NULL,
	  CONSTRAINT support_relay_call_pkey PRIMARY KEY (call_id),
	  CONSTRAINT support_relay_call_utc_day_ck CHECK (
	    utc_day = (pg_catalog.timezone('UTC',acquired_at))::date
	  )
	);
	CREATE INDEX IF NOT EXISTS support_relay_call_utc_day_idx
	  ON support.relay_call(utc_day);
	
	-- Cross-process queue order is an append-only ticket/event ledger. Expired
	-- WAITING leases are ignored, so a process restart cannot strand the head.
	CREATE TABLE IF NOT EXISTS support.relay_waiter (
	  ticket bigint GENERATED ALWAYS AS IDENTITY,
	  waiter_id uuid NOT NULL,
	  enqueued_at timestamptz NOT NULL,
	  CONSTRAINT support_relay_waiter_pkey PRIMARY KEY (ticket),
	  CONSTRAINT support_relay_waiter_id_unique UNIQUE (waiter_id)
	);
	CREATE TABLE IF NOT EXISTS support.relay_waiter_event (
	  event_sequence bigint GENERATED ALWAYS AS IDENTITY,
	  waiter_id uuid NOT NULL REFERENCES support.relay_waiter(waiter_id),
	  state text NOT NULL,
	  at timestamptz NOT NULL,
	  lease_until timestamptz,
	  CONSTRAINT support_relay_waiter_event_pkey PRIMARY KEY (event_sequence),
	  CONSTRAINT support_relay_waiter_event_state_ck CHECK (
	    state IN ('WAITING','ACQUIRED','COMPLETED','CANCELLED','DAILY_CAP')
	  ),
	  CONSTRAINT support_relay_waiter_event_lease_ck CHECK (
	    (state='WAITING' AND lease_until IS NOT NULL AND lease_until > at)
	    OR (state<>'WAITING' AND lease_until IS NULL)
	  )
	);
	CREATE INDEX IF NOT EXISTS support_relay_waiter_event_latest_idx
	  ON support.relay_waiter_event(waiter_id,event_sequence DESC);
	
	-- Admission observations contain only opaque identifiers/hashes and make
	-- ordinary rate windows durable across processes and restarts.
	CREATE TABLE IF NOT EXISTS support.admission_event (
	  admission_event_id uuid NOT NULL,
	  scope_kind text NOT NULL,
	  session_id uuid,
	  identity_owner_ref uuid,
	  ip_sha256 character(64) NOT NULL,
	  at timestamptz NOT NULL,
	  CONSTRAINT support_admission_event_pkey PRIMARY KEY (admission_event_id),
	  CONSTRAINT support_admission_event_scope_ck CHECK (
	    (scope_kind='SESSION' AND session_id IS NULL AND identity_owner_ref IS NULL)
	    OR (scope_kind='MESSAGE' AND session_id IS NOT NULL)
	  ),
	  CONSTRAINT support_admission_event_ip_ck CHECK (ip_sha256 ~ '^[0-9a-f]{64}$')
	);
	CREATE INDEX IF NOT EXISTS support_admission_event_ip_kind_at_idx
	  ON support.admission_event(ip_sha256,scope_kind,at DESC);
	CREATE INDEX IF NOT EXISTS support_admission_event_owner_kind_at_idx
	  ON support.admission_event(identity_owner_ref,scope_kind,at DESC)
	  WHERE identity_owner_ref IS NOT NULL;
	CREATE INDEX IF NOT EXISTS support_admission_event_session_kind_idx
	  ON support.admission_event(session_id,scope_kind)
	  WHERE session_id IS NOT NULL;
	
	-- Semantic content envelopes are v2. These owner-installed triggers reject new
	-- v1 content without invalidating or rewriting historical v1 ciphertext rows.
	CREATE OR REPLACE FUNCTION support.enforce_message_content_v2()
	RETURNS trigger
	LANGUAGE plpgsql
	SET search_path = pg_catalog, pg_temp
	AS $support_enforce_message_content_v2$
	BEGIN
	  IF pg_catalog.octet_length(NEW.content_ciphertext) < 29
	    OR pg_catalog.get_byte(NEW.content_ciphertext,0) <> 2 THEN
	    RAISE EXCEPTION 'SUPPORT_CONTENT_V2_REQUIRED';
	  END IF;
	  RETURN NEW;
	END
	$support_enforce_message_content_v2$;
	
	CREATE OR REPLACE FUNCTION support.enforce_case_message_content_v2()
	RETURNS trigger
	LANGUAGE plpgsql
	SET search_path = pg_catalog, pg_temp
	AS $support_enforce_case_message_content_v2$
	BEGIN
	  IF pg_catalog.octet_length(NEW.content_ciphertext) < 29
	    OR pg_catalog.get_byte(NEW.content_ciphertext,0) <> 2 THEN
	    RAISE EXCEPTION 'SUPPORT_CONTENT_V2_REQUIRED';
	  END IF;
	  RETURN NEW;
	END
	$support_enforce_case_message_content_v2$;
	
	CREATE OR REPLACE FUNCTION support.enforce_case_content_v2()
	RETURNS trigger
	LANGUAGE plpgsql
	SET search_path = pg_catalog, pg_temp
	AS $support_enforce_case_content_v2$
	BEGIN
	  IF (TG_OP = 'INSERT' OR TG_ARGV[0] = 'snapshot') AND (
	      pg_catalog.octet_length(NEW.transcript_snapshot_ciphertext) < 29
	      OR pg_catalog.get_byte(NEW.transcript_snapshot_ciphertext,0) <> 2
	    ) THEN
	    RAISE EXCEPTION 'SUPPORT_CONTENT_V2_REQUIRED';
	  END IF;
	  IF (TG_OP = 'INSERT' OR TG_ARGV[0] = 'summary') AND NEW.summary_ciphertext IS NOT NULL AND (
	      pg_catalog.octet_length(NEW.summary_ciphertext) < 29
	      OR pg_catalog.get_byte(NEW.summary_ciphertext,0) <> 2
	    ) THEN
	    RAISE EXCEPTION 'SUPPORT_CONTENT_V2_REQUIRED';
	  END IF;
	  RETURN NEW;
	END
	$support_enforce_case_content_v2$;
	
	REVOKE ALL ON FUNCTION support.enforce_message_content_v2() FROM PUBLIC;
	REVOKE ALL ON FUNCTION support.enforce_case_message_content_v2() FROM PUBLIC;
	REVOKE ALL ON FUNCTION support.enforce_case_content_v2() FROM PUBLIC;
	
	DO $support_content_v2_triggers$
	BEGIN
	  IF NOT EXISTS (SELECT 1 FROM pg_catalog.pg_trigger
	    WHERE tgrelid='support.message'::regclass AND tgname='support_message_content_v2_insert') THEN
	    CREATE TRIGGER support_message_content_v2_insert
	      BEFORE INSERT ON support.message FOR EACH ROW
	      EXECUTE FUNCTION support.enforce_message_content_v2();
	  END IF;
	  IF NOT EXISTS (SELECT 1 FROM pg_catalog.pg_trigger
	    WHERE tgrelid='support.message'::regclass AND tgname='support_message_content_v2_update') THEN
	    CREATE TRIGGER support_message_content_v2_update
	      BEFORE UPDATE OF content_ciphertext ON support.message FOR EACH ROW
	      EXECUTE FUNCTION support.enforce_message_content_v2();
	  END IF;
	  IF NOT EXISTS (SELECT 1 FROM pg_catalog.pg_trigger
	    WHERE tgrelid='support.case_message'::regclass AND tgname='support_case_message_content_v2_insert') THEN
	    CREATE TRIGGER support_case_message_content_v2_insert
	      BEFORE INSERT ON support.case_message FOR EACH ROW
	      EXECUTE FUNCTION support.enforce_case_message_content_v2();
	  END IF;
	  IF NOT EXISTS (SELECT 1 FROM pg_catalog.pg_trigger
	    WHERE tgrelid='support.case_message'::regclass AND tgname='support_case_message_content_v2_update') THEN
	    CREATE TRIGGER support_case_message_content_v2_update
	      BEFORE UPDATE OF content_ciphertext ON support.case_message FOR EACH ROW
	      EXECUTE FUNCTION support.enforce_case_message_content_v2();
	  END IF;
	  IF NOT EXISTS (SELECT 1 FROM pg_catalog.pg_trigger
	    WHERE tgrelid='support."case"'::regclass AND tgname='support_case_snapshot_v2_insert') THEN
	    CREATE TRIGGER support_case_snapshot_v2_insert
	      BEFORE INSERT ON support."case" FOR EACH ROW
	      EXECUTE FUNCTION support.enforce_case_content_v2('snapshot');
	  END IF;
	  IF NOT EXISTS (SELECT 1 FROM pg_catalog.pg_trigger
	    WHERE tgrelid='support."case"'::regclass AND tgname='support_case_snapshot_v2_update') THEN
	    CREATE TRIGGER support_case_snapshot_v2_update
	      BEFORE UPDATE OF transcript_snapshot_ciphertext ON support."case" FOR EACH ROW
	      EXECUTE FUNCTION support.enforce_case_content_v2('snapshot');
	  END IF;
	  IF NOT EXISTS (SELECT 1 FROM pg_catalog.pg_trigger
	    WHERE tgrelid='support."case"'::regclass AND tgname='support_case_summary_v2_update') THEN
	    CREATE TRIGGER support_case_summary_v2_update
	      BEFORE UPDATE OF summary_ciphertext ON support."case" FOR EACH ROW
	      EXECUTE FUNCTION support.enforce_case_content_v2('summary');
	  END IF;
	END
	$support_content_v2_triggers$;
	
	ALTER TABLE support.session_key
	  ADD COLUMN IF NOT EXISTS destroyed_at timestamptz;
	ALTER TABLE support.session
	  ADD COLUMN IF NOT EXISTS shredded_at timestamptz;
	ALTER TABLE support."case"
	  ADD COLUMN IF NOT EXISTS shredded_at timestamptz;
	
	CREATE TABLE IF NOT EXISTS support.case_key (
	  case_id uuid NOT NULL,
	  wrapped_key bytea NOT NULL,
	  created_at timestamptz NOT NULL,
	  destroyed_at timestamptz,
	  CONSTRAINT support_case_key_pkey PRIMARY KEY (case_id),
	  CONSTRAINT support_case_key_case_fk FOREIGN KEY (case_id)
	    REFERENCES support."case" (case_id),
	  CONSTRAINT support_case_key_destroyed_at_ck CHECK (
	    destroyed_at IS NULL OR destroyed_at >= created_at
	  ),
	  CONSTRAINT support_case_key_envelope_ck CHECK (
	    pg_catalog.octet_length(wrapped_key) = 61
	    AND (
	      (destroyed_at IS NULL AND pg_catalog.get_byte(wrapped_key, 0) = 1)
	      OR (destroyed_at IS NOT NULL
	        AND wrapped_key = pg_catalog.decode(pg_catalog.repeat('00', 61), 'hex'))
	    )
	  )
	);
	
	CREATE TABLE IF NOT EXISTS support.shred_audit (
	  at timestamptz NOT NULL,
	  os_user text NOT NULL,
	  target_kind text NOT NULL,
	  target_ref text NOT NULL,
	  keys_destroyed integer NOT NULL,
	  CONSTRAINT support_shred_audit_target_unique UNIQUE (target_kind, target_ref),
	  CONSTRAINT support_shred_audit_target_kind_ck CHECK (
	    target_kind IN ('owner', 'session')
	  ),
	  CONSTRAINT support_shred_audit_keys_destroyed_ck CHECK (keys_destroyed > 0),
	  CONSTRAINT support_shred_audit_os_user_ck CHECK (
	    pg_catalog.length(os_user) BETWEEN 1 AND 128
	    AND os_user !~ '[[:cntrl:]]'
	  ),
	  CONSTRAINT support_shred_audit_target_ref_ck CHECK (
	    target_ref ~ '^[0-9a-f]{8}-[0-9a-f]{4}-[1-5][0-9a-f]{3}-[89ab][0-9a-f]{3}-[0-9a-f]{12}$'
	  )
	);
	
	CREATE TABLE IF NOT EXISTS support._shred_integrity_guard (
	  singleton boolean NOT NULL DEFAULT true,
	  mutation_generation bigint NOT NULL,
	  validated_generation bigint NOT NULL,
	  last_mutation_xid xid8,
	  last_validation_xid xid8,
	  CONSTRAINT support_shred_integrity_guard_pkey PRIMARY KEY (singleton),
	  CONSTRAINT support_shred_integrity_guard_singleton_ck CHECK (singleton),
	  CONSTRAINT support_shred_integrity_guard_mutation_generation_ck CHECK (
	    mutation_generation >= 0
	  ),
	  CONSTRAINT support_shred_integrity_guard_validated_generation_ck CHECK (
	    validated_generation >= 0 AND validated_generation <= mutation_generation
	  )
	);
	
	INSERT INTO support._shred_integrity_guard(
	  singleton,mutation_generation,validated_generation,
	  last_mutation_xid,last_validation_xid
	)
	VALUES (true,0,0,NULL,NULL)
	ON CONFLICT (singleton) DO NOTHING;
	
	DO $support_shred_constraints_install$
	BEGIN
	  IF NOT EXISTS (
	    SELECT 1 FROM pg_catalog.pg_constraint
	    WHERE conrelid='support.session_key'::regclass
	      AND conname='support_session_key_destroyed_at_ck'
	  ) THEN
	    ALTER TABLE support.session_key
	      ADD CONSTRAINT support_session_key_destroyed_at_ck CHECK (
	        destroyed_at IS NULL OR destroyed_at >= created_at
	      );
	  END IF;
	  IF NOT EXISTS (
	    SELECT 1 FROM pg_catalog.pg_constraint
	    WHERE conrelid='support.session_key'::regclass
	      AND conname='support_session_key_envelope_ck'
	  ) THEN
	    ALTER TABLE support.session_key
	      ADD CONSTRAINT support_session_key_envelope_ck CHECK (
	        pg_catalog.octet_length(wrapped_key) = 61
	        AND (
	          (destroyed_at IS NULL AND pg_catalog.get_byte(wrapped_key,0) = 1)
	          OR (destroyed_at IS NOT NULL
	            AND wrapped_key=pg_catalog.decode(pg_catalog.repeat('00',61),'hex'))
	        )
	      );
	  END IF;
	  IF NOT EXISTS (
	    SELECT 1 FROM pg_catalog.pg_constraint
	    WHERE conrelid='support.session'::regclass
	      AND conname='support_session_shredded_at_ck'
	  ) THEN
	    ALTER TABLE support.session
	      ADD CONSTRAINT support_session_shredded_at_ck CHECK (
	        shredded_at IS NULL OR shredded_at >= created_at
	      );
	  END IF;
	  IF NOT EXISTS (
	    SELECT 1 FROM pg_catalog.pg_constraint
	    WHERE conrelid='support."case"'::regclass
	      AND conname='support_case_shredded_at_ck'
	  ) THEN
	    ALTER TABLE support."case"
	      ADD CONSTRAINT support_case_shredded_at_ck CHECK (
	        shredded_at IS NULL OR shredded_at >= created_at
	      );
	  END IF;
	END
	$support_shred_constraints_install$;
	
	DO $support_shred_columns_contract$
	DECLARE
	  v_count integer;
	BEGIN
	  SELECT pg_catalog.count(*) INTO v_count
	  FROM information_schema.columns
	  WHERE table_schema='support' AND (
	    (table_name='session_key' AND column_name='destroyed_at'
	      AND data_type='timestamp with time zone' AND is_nullable='YES')
	    OR (table_name='session' AND column_name='shredded_at'
	      AND data_type='timestamp with time zone' AND is_nullable='YES')
	    OR (table_name='case' AND column_name='shredded_at'
	      AND data_type='timestamp with time zone' AND is_nullable='YES')
	    OR (table_name='case_key' AND column_name='case_id'
	      AND data_type='uuid' AND is_nullable='NO')
	    OR (table_name='case_key' AND column_name='wrapped_key'
	      AND data_type='bytea' AND is_nullable='NO')
	    OR (table_name='case_key' AND column_name='created_at'
	      AND data_type='timestamp with time zone' AND is_nullable='NO')
	    OR (table_name='case_key' AND column_name='destroyed_at'
	      AND data_type='timestamp with time zone' AND is_nullable='YES')
	    OR (table_name='shred_audit' AND column_name='at'
	      AND data_type='timestamp with time zone' AND is_nullable='NO')
	    OR (table_name='shred_audit' AND column_name='os_user'
	      AND data_type='text' AND is_nullable='NO')
	    OR (table_name='shred_audit' AND column_name='target_kind'
	      AND data_type='text' AND is_nullable='NO')
	    OR (table_name='shred_audit' AND column_name='target_ref'
	      AND data_type='text' AND is_nullable='NO')
	    OR (table_name='shred_audit' AND column_name='keys_destroyed'
	      AND data_type='integer' AND is_nullable='NO')
	    OR (table_name='_shred_integrity_guard' AND column_name='singleton'
	      AND data_type='boolean' AND is_nullable='NO' AND column_default='true')
	    OR (table_name='_shred_integrity_guard' AND column_name IN (
	        'mutation_generation','validated_generation'
	      ) AND data_type='bigint' AND is_nullable='NO')
	    OR (table_name='_shred_integrity_guard' AND column_name IN (
	        'last_mutation_xid','last_validation_xid'
	      ) AND data_type='xid8' AND is_nullable='YES')
	  );
	  IF v_count <> 17 OR EXISTS (
	    SELECT 1 FROM information_schema.columns
	    WHERE table_schema='support'
	      AND table_name IN ('case_key','shred_audit','_shred_integrity_guard')
	      AND NOT (
	        (table_name='case_key' AND column_name IN (
	          'case_id','wrapped_key','created_at','destroyed_at'
	        ))
	        OR (table_name='shred_audit' AND column_name IN (
	          'at','os_user','target_kind','target_ref','keys_destroyed'
	        ))
	        OR (table_name='_shred_integrity_guard' AND column_name IN (
	          'singleton','mutation_generation','validated_generation',
	          'last_mutation_xid','last_validation_xid'
	        ))
	      )
	  ) THEN
	    RAISE EXCEPTION 'SUPPORT_SHRED_DEFINITION_DRIFT: columns';
	  END IF;
	END
	$support_shred_columns_contract$;
	
	DO $support_shred_constraints_contract$
	DECLARE
	  v_fk record;
	  v_session_key_destroyed text;
	  v_session_key_envelope text;
	  v_session_shredded text;
	  v_case_shredded text;
	  v_case_key_destroyed text;
	  v_case_key_envelope text;
	BEGIN
	  SELECT * INTO v_fk FROM pg_catalog.pg_constraint
	  WHERE conrelid='support.case_key'::regclass
	    AND conname='support_case_key_case_fk';
	  SELECT pg_catalog.pg_get_constraintdef(oid,true) INTO v_session_key_destroyed
	  FROM pg_catalog.pg_constraint WHERE conrelid='support.session_key'::regclass
	    AND conname='support_session_key_destroyed_at_ck';
	  SELECT pg_catalog.pg_get_constraintdef(oid,true) INTO v_session_key_envelope
	  FROM pg_catalog.pg_constraint WHERE conrelid='support.session_key'::regclass
	    AND conname='support_session_key_envelope_ck';
	  SELECT pg_catalog.pg_get_constraintdef(oid,true) INTO v_session_shredded
	  FROM pg_catalog.pg_constraint WHERE conrelid='support.session'::regclass
	    AND conname='support_session_shredded_at_ck';
	  SELECT pg_catalog.pg_get_constraintdef(oid,true) INTO v_case_shredded
	  FROM pg_catalog.pg_constraint WHERE conrelid='support."case"'::regclass
	    AND conname='support_case_shredded_at_ck';
	  SELECT pg_catalog.pg_get_constraintdef(oid,true) INTO v_case_key_destroyed
	  FROM pg_catalog.pg_constraint WHERE conrelid='support.case_key'::regclass
	    AND conname='support_case_key_destroyed_at_ck';
	  SELECT pg_catalog.pg_get_constraintdef(oid,true) INTO v_case_key_envelope
	  FROM pg_catalog.pg_constraint WHERE conrelid='support.case_key'::regclass
	    AND conname='support_case_key_envelope_ck';
	
	  IF v_fk.oid IS NULL OR v_fk.contype<>'f' OR NOT v_fk.convalidated
	      OR v_fk.condeferrable OR v_fk.condeferred
	      OR v_fk.confdeltype<>'a' OR v_fk.confupdtype<>'a'
	      OR v_fk.confmatchtype<>'s'
	      OR v_fk.conrelid<>'support.case_key'::regclass
	      OR v_fk.confrelid<>'support."case"'::regclass
	      OR v_fk.conkey<>ARRAY[(SELECT attnum FROM pg_catalog.pg_attribute
	        WHERE attrelid='support.case_key'::regclass AND attname='case_id')]::smallint[]
	      OR v_fk.confkey<>ARRAY[(SELECT attnum FROM pg_catalog.pg_attribute
	        WHERE attrelid='support."case"'::regclass AND attname='case_id')]::smallint[]
	      OR (SELECT pg_catalog.count(*) FROM pg_catalog.pg_constraint
	        WHERE conrelid='support.case_key'::regclass
	          AND contype='p' AND conkey=ARRAY[(SELECT attnum FROM pg_catalog.pg_attribute
	            WHERE attrelid='support.case_key'::regclass AND attname='case_id')]::smallint[])<>1
	      OR (SELECT pg_catalog.count(*) FROM pg_catalog.pg_constraint
	        WHERE conrelid='support.shred_audit'::regclass AND contype='u'
	          AND conkey=ARRAY[
	            (SELECT attnum FROM pg_catalog.pg_attribute WHERE attrelid='support.shred_audit'::regclass AND attname='target_kind'),
	            (SELECT attnum FROM pg_catalog.pg_attribute WHERE attrelid='support.shred_audit'::regclass AND attname='target_ref')
	          ]::smallint[])<>1 THEN
	    RAISE EXCEPTION 'SUPPORT_SHRED_DEFINITION_DRIFT: constraints';
	  END IF;
	
	  IF v_session_key_destroyed IS NULL
	      OR v_session_key_destroyed NOT LIKE '%destroyed_at IS NULL%destroyed_at >= created_at%'
	      OR v_session_shredded IS NULL
	      OR v_session_shredded NOT LIKE '%shredded_at IS NULL%shredded_at >= created_at%'
	      OR v_case_shredded IS NULL
	      OR v_case_shredded NOT LIKE '%shredded_at IS NULL%shredded_at >= created_at%'
	      OR v_case_key_destroyed IS NULL
	      OR v_case_key_destroyed NOT LIKE '%destroyed_at IS NULL%destroyed_at >= created_at%'
	      OR v_session_key_envelope IS NULL
	      OR v_session_key_envelope NOT LIKE '%octet_length(wrapped_key) = 61%'
	      OR v_session_key_envelope NOT LIKE '%get_byte(wrapped_key, 0) = 1%'
	      OR v_session_key_envelope NOT LIKE '%repeat(''00''::text, 61)%'
	      OR v_case_key_envelope IS NULL
	      OR v_case_key_envelope NOT LIKE '%octet_length(wrapped_key) = 61%'
	      OR v_case_key_envelope NOT LIKE '%get_byte(wrapped_key, 0) = 1%'
	      OR v_case_key_envelope NOT LIKE '%repeat(''00''::text, 61)%'
	      OR (SELECT pg_catalog.count(*) FROM pg_catalog.pg_constraint
	        WHERE conrelid='support.shred_audit'::regclass AND contype='c')<>4
	      OR (SELECT pg_catalog.count(*) FROM pg_catalog.pg_constraint
	        WHERE conrelid='support._shred_integrity_guard'::regclass AND contype='c')<>3
	  THEN
	    RAISE EXCEPTION 'SUPPORT_SHRED_DEFINITION_DRIFT: constraints';
	  END IF;
	END
	$support_shred_constraints_contract$;
	
	DO $support_shred_owner_contract$
	DECLARE
	  v_owner oid;
	BEGIN
	  SELECT relowner INTO v_owner FROM pg_catalog.pg_class
	  WHERE oid='support.session'::regclass;
	  IF v_owner IS NULL OR v_owner='debateai_support'::regrole OR EXISTS (
	    SELECT 1 FROM pg_catalog.pg_class AS relation
	    WHERE relation.oid=ANY(ARRAY[
	      'support.session'::regclass,'support.message'::regclass,
	      'support.abuse_event'::regclass,'support."case"'::regclass,
	      'support.session_key'::regclass,'support.case_key'::regclass,
	      'support.shred_audit'::regclass,'support._shred_integrity_guard'::regclass
	    ]) AND (relation.relkind NOT IN ('r','p') OR relation.relowner<>v_owner)
	  ) THEN
	    RAISE EXCEPTION 'SUPPORT_SHRED_DEFINITION_DRIFT: owners';
	  END IF;
	END
	$support_shred_owner_contract$;
	
	DO $support_shred_function_preflight$
	DECLARE
	  v_present integer;
	  v_valid integer;
	BEGIN
	  SELECT pg_catalog.count(*),pg_catalog.count(*) FILTER (WHERE
	    procedure.prorettype='trigger'::regtype
	    AND procedure.provolatile='v'
	    AND procedure.prosecdef
	    AND NOT procedure.proisstrict
	    AND procedure.proconfig=ARRAY['search_path=pg_catalog, pg_temp']::text[]
	    AND procedure.proowner=(SELECT relowner FROM pg_catalog.pg_class
	      WHERE oid='support.session'::regclass)
	    AND pg_catalog.encode(audit_crypto_internal.digest(
	      pg_catalog.convert_to(procedure.prosrc,'UTF8'),'sha256'
	    ),'hex')=CASE procedure.proname
	      WHEN 'mark_shred_integrity_dirty'
	        THEN '538dac0a59a56771a1081636404cd2f9d6e32c0550ae465a0f8085dc02c55276'
	      WHEN 'assert_shred_integrity'
	        THEN '33ed86b5ba3aa1b98d99158a533c7347ab8ec1fce73bb8830ec901d6b6f7d44c'
	    END
	  ) INTO v_present,v_valid
	  FROM pg_catalog.pg_proc AS procedure
	  WHERE procedure.pronamespace='support'::regnamespace
	    AND procedure.proname IN (
	      'mark_shred_integrity_dirty','assert_shred_integrity'
	    ) AND procedure.pronargs=0;
	  IF v_present NOT IN (0,2) OR (v_present=2 AND v_valid<>2) THEN
	    RAISE EXCEPTION 'SUPPORT_SHRED_DEFINITION_DRIFT: functions';
	  END IF;
	END
	$support_shred_function_preflight$;
	
	CREATE OR REPLACE FUNCTION support.mark_shred_integrity_dirty()
	RETURNS trigger
	LANGUAGE plpgsql
	VOLATILE
	SECURITY DEFINER
	SET search_path = pg_catalog, pg_temp
	AS $support_shred_function$
	DECLARE
	  v_generation bigint;
	BEGIN
	  UPDATE support._shred_integrity_guard
	  SET mutation_generation=mutation_generation+1,
	      last_mutation_xid=pg_catalog.pg_current_xact_id()
	  WHERE singleton
	  RETURNING mutation_generation INTO v_generation;
	  IF NOT FOUND THEN
	    RAISE EXCEPTION 'SUPPORT_SHRED_GUARD_INVALID';
	  END IF;
	  RETURN NULL;
	END
	$support_shred_function$;
	
	CREATE OR REPLACE FUNCTION support.assert_shred_integrity()
	RETURNS trigger
	LANGUAGE plpgsql
	VOLATILE
	SECURITY DEFINER
	SET search_path = pg_catalog, pg_temp
	AS $support_shred_function$
	DECLARE
	  v_mutation_generation bigint;
	  v_validated_generation bigint;
	  v_last_mutation_xid xid8;
	  v_invalid boolean;
	  v_count integer;
	BEGIN
	  SELECT mutation_generation,validated_generation,last_mutation_xid
	  INTO v_mutation_generation,v_validated_generation,v_last_mutation_xid
	  FROM support._shred_integrity_guard
	  WHERE singleton
	  FOR UPDATE;
	  IF NOT FOUND OR v_last_mutation_xid IS DISTINCT FROM pg_catalog.pg_current_xact_id() THEN
	    RAISE EXCEPTION 'SUPPORT_SHRED_GUARD_INVALID';
	  END IF;
	  IF v_mutation_generation=v_validated_generation THEN
	    RETURN NEW;
	  END IF;
	
	  SELECT EXISTS (
	    SELECT 1 FROM support.session AS parent
	    LEFT JOIN support.session_key AS key ON key.session_id=parent.session_id
	    GROUP BY parent.session_id,parent.shredded_at
	    HAVING pg_catalog.count(key.session_id)<>1
	      OR pg_catalog.bool_or(
	        (parent.shredded_at IS NULL) IS DISTINCT FROM (key.destroyed_at IS NULL)
	      )
	    UNION ALL
	    SELECT 1 FROM support."case" AS parent
	    LEFT JOIN support.case_key AS key ON key.case_id=parent.case_id
	    GROUP BY parent.case_id,parent.shredded_at
	    HAVING pg_catalog.count(key.case_id)<>1
	      OR pg_catalog.bool_or(
	        (parent.shredded_at IS NULL) IS DISTINCT FROM (key.destroyed_at IS NULL)
	      )
	    UNION ALL
	    SELECT 1 FROM support."case" AS child
	    JOIN support.session AS parent ON parent.session_id=child.session_id
	    WHERE parent.shredded_at IS NOT NULL AND child.shredded_at IS NULL
	    UNION ALL
	    SELECT 1 FROM support.shred_audit AS audit
	    WHERE audit.target_kind='owner' AND (
	      NOT EXISTS (SELECT 1 FROM support.session AS owned
	        WHERE owned.identity_owner_ref=audit.target_ref::uuid)
	      OR EXISTS (SELECT 1 FROM support.session AS owned
	        WHERE owned.identity_owner_ref=audit.target_ref::uuid
	          AND owned.shredded_at IS NULL)
	      OR EXISTS (SELECT 1 FROM support."case" AS owned_case
	        JOIN support.session AS owned ON owned.session_id=owned_case.session_id
	        WHERE owned.identity_owner_ref=audit.target_ref::uuid
	          AND owned_case.shredded_at IS NULL)
	      OR audit.keys_destroyed<>(
	        SELECT pg_catalog.count(*)::integer FROM (
	          SELECT owned_key.session_id FROM support.session_key AS owned_key
	          JOIN support.session AS owned ON owned.session_id=owned_key.session_id
	          WHERE owned.identity_owner_ref=audit.target_ref::uuid
	          UNION ALL
	          SELECT owned_case_key.case_id FROM support.case_key AS owned_case_key
	          JOIN support."case" AS owned_case ON owned_case.case_id=owned_case_key.case_id
	          JOIN support.session AS owned ON owned.session_id=owned_case.session_id
	          WHERE owned.identity_owner_ref=audit.target_ref::uuid
	        ) AS owner_keys
	      )
	    )
	    UNION ALL
	    SELECT 1 FROM support.shred_audit AS audit
	    WHERE audit.target_kind='session' AND (
	      (SELECT pg_catalog.count(*) FROM support.session AS anonymous
	        WHERE anonymous.session_id=audit.target_ref::uuid
	          AND anonymous.identity_owner_ref IS NULL)<>1
	      OR EXISTS (SELECT 1 FROM support.session AS anonymous
	        WHERE anonymous.session_id=audit.target_ref::uuid
	          AND anonymous.shredded_at IS NULL)
	      OR EXISTS (SELECT 1 FROM support."case" AS anonymous_case
	        WHERE anonymous_case.session_id=audit.target_ref::uuid
	          AND anonymous_case.shredded_at IS NULL)
	      OR audit.keys_destroyed<>(
	        SELECT pg_catalog.count(*)::integer FROM (
	          SELECT anonymous_key.session_id FROM support.session_key AS anonymous_key
	          WHERE anonymous_key.session_id=audit.target_ref::uuid
	          UNION ALL
	          SELECT anonymous_case_key.case_id FROM support.case_key AS anonymous_case_key
	          JOIN support."case" AS anonymous_case
	            ON anonymous_case.case_id=anonymous_case_key.case_id
	          WHERE anonymous_case.session_id=audit.target_ref::uuid
	        ) AS anonymous_keys
	      )
	    )
	    UNION ALL
	    SELECT 1 FROM support.session AS object
	    WHERE object.shredded_at IS NOT NULL AND (
	      SELECT pg_catalog.count(*) FROM support.shred_audit AS audit
	      WHERE (audit.target_kind='owner'
	          AND object.identity_owner_ref IS NOT NULL
	          AND audit.target_ref=object.identity_owner_ref::text)
	        OR (audit.target_kind='session'
	          AND object.identity_owner_ref IS NULL
	          AND audit.target_ref=object.session_id::text)
	    )<>1
	    UNION ALL
	    SELECT 1 FROM support."case" AS object
	    JOIN support.session AS parent ON parent.session_id=object.session_id
	    WHERE object.shredded_at IS NOT NULL AND (
	      SELECT pg_catalog.count(*) FROM support.shred_audit AS audit
	      WHERE (audit.target_kind='owner'
	          AND parent.identity_owner_ref IS NOT NULL
	          AND audit.target_ref=parent.identity_owner_ref::text)
	        OR (audit.target_kind='session'
	          AND parent.identity_owner_ref IS NULL
	          AND audit.target_ref=parent.session_id::text)
	    )<>1
	  ) INTO v_invalid;
	
	  IF v_invalid THEN
	    RAISE EXCEPTION 'SUPPORT_SHRED_INTEGRITY_INVALID';
	  END IF;
	
	  v_count:=COALESCE(NULLIF(pg_catalog.current_setting(
	    'debateai.support_shred_validation_count',true
	  ),'')::integer,0)+1;
	  PERFORM pg_catalog.set_config(
	    'debateai.support_shred_validation_count',v_count::text,true
	  );
	
	  UPDATE support._shred_integrity_guard
	  SET validated_generation=v_mutation_generation,
	      last_validation_xid=pg_catalog.pg_current_xact_id()
	  WHERE singleton
	    AND mutation_generation=v_mutation_generation
	    AND last_mutation_xid=v_last_mutation_xid;
	  IF NOT FOUND THEN
	    RAISE EXCEPTION 'SUPPORT_SHRED_GUARD_INVALID';
	  END IF;
	  RETURN NEW;
	END
	$support_shred_function$;
	
	REVOKE ALL ON FUNCTION support.mark_shred_integrity_dirty() FROM PUBLIC;
	REVOKE ALL ON FUNCTION support.assert_shred_integrity() FROM PUBLIC;
	REVOKE ALL ON FUNCTION support.mark_shred_integrity_dirty() FROM debateai_support;
	REVOKE ALL ON FUNCTION support.assert_shred_integrity() FROM debateai_support;
	
	DO $support_shred_triggers_install$
	DECLARE
	  v_marker_count integer;
	  v_guard_count integer;
	BEGIN
	  SELECT pg_catalog.count(*) INTO v_marker_count
	  FROM pg_catalog.pg_trigger AS trigger
	  JOIN pg_catalog.pg_class AS relation ON relation.oid=trigger.tgrelid
	  JOIN pg_catalog.pg_namespace AS namespace ON namespace.oid=relation.relnamespace
	  WHERE namespace.nspname='support' AND NOT trigger.tgisinternal
	    AND trigger.tgname LIKE 'support_shred_dirty_%';
	  SELECT pg_catalog.count(*) INTO v_guard_count
	  FROM pg_catalog.pg_trigger AS trigger
	  WHERE trigger.tgrelid='support._shred_integrity_guard'::regclass
	    AND NOT trigger.tgisinternal
	    AND trigger.tgname='support_shred_integrity_guard_trigger';
	  IF v_marker_count=0 AND v_guard_count=0 THEN
	    CREATE TRIGGER support_shred_dirty_session
	      AFTER INSERT OR UPDATE OR DELETE ON support.session
	      FOR EACH STATEMENT EXECUTE FUNCTION support.mark_shred_integrity_dirty();
	    CREATE TRIGGER support_shred_dirty_session_key
	      AFTER INSERT OR UPDATE OR DELETE ON support.session_key
	      FOR EACH STATEMENT EXECUTE FUNCTION support.mark_shred_integrity_dirty();
	    CREATE TRIGGER support_shred_dirty_case
	      AFTER INSERT OR UPDATE OR DELETE ON support."case"
	      FOR EACH STATEMENT EXECUTE FUNCTION support.mark_shred_integrity_dirty();
	    CREATE TRIGGER support_shred_dirty_case_key
	      AFTER INSERT OR UPDATE OR DELETE ON support.case_key
	      FOR EACH STATEMENT EXECUTE FUNCTION support.mark_shred_integrity_dirty();
	    CREATE TRIGGER support_shred_dirty_audit
	      AFTER INSERT OR UPDATE OR DELETE ON support.shred_audit
	      FOR EACH STATEMENT EXECUTE FUNCTION support.mark_shred_integrity_dirty();
	    CREATE CONSTRAINT TRIGGER support_shred_integrity_guard_trigger
	      AFTER UPDATE OF mutation_generation ON support._shred_integrity_guard
	      DEFERRABLE INITIALLY DEFERRED
	      FOR EACH ROW EXECUTE FUNCTION support.assert_shred_integrity();
	  ELSIF v_marker_count<>5 OR v_guard_count<>1 THEN
	    RAISE EXCEPTION 'SUPPORT_SHRED_DEFINITION_DRIFT: triggers';
	  END IF;
	END
	$support_shred_triggers_install$;
	
	DO $support_shred_functions_triggers_contract$
	DECLARE
	  v_function_count integer;
	  v_trigger_count integer;
	BEGIN
	  SELECT pg_catalog.count(*) INTO v_function_count
	  FROM pg_catalog.pg_proc AS procedure
	  WHERE procedure.oid=ANY(ARRAY[
	    'support.mark_shred_integrity_dirty()'::regprocedure,
	    'support.assert_shred_integrity()'::regprocedure
	  ])
	    AND procedure.prorettype='trigger'::regtype
	    AND procedure.provolatile='v'
	    AND procedure.prosecdef
	    AND NOT procedure.proisstrict
	    AND procedure.proconfig=ARRAY['search_path=pg_catalog, pg_temp']::text[]
	    AND procedure.proowner=(SELECT relowner FROM pg_catalog.pg_class
	      WHERE oid='support.session'::regclass)
	    AND pg_catalog.encode(audit_crypto_internal.digest(
	      pg_catalog.convert_to(procedure.prosrc,'UTF8'),'sha256'
	    ),'hex')=CASE procedure.proname
	      WHEN 'mark_shred_integrity_dirty'
	        THEN '538dac0a59a56771a1081636404cd2f9d6e32c0550ae465a0f8085dc02c55276'
	      WHEN 'assert_shred_integrity'
	        THEN '33ed86b5ba3aa1b98d99158a533c7347ab8ec1fce73bb8830ec901d6b6f7d44c'
	    END
	    AND NOT pg_catalog.has_function_privilege(
	      'public',procedure.oid,'EXECUTE'
	    )
	    AND NOT pg_catalog.has_function_privilege(
	      'debateai_support',procedure.oid,'EXECUTE'
	    );
	  IF v_function_count<>2 THEN
	    RAISE EXCEPTION 'SUPPORT_SHRED_DEFINITION_DRIFT: functions';
	  END IF;
	
	  SELECT pg_catalog.count(*) INTO v_trigger_count
	  FROM pg_catalog.pg_trigger AS trigger
	  WHERE NOT trigger.tgisinternal AND (
	    (trigger.tgname='support_shred_dirty_session'
	      AND trigger.tgrelid='support.session'::regclass)
	    OR (trigger.tgname='support_shred_dirty_session_key'
	      AND trigger.tgrelid='support.session_key'::regclass)
	    OR (trigger.tgname='support_shred_dirty_case'
	      AND trigger.tgrelid='support."case"'::regclass)
	    OR (trigger.tgname='support_shred_dirty_case_key'
	      AND trigger.tgrelid='support.case_key'::regclass)
	    OR (trigger.tgname='support_shred_dirty_audit'
	      AND trigger.tgrelid='support.shred_audit'::regclass)
	  )
	    AND trigger.tgfoid='support.mark_shred_integrity_dirty()'::regprocedure
	    AND trigger.tgtype=28
	    AND NOT trigger.tgdeferrable
	    AND NOT trigger.tginitdeferred;
	  IF v_trigger_count<>5 OR NOT EXISTS (
	    SELECT 1 FROM pg_catalog.pg_trigger AS trigger
	    WHERE trigger.tgname='support_shred_integrity_guard_trigger'
	      AND trigger.tgrelid='support._shred_integrity_guard'::regclass
	      AND trigger.tgfoid='support.assert_shred_integrity()'::regprocedure
	      AND trigger.tgtype=17
	      AND trigger.tgdeferrable AND trigger.tginitdeferred
	      AND pg_catalog.pg_get_triggerdef(trigger.oid,true)
	        LIKE '%UPDATE OF mutation_generation%'
	  ) THEN
	    RAISE EXCEPTION 'SUPPORT_SHRED_DEFINITION_DRIFT: triggers';
	  END IF;
	END
	$support_shred_functions_triggers_contract$;
	
	DO $support_shred_privilege_preflight$
	BEGIN
	  IF EXISTS (
	    SELECT 1 FROM pg_catalog.pg_class AS relation
	    JOIN pg_catalog.pg_namespace AS namespace ON namespace.oid=relation.relnamespace
	    WHERE namespace.nspname='support' AND relation.relkind IN ('r','p')
	      AND pg_catalog.has_table_privilege('debateai_support',relation.oid,
	        'UPDATE,DELETE,TRUNCATE,REFERENCES,TRIGGER')
	  ) OR EXISTS (
	    SELECT 1 FROM pg_catalog.pg_class AS relation
	    JOIN pg_catalog.pg_namespace AS namespace ON namespace.oid=relation.relnamespace
	    JOIN pg_catalog.pg_attribute AS attribute ON attribute.attrelid=relation.oid
	    WHERE namespace.nspname='support' AND relation.relkind IN ('r','p','v')
	      AND attribute.attnum>0 AND NOT attribute.attisdropped
	      AND pg_catalog.has_column_privilege(
	        'debateai_support',relation.oid,attribute.attname,'UPDATE'
	      )
	      AND (relation.relname,attribute.attname) NOT IN (
	        ('session','shredded_at'),('case','shredded_at'),
	        ('session','consent_own_context_at'),
	        ('case','state'),('case','summary_ciphertext'),
	        ('case','summary_at'),('case','summary_status'),
	        ('case','summary_authoritative'),
	        ('public_incident','ended_at'),
	        ('session_key','wrapped_key'),('session_key','destroyed_at'),
	        ('case_key','wrapped_key'),('case_key','destroyed_at')
	      )
	  ) THEN
	    RAISE EXCEPTION 'SUPPORT_SHRED_DEFINITION_DRIFT: privileges';
	  END IF;
	END
	$support_shred_privilege_preflight$;
	
	REVOKE ALL ON support.case_key FROM PUBLIC;
	REVOKE ALL ON support.shred_audit FROM PUBLIC;
	REVOKE ALL ON support._shred_integrity_guard FROM PUBLIC;
	REVOKE ALL ON support.relay_call FROM PUBLIC;
	REVOKE ALL ON support.relay_waiter FROM PUBLIC;
	REVOKE ALL ON support.relay_waiter_event FROM PUBLIC;
	REVOKE ALL ON support.admission_event FROM PUBLIC;
	REVOKE ALL ON SEQUENCE support.relay_waiter_ticket_seq FROM PUBLIC;
	REVOKE ALL ON SEQUENCE support.relay_waiter_event_event_sequence_seq FROM PUBLIC;
	REVOKE ALL ON support.case_key FROM debateai_support;
	REVOKE ALL ON support.shred_audit FROM debateai_support;
	REVOKE ALL ON support._shred_integrity_guard FROM debateai_support;
	REVOKE ALL ON support.relay_call FROM debateai_support;
	REVOKE ALL ON support.relay_waiter FROM debateai_support;
	REVOKE ALL ON support.relay_waiter_event FROM debateai_support;
	REVOKE ALL ON support.admission_event FROM debateai_support;
	REVOKE ALL ON SEQUENCE support.relay_waiter_ticket_seq FROM debateai_support;
	REVOKE ALL ON SEQUENCE support.relay_waiter_event_event_sequence_seq FROM debateai_support;
	
	GRANT SELECT,INSERT ON support.case_key TO debateai_support;
	GRANT SELECT,INSERT ON support.shred_audit TO debateai_support;
	GRANT SELECT,INSERT ON support.relay_call TO debateai_support;
	GRANT SELECT,INSERT ON support.relay_waiter TO debateai_support;
	GRANT SELECT,INSERT ON support.relay_waiter_event TO debateai_support;
	GRANT USAGE,SELECT ON SEQUENCE support.relay_waiter_ticket_seq TO debateai_support;
	GRANT USAGE,SELECT ON SEQUENCE support.relay_waiter_event_event_sequence_seq TO debateai_support;
	GRANT SELECT,INSERT ON support.admission_event TO debateai_support;
	GRANT UPDATE (shredded_at) ON support.session TO debateai_support;
	GRANT UPDATE (shredded_at) ON support."case" TO debateai_support;
	GRANT UPDATE (wrapped_key,destroyed_at) ON support.session_key TO debateai_support;
	GRANT UPDATE (wrapped_key,destroyed_at) ON support.case_key TO debateai_support;
	
	DO $support_shred_privilege_contract$
	DECLARE
	  v_application_count integer;
	  v_update_count integer;
	BEGIN
	  SELECT pg_catalog.count(*) INTO v_application_count
	  FROM pg_catalog.pg_class AS relation
	  JOIN pg_catalog.pg_namespace AS namespace ON namespace.oid=relation.relnamespace
	  WHERE namespace.nspname='support' AND relation.relkind IN ('r','p')
	    AND relation.relname<>'_shred_integrity_guard'
	    AND pg_catalog.has_table_privilege('debateai_support',relation.oid,'SELECT')
	    AND pg_catalog.has_table_privilege('debateai_support',relation.oid,'INSERT')
	    AND NOT pg_catalog.has_table_privilege('debateai_support',relation.oid,'UPDATE')
	    AND NOT pg_catalog.has_table_privilege('debateai_support',relation.oid,'DELETE')
	    AND NOT pg_catalog.has_table_privilege('debateai_support',relation.oid,'TRUNCATE')
	    AND NOT pg_catalog.has_table_privilege('debateai_support',relation.oid,'REFERENCES')
	    AND NOT pg_catalog.has_table_privilege('debateai_support',relation.oid,'TRIGGER');
	  IF v_application_count<>(
	    SELECT pg_catalog.count(*)
	    FROM pg_catalog.pg_class AS relation
	    JOIN pg_catalog.pg_namespace AS namespace ON namespace.oid=relation.relnamespace
	    WHERE namespace.nspname='support' AND relation.relkind IN ('r','p')
	      AND relation.relname<>'_shred_integrity_guard'
	  ) OR EXISTS (
	    SELECT 1 FROM pg_catalog.pg_class AS relation
	    WHERE relation.oid='support._shred_integrity_guard'::regclass
	      AND pg_catalog.has_table_privilege('debateai_support',relation.oid,
	        'SELECT,INSERT,UPDATE,DELETE,TRUNCATE,REFERENCES,TRIGGER')
	  ) OR EXISTS (
	    SELECT 1 FROM pg_catalog.pg_class AS relation
	    JOIN pg_catalog.pg_namespace AS namespace ON namespace.oid=relation.relnamespace,
	      LATERAL pg_catalog.aclexplode(COALESCE(
	        relation.relacl,pg_catalog.acldefault('r',relation.relowner)
	      )) AS acl
	    WHERE namespace.nspname='support' AND acl.grantee=0
	  ) THEN
	    RAISE EXCEPTION 'SUPPORT_SHRED_DEFINITION_DRIFT: privileges';
	  END IF;
	
	  SELECT pg_catalog.count(*) INTO v_update_count
	  FROM pg_catalog.pg_class AS relation
	  JOIN pg_catalog.pg_namespace AS namespace ON namespace.oid=relation.relnamespace
	  JOIN pg_catalog.pg_attribute AS attribute ON attribute.attrelid=relation.oid
	  WHERE namespace.nspname='support' AND relation.relkind IN ('r','p','v')
	    AND attribute.attnum>0 AND NOT attribute.attisdropped
	    AND pg_catalog.has_column_privilege(
	      'debateai_support',relation.oid,attribute.attname,'UPDATE'
	    );
	  IF v_update_count<6 OR EXISTS (
	    SELECT 1 FROM (VALUES
	      ('session','shredded_at'),('case','shredded_at'),
	      ('session_key','wrapped_key'),('session_key','destroyed_at'),
	      ('case_key','wrapped_key'),('case_key','destroyed_at')
	    ) AS required(table_name,column_name)
	    WHERE NOT pg_catalog.has_column_privilege(
	      'debateai_support',
	      pg_catalog.format('support.%I',required.table_name),
	      required.column_name,'UPDATE'
	    )
	  ) OR EXISTS (
	    SELECT 1 FROM pg_catalog.pg_class AS relation
	    JOIN pg_catalog.pg_namespace AS namespace ON namespace.oid=relation.relnamespace
	    JOIN pg_catalog.pg_attribute AS attribute ON attribute.attrelid=relation.oid
	    WHERE namespace.nspname='support' AND relation.relkind IN ('r','p','v')
	      AND attribute.attnum>0 AND NOT attribute.attisdropped
	      AND pg_catalog.has_column_privilege(
	        'debateai_support',relation.oid,attribute.attname,'UPDATE'
	      )
	      AND (relation.relname,attribute.attname) NOT IN (
	        ('session','shredded_at'),('case','shredded_at'),
	        ('session','consent_own_context_at'),
	        ('case','state'),('case','summary_ciphertext'),
	        ('case','summary_at'),('case','summary_status'),
	        ('case','summary_authoritative'),
	        ('public_incident','ended_at'),
	        ('session_key','wrapped_key'),('session_key','destroyed_at'),
	        ('case_key','wrapped_key'),('case_key','destroyed_at')
	      )
	  ) THEN
	    RAISE EXCEPTION 'SUPPORT_SHRED_DEFINITION_DRIFT: privileges';
	  END IF;
	END
	$support_shred_privilege_contract$;
	
	DO $support_shred_guard_contract$
	BEGIN
	  IF (SELECT pg_catalog.count(*) FROM support._shred_integrity_guard)<>1
	      OR NOT EXISTS (
	        SELECT 1 FROM support._shred_integrity_guard
	        WHERE singleton AND mutation_generation>=validated_generation
	          AND mutation_generation>=0 AND validated_generation>=0
	      ) THEN
	    RAISE EXCEPTION 'SUPPORT_SHRED_DEFINITION_DRIFT: guard row';
	  END IF;
	END
	$support_shred_guard_contract$;
	
	-- Schedule one startup/replay validation in the migration transaction itself.
	UPDATE support._shred_integrity_guard
	SET mutation_generation=mutation_generation+1,
	    last_mutation_xid=pg_catalog.pg_current_xact_id()
	WHERE singleton;
	


stdout | tests/integration/support-shred.test.ts > SUP-07 support key schema and transaction-bound integrity > replays after 0055 is already recorded and rejects hostile catalog lookalikes
[S00 DB embedded] 2026-09-17 13:03:33.074 EEST [21588] ERROR:  SUPPORT_SHRED_DEFINITION_DRIFT: triggers
2026-09-17 13:03:33.074 EEST [21588] CONTEXT:  PL/pgSQL function inline_code_block line 38 at RAISE
2026-09-17 13:03:33.074 EEST [21588] STATEMENT:  -- SUP-07: independently wrapped support keys, irreversible tombstones, and
	-- transaction-bound global shred integrity.
	
	SELECT pg_catalog.pg_advisory_xact_lock(
	  pg_catalog.hashtextextended('debateai:support-shred-integrity:v1', 0)
	);
	
	-- Forward repair for catalogs where the historical 0050 bytes were already
	-- ledgered before SUP-06 added message telemetry and the complete abuse shape.
	ALTER TABLE support.message
	  ADD COLUMN IF NOT EXISTS model_called boolean NOT NULL DEFAULT false,
	  ADD COLUMN IF NOT EXISTS input_tokens bigint CHECK (input_tokens >= 0),
	  ADD COLUMN IF NOT EXISTS output_tokens bigint CHECK (output_tokens >= 0),
	  ADD COLUMN IF NOT EXISTS cost_usd numeric(18,6) CHECK (cost_usd >= 0),
	  ADD COLUMN IF NOT EXISTS degraded_reason text CHECK (degraded_reason IN ('relay','cap'));
	
	ALTER TABLE support.abuse_event
	  DROP CONSTRAINT IF EXISTS abuse_event_class_check,
	  DROP CONSTRAINT IF EXISTS support_abuse_event_class_ck;
	ALTER TABLE support.abuse_event
	  ADD CONSTRAINT support_abuse_event_class_ck CHECK (class IN (
	    'INJECTION','RATE_LIMIT','LOCK','IP_COOLDOWN','BOUNDARY_DENY','SECRET_LIKE'
	  ));
	
	CREATE INDEX IF NOT EXISTS support_abuse_event_session_class_idx
	  ON support.abuse_event(session_id,class);
	CREATE INDEX IF NOT EXISTS support_abuse_event_ip_class_at_idx
	  ON support.abuse_event(ip_sha256,class,at DESC);
	
	ALTER TABLE support."case"
	  ADD COLUMN IF NOT EXISTS trigger_generation text;
	DO $support_case_trigger_generation_constraint$
	BEGIN
	  IF NOT EXISTS (
	    SELECT 1 FROM pg_catalog.pg_constraint
	    WHERE conrelid='support."case"'::regclass
	      AND conname='support_case_trigger_generation_ck'
	  ) THEN
	    ALTER TABLE support."case" ADD CONSTRAINT support_case_trigger_generation_ck
	      CHECK (trigger_generation IS NULL OR (
	        pg_catalog.length(trigger_generation) BETWEEN 1 AND 128
	        AND trigger_generation !~ '[[:cntrl:]]'
	      ));
	  END IF;
	END
	$support_case_trigger_generation_constraint$;
	CREATE UNIQUE INDEX IF NOT EXISTS support_case_trigger_generation_unique
	  ON support."case"(session_id,trigger_predicate,trigger_generation)
	  WHERE trigger_generation IS NOT NULL;
	
	ALTER TABLE support.case_message
	  ADD COLUMN IF NOT EXISTS redacted boolean NOT NULL DEFAULT false;
	
	-- Append-only model-call reservations make the daily cap durable while
	-- session-scoped advisory locks make concurrency shared across API processes.
	CREATE TABLE IF NOT EXISTS support.relay_call (
	  call_id uuid NOT NULL,
	  utc_day date NOT NULL,
	  acquired_at timestamptz NOT NULL,
	  CONSTRAINT support_relay_call_pkey PRIMARY KEY (call_id),
	  CONSTRAINT support_relay_call_utc_day_ck CHECK (
	    utc_day = (pg_catalog.timezone('UTC',acquired_at))::date
	  )
	);
	CREATE INDEX IF NOT EXISTS support_relay_call_utc_day_idx
	  ON support.relay_call(utc_day);
	
	-- Cross-process queue order is an append-only ticket/event ledger. Expired
	-- WAITING leases are ignored, so a process restart cannot strand the head.
	CREATE TABLE IF NOT EXISTS support.relay_waiter (
	  ticket bigint GENERATED ALWAYS AS IDENTITY,
	  waiter_id uuid NOT NULL,
	  enqueued_at timestamptz NOT NULL,
	  CONSTRAINT support_relay_waiter_pkey PRIMARY KEY (ticket),
	  CONSTRAINT support_relay_waiter_id_unique UNIQUE (waiter_id)
	);
	CREATE TABLE IF NOT EXISTS support.relay_waiter_event (
	  event_sequence bigint GENERATED ALWAYS AS IDENTITY,
	  waiter_id uuid NOT NULL REFERENCES support.relay_waiter(waiter_id),
	  state text NOT NULL,
	  at timestamptz NOT NULL,
	  lease_until timestamptz,
	  CONSTRAINT support_relay_waiter_event_pkey PRIMARY KEY (event_sequence),
	  CONSTRAINT support_relay_waiter_event_state_ck CHECK (
	    state IN ('WAITING','ACQUIRED','COMPLETED','CANCELLED','DAILY_CAP')
	  ),
	  CONSTRAINT support_relay_waiter_event_lease_ck CHECK (
	    (state='WAITING' AND lease_until IS NOT NULL AND lease_until > at)
	    OR (state<>'WAITING' AND lease_until IS NULL)
	  )
	);
	CREATE INDEX IF NOT EXISTS support_relay_waiter_event_latest_idx
	  ON support.relay_waiter_event(waiter_id,event_sequence DESC);
	
	-- Admission observations contain only opaque identifiers/hashes and make
	-- ordinary rate windows durable across processes and restarts.
	CREATE TABLE IF NOT EXISTS support.admission_event (
	  admission_event_id uuid NOT NULL,
	  scope_kind text NOT NULL,
	  session_id uuid,
	  identity_owner_ref uuid,
	  ip_sha256 character(64) NOT NULL,
	  at timestamptz NOT NULL,
	  CONSTRAINT support_admission_event_pkey PRIMARY KEY (admission_event_id),
	  CONSTRAINT support_admission_event_scope_ck CHECK (
	    (scope_kind='SESSION' AND session_id IS NULL AND identity_owner_ref IS NULL)
	    OR (scope_kind='MESSAGE' AND session_id IS NOT NULL)
	  ),
	  CONSTRAINT support_admission_event_ip_ck CHECK (ip_sha256 ~ '^[0-9a-f]{64}$')
	);
	CREATE INDEX IF NOT EXISTS support_admission_event_ip_kind_at_idx
	  ON support.admission_event(ip_sha256,scope_kind,at DESC);
	CREATE INDEX IF NOT EXISTS support_admission_event_owner_kind_at_idx
	  ON support.admission_event(identity_owner_ref,scope_kind,at DESC)
	  WHERE identity_owner_ref IS NOT NULL;
	CREATE INDEX IF NOT EXISTS support_admission_event_session_kind_idx
	  ON support.admission_event(session_id,scope_kind)
	  WHERE session_id IS NOT NULL;
	
	-- Semantic content envelopes are v2. These owner-installed triggers reject new
	-- v1 content without invalidating or rewriting historical v1 ciphertext rows.
	CREATE OR REPLACE FUNCTION support.enforce_message_content_v2()
	RETURNS trigger
	LANGUAGE plpgsql
	SET search_path = pg_catalog, pg_temp
	AS $support_enforce_message_content_v2$
	BEGIN
	  IF pg_catalog.octet_length(NEW.content_ciphertext) < 29
	    OR pg_catalog.get_byte(NEW.content_ciphertext,0) <> 2 THEN
	    RAISE EXCEPTION 'SUPPORT_CONTENT_V2_REQUIRED';
	  END IF;
	  RETURN NEW;
	END
	$support_enforce_message_content_v2$;
	
	CREATE OR REPLACE FUNCTION support.enforce_case_message_content_v2()
	RETURNS trigger
	LANGUAGE plpgsql
	SET search_path = pg_catalog, pg_temp
	AS $support_enforce_case_message_content_v2$
	BEGIN
	  IF pg_catalog.octet_length(NEW.content_ciphertext) < 29
	    OR pg_catalog.get_byte(NEW.content_ciphertext,0) <> 2 THEN
	    RAISE EXCEPTION 'SUPPORT_CONTENT_V2_REQUIRED';
	  END IF;
	  RETURN NEW;
	END
	$support_enforce_case_message_content_v2$;
	
	CREATE OR REPLACE FUNCTION support.enforce_case_content_v2()
	RETURNS trigger
	LANGUAGE plpgsql
	SET search_path = pg_catalog, pg_temp
	AS $support_enforce_case_content_v2$
	BEGIN
	  IF (TG_OP = 'INSERT' OR TG_ARGV[0] = 'snapshot') AND (
	      pg_catalog.octet_length(NEW.transcript_snapshot_ciphertext) < 29
	      OR pg_catalog.get_byte(NEW.transcript_snapshot_ciphertext,0) <> 2
	    ) THEN
	    RAISE EXCEPTION 'SUPPORT_CONTENT_V2_REQUIRED';
	  END IF;
	  IF (TG_OP = 'INSERT' OR TG_ARGV[0] = 'summary') AND NEW.summary_ciphertext IS NOT NULL AND (
	      pg_catalog.octet_length(NEW.summary_ciphertext) < 29
	      OR pg_catalog.get_byte(NEW.summary_ciphertext,0) <> 2
	    ) THEN
	    RAISE EXCEPTION 'SUPPORT_CONTENT_V2_REQUIRED';
	  END IF;
	  RETURN NEW;
	END
	$support_enforce_case_content_v2$;
	
	REVOKE ALL ON FUNCTION support.enforce_message_content_v2() FROM PUBLIC;
	REVOKE ALL ON FUNCTION support.enforce_case_message_content_v2() FROM PUBLIC;
	REVOKE ALL ON FUNCTION support.enforce_case_content_v2() FROM PUBLIC;
	
	DO $support_content_v2_triggers$
	BEGIN
	  IF NOT EXISTS (SELECT 1 FROM pg_catalog.pg_trigger
	    WHERE tgrelid='support.message'::regclass AND tgname='support_message_content_v2_insert') THEN
	    CREATE TRIGGER support_message_content_v2_insert
	      BEFORE INSERT ON support.message FOR EACH ROW
	      EXECUTE FUNCTION support.enforce_message_content_v2();
	  END IF;
	  IF NOT EXISTS (SELECT 1 FROM pg_catalog.pg_trigger
	    WHERE tgrelid='support.message'::regclass AND tgname='support_message_content_v2_update') THEN
	    CREATE TRIGGER support_message_content_v2_update
	      BEFORE UPDATE OF content_ciphertext ON support.message FOR EACH ROW
	      EXECUTE FUNCTION support.enforce_message_content_v2();
	  END IF;
	  IF NOT EXISTS (SELECT 1 FROM pg_catalog.pg_trigger
	    WHERE tgrelid='support.case_message'::regclass AND tgname='support_case_message_content_v2_insert') THEN
	    CREATE TRIGGER support_case_message_content_v2_insert
	      BEFORE INSERT ON support.case_message FOR EACH ROW
	      EXECUTE FUNCTION support.enforce_case_message_content_v2();
	  END IF;
	  IF NOT EXISTS (SELECT 1 FROM pg_catalog.pg_trigger
	    WHERE tgrelid='support.case_message'::regclass AND tgname='support_case_message_content_v2_update') THEN
	    CREATE TRIGGER support_case_message_content_v2_update
	      BEFORE UPDATE OF content_ciphertext ON support.case_message FOR EACH ROW
	      EXECUTE FUNCTION support.enforce_case_message_content_v2();
	  END IF;
	  IF NOT EXISTS (SELECT 1 FROM pg_catalog.pg_trigger
	    WHERE tgrelid='support."case"'::regclass AND tgname='support_case_snapshot_v2_insert') THEN
	    CREATE TRIGGER support_case_snapshot_v2_insert
	      BEFORE INSERT ON support."case" FOR EACH ROW
	      EXECUTE FUNCTION support.enforce_case_content_v2('snapshot');
	  END IF;
	  IF NOT EXISTS (SELECT 1 FROM pg_catalog.pg_trigger
	    WHERE tgrelid='support."case"'::regclass AND tgname='support_case_snapshot_v2_update') THEN
	    CREATE TRIGGER support_case_snapshot_v2_update
	      BEFORE UPDATE OF transcript_snapshot_ciphertext ON support."case" FOR EACH ROW
	      EXECUTE FUNCTION support.enforce_case_content_v2('snapshot');
	  END IF;
	  IF NOT EXISTS (SELECT 1 FROM pg_catalog.pg_trigger
	    WHERE tgrelid='support."case"'::regclass AND tgname='support_case_summary_v2_update') THEN
	    CREATE TRIGGER support_case_summary_v2_update
	      BEFORE UPDATE OF summary_ciphertext ON support."case" FOR EACH ROW
	      EXECUTE FUNCTION support.enforce_case_content_v2('summary');
	  END IF;
	END
	$support_content_v2_triggers$;
	
	ALTER TABLE support.session_key
	  ADD COLUMN IF NOT EXISTS destroyed_at timestamptz;
	ALTER TABLE support.session
	  ADD COLUMN IF NOT EXISTS shredded_at timestamptz;
	ALTER TABLE support."case"
	  ADD COLUMN IF NOT EXISTS shredded_at timestamptz;
	
	CREATE TABLE IF NOT EXISTS support.case_key (
	  case_id uuid NOT NULL,
	  wrapped_key bytea NOT NULL,
	  created_at timestamptz NOT NULL,
	  destroyed_at timestamptz,
	  CONSTRAINT support_case_key_pkey PRIMARY KEY (case_id),
	  CONSTRAINT support_case_key_case_fk FOREIGN KEY (case_id)
	    REFERENCES support."case" (case_id),
	  CONSTRAINT support_case_key_destroyed_at_ck CHECK (
	    destroyed_at IS NULL OR destroyed_at >= created_at
	  ),
	  CONSTRAINT support_case_key_envelope_ck CHECK (
	    pg_catalog.octet_length(wrapped_key) = 61
	    AND (
	      (destroyed_at IS NULL AND pg_catalog.get_byte(wrapped_key, 0) = 1)
	      OR (destroyed_at IS NOT NULL
	        AND wrapped_key = pg_catalog.decode(pg_catalog.repeat('00', 61), 'hex'))
	    )
	  )
	);
	
	CREATE TABLE IF NOT EXISTS support.shred_audit (
	  at timestamptz NOT NULL,
	  os_user text NOT NULL,
	  target_kind text NOT NULL,
	  target_ref text NOT NULL,
	  keys_destroyed integer NOT NULL,
	  CONSTRAINT support_shred_audit_target_unique UNIQUE (target_kind, target_ref),
	  CONSTRAINT support_shred_audit_target_kind_ck CHECK (
	    target_kind IN ('owner', 'session')
	  ),
	  CONSTRAINT support_shred_audit_keys_destroyed_ck CHECK (keys_destroyed > 0),
	  CONSTRAINT support_shred_audit_os_user_ck CHECK (
	    pg_catalog.length(os_user) BETWEEN 1 AND 128
	    AND os_user !~ '[[:cntrl:]]'
	  ),
	  CONSTRAINT support_shred_audit_target_ref_ck CHECK (
	    target_ref ~ '^[0-9a-f]{8}-[0-9a-f]{4}-[1-5][0-9a-f]{3}-[89ab][0-9a-f]{3}-[0-9a-f]{12}$'
	  )
	);
	
	CREATE TABLE IF NOT EXISTS support._shred_integrity_guard (
	  singleton boolean NOT NULL DEFAULT true,
	  mutation_generation bigint NOT NULL,
	  validated_generation bigint NOT NULL,
	  last_mutation_xid xid8,
	  last_validation_xid xid8,
	  CONSTRAINT support_shred_integrity_guard_pkey PRIMARY KEY (singleton),
	  CONSTRAINT support_shred_integrity_guard_singleton_ck CHECK (singleton),
	  CONSTRAINT support_shred_integrity_guard_mutation_generation_ck CHECK (
	    mutation_generation >= 0
	  ),
	  CONSTRAINT support_shred_integrity_guard_validated_generation_ck CHECK (
	    validated_generation >= 0 AND validated_generation <= mutation_generation
	  )
	);
	
	INSERT INTO support._shred_integrity_guard(
	  singleton,mutation_generation,validated_generation,
	  last_mutation_xid,last_validation_xid
	)
	VALUES (true,0,0,NULL,NULL)
	ON CONFLICT (singleton) DO NOTHING;
	
	DO $support_shred_constraints_install$
	BEGIN
	  IF NOT EXISTS (
	    SELECT 1 FROM pg_catalog.pg_constraint
	    WHERE conrelid='support.session_key'::regclass
	      AND conname='support_session_key_destroyed_at_ck'
	  ) THEN
	    ALTER TABLE support.session_key
	      ADD CONSTRAINT support_session_key_destroyed_at_ck CHECK (
	        destroyed_at IS NULL OR destroyed_at >= created_at
	      );
	  END IF;
	  IF NOT EXISTS (
	    SELECT 1 FROM pg_catalog.pg_constraint
	    WHERE conrelid='support.session_key'::regclass
	      AND conname='support_session_key_envelope_ck'
	  ) THEN
	    ALTER TABLE support.session_key
	      ADD CONSTRAINT support_session_key_envelope_ck CHECK (
	        pg_catalog.octet_length(wrapped_key) = 61
	        AND (
	          (destroyed_at IS NULL AND pg_catalog.get_byte(wrapped_key,0) = 1)
	          OR (destroyed_at IS NOT NULL
	            AND wrapped_key=pg_catalog.decode(pg_catalog.repeat('00',61),'hex'))
	        )
	      );
	  END IF;
	  IF NOT EXISTS (
	    SELECT 1 FROM pg_catalog.pg_constraint
	    WHERE conrelid='support.session'::regclass
	      AND conname='support_session_shredded_at_ck'
	  ) THEN
	    ALTER TABLE support.session
	      ADD CONSTRAINT support_session_shredded_at_ck CHECK (
	        shredded_at IS NULL OR shredded_at >= created_at
	      );
	  END IF;
	  IF NOT EXISTS (
	    SELECT 1 FROM pg_catalog.pg_constraint
	    WHERE conrelid='support."case"'::regclass
	      AND conname='support_case_shredded_at_ck'
	  ) THEN
	    ALTER TABLE support."case"
	      ADD CONSTRAINT support_case_shredded_at_ck CHECK (
	        shredded_at IS NULL OR shredded_at >= created_at
	      );
	  END IF;
	END
	$support_shred_constraints_install$;
	
	DO $support_shred_columns_contract$
	DECLARE
	  v_count integer;
	BEGIN
	  SELECT pg_catalog.count(*) INTO v_count
	  FROM information_schema.columns
	  WHERE table_schema='support' AND (
	    (table_name='session_key' AND column_name='destroyed_at'
	      AND data_type='timestamp with time zone' AND is_nullable='YES')
	    OR (table_name='session' AND column_name='shredded_at'
	      AND data_type='timestamp with time zone' AND is_nullable='YES')
	    OR (table_name='case' AND column_name='shredded_at'
	      AND data_type='timestamp with time zone' AND is_nullable='YES')
	    OR (table_name='case_key' AND column_name='case_id'
	      AND data_type='uuid' AND is_nullable='NO')
	    OR (table_name='case_key' AND column_name='wrapped_key'
	      AND data_type='bytea' AND is_nullable='NO')
	    OR (table_name='case_key' AND column_name='created_at'
	      AND data_type='timestamp with time zone' AND is_nullable='NO')
	    OR (table_name='case_key' AND column_name='destroyed_at'
	      AND data_type='timestamp with time zone' AND is_nullable='YES')
	    OR (table_name='shred_audit' AND column_name='at'
	      AND data_type='timestamp with time zone' AND is_nullable='NO')
	    OR (table_name='shred_audit' AND column_name='os_user'
	      AND data_type='text' AND is_nullable='NO')
	    OR (table_name='shred_audit' AND column_name='target_kind'
	      AND data_type='text' AND is_nullable='NO')
	    OR (table_name='shred_audit' AND column_name='target_ref'
	      AND data_type='text' AND is_nullable='NO')
	    OR (table_name='shred_audit' AND column_name='keys_destroyed'
	      AND data_type='integer' AND is_nullable='NO')
	    OR (table_name='_shred_integrity_guard' AND column_name='singleton'
	      AND data_type='boolean' AND is_nullable='NO' AND column_default='true')
	    OR (table_name='_shred_integrity_guard' AND column_name IN (
	        'mutation_generation','validated_generation'
	      ) AND data_type='bigint' AND is_nullable='NO')
	    OR (table_name='_shred_integrity_guard' AND column_name IN (
	        'last_mutation_xid','last_validation_xid'
	      ) AND data_type='xid8' AND is_nullable='YES')
	  );
	  IF v_count <> 17 OR EXISTS (
	    SELECT 1 FROM information_schema.columns
	    WHERE table_schema='support'
	      AND table_name IN ('case_key','shred_audit','_shred_integrity_guard')
	      AND NOT (
	        (table_name='case_key' AND column_name IN (
	          'case_id','wrapped_key','created_at','destroyed_at'
	        ))
	        OR (table_name='shred_audit' AND column_name IN (
	          'at','os_user','target_kind','target_ref','keys_destroyed'
	        ))
	        OR (table_name='_shred_integrity_guard' AND column_name IN (
	          'singleton','mutation_generation','validated_generation',
	          'last_mutation_xid','last_validation_xid'
	        ))
	      )
	  ) THEN
	    RAISE EXCEPTION 'SUPPORT_SHRED_DEFINITION_DRIFT: columns';
	  END IF;
	END
	$support_shred_columns_contract$;
	
	DO $support_shred_constraints_contract$
	DECLARE
	  v_fk record;
	  v_session_key_destroyed text;
	  v_session_key_envelope text;
	  v_session_shredded text;
	  v_case_shredded text;
	  v_case_key_destroyed text;
	  v_case_key_envelope text;
	BEGIN
	  SELECT * INTO v_fk FROM pg_catalog.pg_constraint
	  WHERE conrelid='support.case_key'::regclass
	    AND conname='support_case_key_case_fk';
	  SELECT pg_catalog.pg_get_constraintdef(oid,true) INTO v_session_key_destroyed
	  FROM pg_catalog.pg_constraint WHERE conrelid='support.session_key'::regclass
	    AND conname='support_session_key_destroyed_at_ck';
	  SELECT pg_catalog.pg_get_constraintdef(oid,true) INTO v_session_key_envelope
	  FROM pg_catalog.pg_constraint WHERE conrelid='support.session_key'::regclass
	    AND conname='support_session_key_envelope_ck';
	  SELECT pg_catalog.pg_get_constraintdef(oid,true) INTO v_session_shredded
	  FROM pg_catalog.pg_constraint WHERE conrelid='support.session'::regclass
	    AND conname='support_session_shredded_at_ck';
	  SELECT pg_catalog.pg_get_constraintdef(oid,true) INTO v_case_shredded
	  FROM pg_catalog.pg_constraint WHERE conrelid='support."case"'::regclass
	    AND conname='support_case_shredded_at_ck';
	  SELECT pg_catalog.pg_get_constraintdef(oid,true) INTO v_case_key_destroyed
	  FROM pg_catalog.pg_constraint WHERE conrelid='support.case_key'::regclass
	    AND conname='support_case_key_destroyed_at_ck';
	  SELECT pg_catalog.pg_get_constraintdef(oid,true) INTO v_case_key_envelope
	  FROM pg_catalog.pg_constraint WHERE conrelid='support.case_key'::regclass
	    AND conname='support_case_key_envelope_ck';
	
	  IF v_fk.oid IS NULL OR v_fk.contype<>'f' OR NOT v_fk.convalidated
	      OR v_fk.condeferrable OR v_fk.condeferred
	      OR v_fk.confdeltype<>'a' OR v_fk.confupdtype<>'a'
	      OR v_fk.confmatchtype<>'s'
	      OR v_fk.conrelid<>'support.case_key'::regclass
	      OR v_fk.confrelid<>'support."case"'::regclass
	      OR v_fk.conkey<>ARRAY[(SELECT attnum FROM pg_catalog.pg_attribute
	        WHERE attrelid='support.case_key'::regclass AND attname='case_id')]::smallint[]
	      OR v_fk.confkey<>ARRAY[(SELECT attnum FROM pg_catalog.pg_attribute
	        WHERE attrelid='support."case"'::regclass AND attname='case_id')]::smallint[]
	      OR (SELECT pg_catalog.count(*) FROM pg_catalog.pg_constraint
	        WHERE conrelid='support.case_key'::regclass
	          AND contype='p' AND conkey=ARRAY[(SELECT attnum FROM pg_catalog.pg_attribute
	            WHERE attrelid='support.case_key'::regclass AND attname='case_id')]::smallint[])<>1
	      OR (SELECT pg_catalog.count(*) FROM pg_catalog.pg_constraint
	        WHERE conrelid='support.shred_audit'::regclass AND contype='u'
	          AND conkey=ARRAY[
	            (SELECT attnum FROM pg_catalog.pg_attribute WHERE attrelid='support.shred_audit'::regclass AND attname='target_kind'),
	            (SELECT attnum FROM pg_catalog.pg_attribute WHERE attrelid='support.shred_audit'::regclass AND attname='target_ref')
	          ]::smallint[])<>1 THEN
	    RAISE EXCEPTION 'SUPPORT_SHRED_DEFINITION_DRIFT: constraints';
	  END IF;
	
	  IF v_session_key_destroyed IS NULL
	      OR v_session_key_destroyed NOT LIKE '%destroyed_at IS NULL%destroyed_at >= created_at%'
	      OR v_session_shredded IS NULL
	      OR v_session_shredded NOT LIKE '%shredded_at IS NULL%shredded_at >= created_at%'
	      OR v_case_shredded IS NULL
	      OR v_case_shredded NOT LIKE '%shredded_at IS NULL%shredded_at >= created_at%'
	      OR v_case_key_destroyed IS NULL
	      OR v_case_key_destroyed NOT LIKE '%destroyed_at IS NULL%destroyed_at >= created_at%'
	      OR v_session_key_envelope IS NULL
	      OR v_session_key_envelope NOT LIKE '%octet_length(wrapped_key) = 61%'
	      OR v_session_key_envelope NOT LIKE '%get_byte(wrapped_key, 0) = 1%'
	      OR v_session_key_envelope NOT LIKE '%repeat(''00''::text, 61)%'
	      OR v_case_key_envelope IS NULL
	      OR v_case_key_envelope NOT LIKE '%octet_length(wrapped_key) = 61%'
	      OR v_case_key_envelope NOT LIKE '%get_byte(wrapped_key, 0) = 1%'
	      OR v_case_key_envelope NOT LIKE '%repeat(''00''::text, 61)%'
	      OR (SELECT pg_catalog.count(*) FROM pg_catalog.pg_constraint
	        WHERE conrelid='support.shred_audit'::regclass AND contype='c')<>4
	      OR (SELECT pg_catalog.count(*) FROM pg_catalog.pg_constraint
	        WHERE conrelid='support._shred_integrity_guard'::regclass AND contype='c')<>3
	  THEN
	    RAISE EXCEPTION 'SUPPORT_SHRED_DEFINITION_DRIFT: constraints';
	  END IF;
	END
	$support_shred_constraints_contract$;
	
	DO $support_shred_owner_contract$
	DECLARE
	  v_owner oid;
	BEGIN
	  SELECT relowner INTO v_owner FROM pg_catalog.pg_class
	  WHERE oid='support.session'::regclass;
	  IF v_owner IS NULL OR v_owner='debateai_support'::regrole OR EXISTS (
	    SELECT 1 FROM pg_catalog.pg_class AS relation
	    WHERE relation.oid=ANY(ARRAY[
	      'support.session'::regclass,'support.message'::regclass,
	      'support.abuse_event'::regclass,'support."case"'::regclass,
	      'support.session_key'::regclass,'support.case_key'::regclass,
	      'support.shred_audit'::regclass,'support._shred_integrity_guard'::regclass
	    ]) AND (relation.relkind NOT IN ('r','p') OR relation.relowner<>v_owner)
	  ) THEN
	    RAISE EXCEPTION 'SUPPORT_SHRED_DEFINITION_DRIFT: owners';
	  END IF;
	END
	$support_shred_owner_contract$;
	
	DO $support_shred_function_preflight$
	DECLARE
	  v_present integer;
	  v_valid integer;
	BEGIN
	  SELECT pg_catalog.count(*),pg_catalog.count(*) FILTER (WHERE
	    procedure.prorettype='trigger'::regtype
	    AND procedure.provolatile='v'
	    AND procedure.prosecdef
	    AND NOT procedure.proisstrict
	    AND procedure.proconfig=ARRAY['search_path=pg_catalog, pg_temp']::text[]
	    AND procedure.proowner=(SELECT relowner FROM pg_catalog.pg_class
	      WHERE oid='support.session'::regclass)
	    AND pg_catalog.encode(audit_crypto_internal.digest(
	      pg_catalog.convert_to(procedure.prosrc,'UTF8'),'sha256'
	    ),'hex')=CASE procedure.proname
	      WHEN 'mark_shred_integrity_dirty'
	        THEN '538dac0a59a56771a1081636404cd2f9d6e32c0550ae465a0f8085dc02c55276'
	      WHEN 'assert_shred_integrity'
	        THEN '33ed86b5ba3aa1b98d99158a533c7347ab8ec1fce73bb8830ec901d6b6f7d44c'
	    END
	  ) INTO v_present,v_valid
	  FROM pg_catalog.pg_proc AS procedure
	  WHERE procedure.pronamespace='support'::regnamespace
	    AND procedure.proname IN (
	      'mark_shred_integrity_dirty','assert_shred_integrity'
	    ) AND procedure.pronargs=0;
	  IF v_present NOT IN (0,2) OR (v_present=2 AND v_valid<>2) THEN
	    RAISE EXCEPTION 'SUPPORT_SHRED_DEFINITION_DRIFT: functions';
	  END IF;
	END
	$support_shred_function_preflight$;
	
	CREATE OR REPLACE FUNCTION support.mark_shred_integrity_dirty()
	RETURNS trigger
	LANGUAGE plpgsql
	VOLATILE
	SECURITY DEFINER
	SET search_path = pg_catalog, pg_temp
	AS $support_shred_function$
	DECLARE
	  v_generation bigint;
	BEGIN
	  UPDATE support._shred_integrity_guard
	  SET mutation_generation=mutation_generation+1,
	      last_mutation_xid=pg_catalog.pg_current_xact_id()
	  WHERE singleton
	  RETURNING mutation_generation INTO v_generation;
	  IF NOT FOUND THEN
	    RAISE EXCEPTION 'SUPPORT_SHRED_GUARD_INVALID';
	  END IF;
	  RETURN NULL;
	END
	$support_shred_function$;
	
	CREATE OR REPLACE FUNCTION support.assert_shred_integrity()
	RETURNS trigger
	LANGUAGE plpgsql
	VOLATILE
	SECURITY DEFINER
	SET search_path = pg_catalog, pg_temp
	AS $support_shred_function$
	DECLARE
	  v_mutation_generation bigint;
	  v_validated_generation bigint;
	  v_last_mutation_xid xid8;
	  v_invalid boolean;
	  v_count integer;
	BEGIN
	  SELECT mutation_generation,validated_generation,last_mutation_xid
	  INTO v_mutation_generation,v_validated_generation,v_last_mutation_xid
	  FROM support._shred_integrity_guard
	  WHERE singleton
	  FOR UPDATE;
	  IF NOT FOUND OR v_last_mutation_xid IS DISTINCT FROM pg_catalog.pg_current_xact_id() THEN
	    RAISE EXCEPTION 'SUPPORT_SHRED_GUARD_INVALID';
	  END IF;
	  IF v_mutation_generation=v_validated_generation THEN
	    RETURN NEW;
	  END IF;
	
	  SELECT EXISTS (
	    SELECT 1 FROM support.session AS parent
	    LEFT JOIN support.session_key AS key ON key.session_id=parent.session_id
	    GROUP BY parent.session_id,parent.shredded_at
	    HAVING pg_catalog.count(key.session_id)<>1
	      OR pg_catalog.bool_or(
	        (parent.shredded_at IS NULL) IS DISTINCT FROM (key.destroyed_at IS NULL)
	      )
	    UNION ALL
	    SELECT 1 FROM support."case" AS parent
	    LEFT JOIN support.case_key AS key ON key.case_id=parent.case_id
	    GROUP BY parent.case_id,parent.shredded_at
	    HAVING pg_catalog.count(key.case_id)<>1
	      OR pg_catalog.bool_or(
	        (parent.shredded_at IS NULL) IS DISTINCT FROM (key.destroyed_at IS NULL)
	      )
	    UNION ALL
	    SELECT 1 FROM support."case" AS child
	    JOIN support.session AS parent ON parent.session_id=child.session_id
	    WHERE parent.shredded_at IS NOT NULL AND child.shredded_at IS NULL
	    UNION ALL
	    SELECT 1 FROM support.shred_audit AS audit
	    WHERE audit.target_kind='owner' AND (
	      NOT EXISTS (SELECT 1 FROM support.session AS owned
	        WHERE owned.identity_owner_ref=audit.target_ref::uuid)
	      OR EXISTS (SELECT 1 FROM support.session AS owned
	        WHERE owned.identity_owner_ref=audit.target_ref::uuid
	          AND owned.shredded_at IS NULL)
	      OR EXISTS (SELECT 1 FROM support."case" AS owned_case
	        JOIN support.session AS owned ON owned.session_id=owned_case.session_id
	        WHERE owned.identity_owner_ref=audit.target_ref::uuid
	          AND owned_case.shredded_at IS NULL)
	      OR audit.keys_destroyed<>(
	        SELECT pg_catalog.count(*)::integer FROM (
	          SELECT owned_key.session_id FROM support.session_key AS owned_key
	          JOIN support.session AS owned ON owned.session_id=owned_key.session_id
	          WHERE owned.identity_owner_ref=audit.target_ref::uuid
	          UNION ALL
	          SELECT owned_case_key.case_id FROM support.case_key AS owned_case_key
	          JOIN support."case" AS owned_case ON owned_case.case_id=owned_case_key.case_id
	          JOIN support.session AS owned ON owned.session_id=owned_case.session_id
	          WHERE owned.identity_owner_ref=audit.target_ref::uuid
	        ) AS owner_keys
	      )
	    )
	    UNION ALL
	    SELECT 1 FROM support.shred_audit AS audit
	    WHERE audit.target_kind='session' AND (
	      (SELECT pg_catalog.count(*) FROM support.session AS anonymous
	        WHERE anonymous.session_id=audit.target_ref::uuid
	          AND anonymous.identity_owner_ref IS NULL)<>1
	      OR EXISTS (SELECT 1 FROM support.session AS anonymous
	        WHERE anonymous.session_id=audit.target_ref::uuid
	          AND anonymous.shredded_at IS NULL)
	      OR EXISTS (SELECT 1 FROM support."case" AS anonymous_case
	        WHERE anonymous_case.session_id=audit.target_ref::uuid
	          AND anonymous_case.shredded_at IS NULL)
	      OR audit.keys_destroyed<>(
	        SELECT pg_catalog.count(*)::integer FROM (
	          SELECT anonymous_key.session_id FROM support.session_key AS anonymous_key
	          WHERE anonymous_key.session_id=audit.target_ref::uuid
	          UNION ALL
	          SELECT anonymous_case_key.case_id FROM support.case_key AS anonymous_case_key
	          JOIN support."case" AS anonymous_case
	            ON anonymous_case.case_id=anonymous_case_key.case_id
	          WHERE anonymous_case.session_id=audit.target_ref::uuid
	        ) AS anonymous_keys
	      )
	    )
	    UNION ALL
	    SELECT 1 FROM support.session AS object
	    WHERE object.shredded_at IS NOT NULL AND (
	      SELECT pg_catalog.count(*) FROM support.shred_audit AS audit
	      WHERE (audit.target_kind='owner'
	          AND object.identity_owner_ref IS NOT NULL
	          AND audit.target_ref=object.identity_owner_ref::text)
	        OR (audit.target_kind='session'
	          AND object.identity_owner_ref IS NULL
	          AND audit.target_ref=object.session_id::text)
	    )<>1
	    UNION ALL
	    SELECT 1 FROM support."case" AS object
	    JOIN support.session AS parent ON parent.session_id=object.session_id
	    WHERE object.shredded_at IS NOT NULL AND (
	      SELECT pg_catalog.count(*) FROM support.shred_audit AS audit
	      WHERE (audit.target_kind='owner'
	          AND parent.identity_owner_ref IS NOT NULL
	          AND audit.target_ref=parent.identity_owner_ref::text)
	        OR (audit.target_kind='session'
	          AND parent.identity_owner_ref IS NULL
	          AND audit.target_ref=parent.session_id::text)
	    )<>1
	  ) INTO v_invalid;
	
	  IF v_invalid THEN
	    RAISE EXCEPTION 'SUPPORT_SHRED_INTEGRITY_INVALID';
	  END IF;
	
	  v_count:=COALESCE(NULLIF(pg_catalog.current_setting(
	    'debateai.support_shred_validation_count',true
	  ),'')::integer,0)+1;
	  PERFORM pg_catalog.set_config(
	    'debateai.support_shred_validation_count',v_count::text,true
	  );
	
	  UPDATE support._shred_integrity_guard
	  SET validated_generation=v_mutation_generation,
	      last_validation_xid=pg_catalog.pg_current_xact_id()
	  WHERE singleton
	    AND mutation_generation=v_mutation_generation
	    AND last_mutation_xid=v_last_mutation_xid;
	  IF NOT FOUND THEN
	    RAISE EXCEPTION 'SUPPORT_SHRED_GUARD_INVALID';
	  END IF;
	  RETURN NEW;
	END
	$support_shred_function$;
	
	REVOKE ALL ON FUNCTION support.mark_shred_integrity_dirty() FROM PUBLIC;
	REVOKE ALL ON FUNCTION support.assert_shred_integrity() FROM PUBLIC;
	REVOKE ALL ON FUNCTION support.mark_shred_integrity_dirty() FROM debateai_support;
	REVOKE ALL ON FUNCTION support.assert_shred_integrity() FROM debateai_support;
	
	DO $support_shred_triggers_install$
	DECLARE
	  v_marker_count integer;
	  v_guard_count integer;
	BEGIN
	  SELECT pg_catalog.count(*) INTO v_marker_count
	  FROM pg_catalog.pg_trigger AS trigger
	  JOIN pg_catalog.pg_class AS relation ON relation.oid=trigger.tgrelid
	  JOIN pg_catalog.pg_namespace AS namespace ON namespace.oid=relation.relnamespace
	  WHERE namespace.nspname='support' AND NOT trigger.tgisinternal
	    AND trigger.tgname LIKE 'support_shred_dirty_%';
	  SELECT pg_catalog.count(*) INTO v_guard_count
	  FROM pg_catalog.pg_trigger AS trigger
	  WHERE trigger.tgrelid='support._shred_integrity_guard'::regclass
	    AND NOT trigger.tgisinternal
	    AND trigger.tgname='support_shred_integrity_guard_trigger';
	  IF v_marker_count=0 AND v_guard_count=0 THEN
	    CREATE TRIGGER support_shred_dirty_session
	      AFTER INSERT OR UPDATE OR DELETE ON support.session
	      FOR EACH STATEMENT EXECUTE FUNCTION support.mark_shred_integrity_dirty();
	    CREATE TRIGGER support_shred_dirty_session_key
	      AFTER INSERT OR UPDATE OR DELETE ON support.session_key
	      FOR EACH STATEMENT EXECUTE FUNCTION support.mark_shred_integrity_dirty();
	    CREATE TRIGGER support_shred_dirty_case
	      AFTER INSERT OR UPDATE OR DELETE ON support."case"
	      FOR EACH STATEMENT EXECUTE FUNCTION support.mark_shred_integrity_dirty();
	    CREATE TRIGGER support_shred_dirty_case_key
	      AFTER INSERT OR UPDATE OR DELETE ON support.case_key
	      FOR EACH STATEMENT EXECUTE FUNCTION support.mark_shred_integrity_dirty();
	    CREATE TRIGGER support_shred_dirty_audit
	      AFTER INSERT OR UPDATE OR DELETE ON support.shred_audit
	      FOR EACH STATEMENT EXECUTE FUNCTION support.mark_shred_integrity_dirty();
	    CREATE CONSTRAINT TRIGGER support_shred_integrity_guard_trigger
	      AFTER UPDATE OF mutation_generation ON support._shred_integrity_guard
	      DEFERRABLE INITIALLY DEFERRED
	      FOR EACH ROW EXECUTE FUNCTION support.assert_shred_integrity();
	  ELSIF v_marker_count<>5 OR v_guard_count<>1 THEN
	    RAISE EXCEPTION 'SUPPORT_SHRED_DEFINITION_DRIFT: triggers';
	  END IF;
	END
	$support_shred_triggers_install$;
	
	DO $support_shred_functions_triggers_contract$
	DECLARE
	  v_function_count integer;
	  v_trigger_count integer;
	BEGIN
	  SELECT pg_catalog.count(*) INTO v_function_count
	  FROM pg_catalog.pg_proc AS procedure
	  WHERE procedure.oid=ANY(ARRAY[
	    'support.mark_shred_integrity_dirty()'::regprocedure,
	    'support.assert_shred_integrity()'::regprocedure
	  ])
	    AND procedure.prorettype='trigger'::regtype
	    AND procedure.provolatile='v'
	    AND procedure.prosecdef
	    AND NOT procedure.proisstrict
	    AND procedure.proconfig=ARRAY['search_path=pg_catalog, pg_temp']::text[]
	    AND procedure.proowner=(SELECT relowner FROM pg_catalog.pg_class
	      WHERE oid='support.session'::regclass)
	    AND pg_catalog.encode(audit_crypto_internal.digest(
	      pg_catalog.convert_to(procedure.prosrc,'UTF8'),'sha256'
	    ),'hex')=CASE procedure.proname
	      WHEN 'mark_shred_integrity_dirty'
	        THEN '538dac0a59a56771a1081636404cd2f9d6e32c0550ae465a0f8085dc02c55276'
	      WHEN 'assert_shred_integrity'
	        THEN '33ed86b5ba3aa1b98d99158a533c7347ab8ec1fce73bb8830ec901d6b6f7d44c'
	    END
	    AND NOT pg_catalog.has_function_privilege(
	      'public',procedure.oid,'EXECUTE'
	    )
	    AND NOT pg_catalog.has_function_privilege(
	      'debateai_support',procedure.oid,'EXECUTE'
	    );
	  IF v_function_count<>2 THEN
	    RAISE EXCEPTION 'SUPPORT_SHRED_DEFINITION_DRIFT: functions';
	  END IF;
	
	  SELECT pg_catalog.count(*) INTO v_trigger_count
	  FROM pg_catalog.pg_trigger AS trigger
	  WHERE NOT trigger.tgisinternal AND (
	    (trigger.tgname='support_shred_dirty_session'
	      AND trigger.tgrelid='support.session'::regclass)
	    OR (trigger.tgname='support_shred_dirty_session_key'
	      AND trigger.tgrelid='support.session_key'::regclass)
	    OR (trigger.tgname='support_shred_dirty_case'
	      AND trigger.tgrelid='support."case"'::regclass)
	    OR (trigger.tgname='support_shred_dirty_case_key'
	      AND trigger.tgrelid='support.case_key'::regclass)
	    OR (trigger.tgname='support_shred_dirty_audit'
	      AND trigger.tgrelid='support.shred_audit'::regclass)
	  )
	    AND trigger.tgfoid='support.mark_shred_integrity_dirty()'::regprocedure
	    AND trigger.tgtype=28
	    AND NOT trigger.tgdeferrable
	    AND NOT trigger.tginitdeferred;
	  IF v_trigger_count<>5 OR NOT EXISTS (
	    SELECT 1 FROM pg_catalog.pg_trigger AS trigger
	    WHERE trigger.tgname='support_shred_integrity_guard_trigger'
	      AND trigger.tgrelid='support._shred_integrity_guard'::regclass
	      AND trigger.tgfoid='support.assert_shred_integrity()'::regprocedure
	      AND trigger.tgtype=17
	      AND trigger.tgdeferrable AND trigger.tginitdeferred
	      AND pg_catalog.pg_get_triggerdef(trigger.oid,true)
	        LIKE '%UPDATE OF mutation_generation%'
	  ) THEN
	    RAISE EXCEPTION 'SUPPORT_SHRED_DEFINITION_DRIFT: triggers';
	  END IF;
	END
	$support_shred_functions_triggers_contract$;
	
	DO $support_shred_privilege_preflight$
	BEGIN
	  IF EXISTS (
	    SELECT 1 FROM pg_catalog.pg_class AS relation
	    JOIN pg_catalog.pg_namespace AS namespace ON namespace.oid=relation.relnamespace
	    WHERE namespace.nspname='support' AND relation.relkind IN ('r','p')
	      AND pg_catalog.has_table_privilege('debateai_support',relation.oid,
	        'UPDATE,DELETE,TRUNCATE,REFERENCES,TRIGGER')
	  ) OR EXISTS (
	    SELECT 1 FROM pg_catalog.pg_class AS relation
	    JOIN pg_catalog.pg_namespace AS namespace ON namespace.oid=relation.relnamespace
	    JOIN pg_catalog.pg_attribute AS attribute ON attribute.attrelid=relation.oid
	    WHERE namespace.nspname='support' AND relation.relkind IN ('r','p','v')
	      AND attribute.attnum>0 AND NOT attribute.attisdropped
	      AND pg_catalog.has_column_privilege(
	        'debateai_support',relation.oid,attribute.attname,'UPDATE'
	      )
	      AND (relation.relname,attribute.attname) NOT IN (
	        ('session','shredded_at'),('case','shredded_at'),
	        ('session','consent_own_context_at'),
	        ('case','state'),('case','summary_ciphertext'),
	        ('case','summary_at'),('case','summary_status'),
	        ('case','summary_authoritative'),
	        ('public_incident','ended_at'),
	        ('session_key','wrapped_key'),('session_key','destroyed_at'),
	        ('case_key','wrapped_key'),('case_key','destroyed_at')
	      )
	  ) THEN
	    RAISE EXCEPTION 'SUPPORT_SHRED_DEFINITION_DRIFT: privileges';
	  END IF;
	END
	$support_shred_privilege_preflight$;
	
	REVOKE ALL ON support.case_key FROM PUBLIC;
	REVOKE ALL ON support.shred_audit FROM PUBLIC;
	REVOKE ALL ON support._shred_integrity_guard FROM PUBLIC;
	REVOKE ALL ON support.relay_call FROM PUBLIC;
	REVOKE ALL ON support.relay_waiter FROM PUBLIC;
	REVOKE ALL ON support.relay_waiter_event FROM PUBLIC;
	REVOKE ALL ON support.admission_event FROM PUBLIC;
	REVOKE ALL ON SEQUENCE support.relay_waiter_ticket_seq FROM PUBLIC;
	REVOKE ALL ON SEQUENCE support.relay_waiter_event_event_sequence_seq FROM PUBLIC;
	REVOKE ALL ON support.case_key FROM debateai_support;
	REVOKE ALL ON support.shred_audit FROM debateai_support;
	REVOKE ALL ON support._shred_integrity_guard FROM debateai_support;
	REVOKE ALL ON support.relay_call FROM debateai_support;
	REVOKE ALL ON support.relay_waiter FROM debateai_support;
	REVOKE ALL ON support.relay_waiter_event FROM debateai_support;
	REVOKE ALL ON support.admission_event FROM debateai_support;
	REVOKE ALL ON SEQUENCE support.relay_waiter_ticket_seq FROM debateai_support;
	REVOKE ALL ON SEQUENCE support.relay_waiter_event_event_sequence_seq FROM debateai_support;
	
	GRANT SELECT,INSERT ON support.case_key TO debateai_support;
	GRANT SELECT,INSERT ON support.shred_audit TO debateai_support;
	GRANT SELECT,INSERT ON support.relay_call TO debateai_support;
	GRANT SELECT,INSERT ON support.relay_waiter TO debateai_support;
	GRANT SELECT,INSERT ON support.relay_waiter_event TO debateai_support;
	GRANT USAGE,SELECT ON SEQUENCE support.relay_waiter_ticket_seq TO debateai_support;
	GRANT USAGE,SELECT ON SEQUENCE support.relay_waiter_event_event_sequence_seq TO debateai_support;
	GRANT SELECT,INSERT ON support.admission_event TO debateai_support;
	GRANT UPDATE (shredded_at) ON support.session TO debateai_support;
	GRANT UPDATE (shredded_at) ON support."case" TO debateai_support;
	GRANT UPDATE (wrapped_key,destroyed_at) ON support.session_key TO debateai_support;
	GRANT UPDATE (wrapped_key,destroyed_at) ON support.case_key TO debateai_support;
	
	DO $support_shred_privilege_contract$
	DECLARE
	  v_application_count integer;
	  v_update_count integer;
	BEGIN
	  SELECT pg_catalog.count(*) INTO v_application_count
	  FROM pg_catalog.pg_class AS relation
	  JOIN pg_catalog.pg_namespace AS namespace ON namespace.oid=relation.relnamespace
	  WHERE namespace.nspname='support' AND relation.relkind IN ('r','p')
	    AND relation.relname<>'_shred_integrity_guard'
	    AND pg_catalog.has_table_privilege('debateai_support',relation.oid,'SELECT')
	    AND pg_catalog.has_table_privilege('debateai_support',relation.oid,'INSERT')
	    AND NOT pg_catalog.has_table_privilege('debateai_support',relation.oid,'UPDATE')
	    AND NOT pg_catalog.has_table_privilege('debateai_support',relation.oid,'DELETE')
	    AND NOT pg_catalog.has_table_privilege('debateai_support',relation.oid,'TRUNCATE')
	    AND NOT pg_catalog.has_table_privilege('debateai_support',relation.oid,'REFERENCES')
	    AND NOT pg_catalog.has_table_privilege('debateai_support',relation.oid,'TRIGGER');
	  IF v_application_count<>(
	    SELECT pg_catalog.count(*)
	    FROM pg_catalog.pg_class AS relation
	    JOIN pg_catalog.pg_namespace AS namespace ON namespace.oid=relation.relnamespace
	    WHERE namespace.nspname='support' AND relation.relkind IN ('r','p')
	      AND relation.relname<>'_shred_integrity_guard'
	  ) OR EXISTS (
	    SELECT 1 FROM pg_catalog.pg_class AS relation
	    WHERE relation.oid='support._shred_integrity_guard'::regclass
	      AND pg_catalog.has_table_privilege('debateai_support',relation.oid,
	        'SELECT,INSERT,UPDATE,DELETE,TRUNCATE,REFERENCES,TRIGGER')
	  ) OR EXISTS (
	    SELECT 1 FROM pg_catalog.pg_class AS relation
	    JOIN pg_catalog.pg_namespace AS namespace ON namespace.oid=relation.relnamespace,
	      LATERAL pg_catalog.aclexplode(COALESCE(
	        relation.relacl,pg_catalog.acldefault('r',relation.relowner)
	      )) AS acl
	    WHERE namespace.nspname='support' AND acl.grantee=0
	  ) THEN
	    RAISE EXCEPTION 'SUPPORT_SHRED_DEFINITION_DRIFT: privileges';
	  END IF;
	
	  SELECT pg_catalog.count(*) INTO v_update_count
	  FROM pg_catalog.pg_class AS relation
	  JOIN pg_catalog.pg_namespace AS namespace ON namespace.oid=relation.relnamespace
	  JOIN pg_catalog.pg_attribute AS attribute ON attribute.attrelid=relation.oid
	  WHERE namespace.nspname='support' AND relation.relkind IN ('r','p','v')
	    AND attribute.attnum>0 AND NOT attribute.attisdropped
	    AND pg_catalog.has_column_privilege(
	      'debateai_support',relation.oid,attribute.attname,'UPDATE'
	    );
	  IF v_update_count<6 OR EXISTS (
	    SELECT 1 FROM (VALUES
	      ('session','shredded_at'),('case','shredded_at'),
	      ('session_key','wrapped_key'),('session_key','destroyed_at'),
	      ('case_key','wrapped_key'),('case_key','destroyed_at')
	    ) AS required(table_name,column_name)
	    WHERE NOT pg_catalog.has_column_privilege(
	      'debateai_support',
	      pg_catalog.format('support.%I',required.table_name),
	      required.column_name,'UPDATE'
	    )
	  ) OR EXISTS (
	    SELECT 1 FROM pg_catalog.pg_class AS relation
	    JOIN pg_catalog.pg_namespace AS namespace ON namespace.oid=relation.relnamespace
	    JOIN pg_catalog.pg_attribute AS attribute ON attribute.attrelid=relation.oid
	    WHERE namespace.nspname='support' AND relation.relkind IN ('r','p','v')
	      AND attribute.attnum>0 AND NOT attribute.attisdropped
	      AND pg_catalog.has_column_privilege(
	        'debateai_support',relation.oid,attribute.attname,'UPDATE'
	      )
	      AND (relation.relname,attribute.attname) NOT IN (
	        ('session','shredded_at'),('case','shredded_at'),
	        ('session','consent_own_context_at'),
	        ('case','state'),('case','summary_ciphertext'),
	        ('case','summary_at'),('case','summary_status'),
	        ('case','summary_authoritative'),
	        ('public_incident','ended_at'),
	        ('session_key','wrapped_key'),('session_key','destroyed_at'),
	        ('case_key','wrapped_key'),('case_key','destroyed_at')
	      )
	  ) THEN
	    RAISE EXCEPTION 'SUPPORT_SHRED_DEFINITION_DRIFT: privileges';
	  END IF;
	END
	$support_shred_privilege_contract$;
	
	DO $support_shred_guard_contract$
	BEGIN
	  IF (SELECT pg_catalog.count(*) FROM support._shred_integrity_guard)<>1
	      OR NOT EXISTS (
	        SELECT 1 FROM support._shred_integrity_guard
	        WHERE singleton AND mutation_generation>=validated_generation
	          AND mutation_generation>=0 AND validated_generation>=0
	      ) THEN
	    RAISE EXCEPTION 'SUPPORT_SHRED_DEFINITION_DRIFT: guard row';
	  END IF;
	END
	$support_shred_guard_contract$;
	
	-- Schedule one startup/replay validation in the migration transaction itself.
	UPDATE support._shred_integrity_guard
	SET mutation_generation=mutation_generation+1,
	    last_mutation_xid=pg_catalog.pg_current_xact_id()
	WHERE singleton;
	


 ✓ tests/integration/support-shred.test.ts > SUP-07 support key schema and transaction-bound integrity > replays after 0055 is already recorded and rejects hostile catalog lookalikes 63ms
 ✓ tests/integration/support-shred.test.ts > SUP-07 transactional shred boundary > is structurally assignable through an API-only facade 2ms
 ✓ tests/integration/support-shred.test.ts > SUP-07 transactional shred boundary > rejects every malformed input before pool acquisition or SQL 1ms
 ✓ tests/integration/support-shred.test.ts > SUP-07 transactional shred boundary > atomically shreds an owner target, preserves ciphertext, and is idempotent 12ms
 ✓ tests/integration/support-shred.test.ts > SUP-07 transactional shred boundary > shreds only anonymous sessions and returns typed target errors 10ms
 ✓ tests/integration/support-shred.test.ts > SUP-07 transactional shred boundary > serializes two shredders to one audit and one terminal outcome 7ms
 ✓ tests/integration/support-shred.test.ts > SUP-07 transactional shred boundary > uses the owner barrier so a queued creator is included by the following shred 55ms
stdout | tests/integration/support-shred.test.ts
[S00 DB embedded] 2026-09-17 13:03:33.178 EEST [21577] LOG:  received fast shutdown request


stdout | tests/integration/support-shred.test.ts
[S00 DB embedded] 2026-09-17 13:03:33.178 EEST [21577] LOG:  aborting any active transactions


stdout | tests/integration/support-shred.test.ts
[S00 DB embedded] 2026-09-17 13:03:33.179 EEST [21577] LOG:  background worker "logical replication launcher" (PID 21586) exited with exit code 1


stdout | tests/integration/support-shred.test.ts
[S00 DB embedded] 2026-09-17 13:03:33.180 EEST [21581] LOG:  shutting down


stdout | tests/integration/support-shred.test.ts
[S00 DB embedded] 2026-09-17 13:03:33.181 EEST [21581] LOG:  checkpoint starting: shutdown immediate


 ✓ tests/integration/support-shred.test.ts > SUP-07 transactional shred boundary > rejects missing-key, mixed-marker, and malformed-audit states without mutation 16ms
stdout | tests/integration/support-shred.test.ts
[S00 DB embedded] 2026-09-17 13:03:33.263 EEST [21581] LOG:  checkpoint complete: wrote 1725 buffers (10.5%), wrote 3 SLRU buffers; 0 WAL file(s) added, 0 removed, 1 recycled; write=0.042 s, sync=0.040 s, total=0.083 s; sync files=1143, longest=0.001 s, average=0.001 s; distance=13684 kB, estimate=13684 kB; lsn=0/24E44C0, redo lsn=0/24E44C0


stdout | tests/integration/support-shred.test.ts
[S00 DB embedded] 2026-09-17 13:03:33.269 EEST [21577] LOG:  database system is shut down


stdout | tests/architecture/sup-01-boundary.test.ts > SUP-01 support capability boundary
[S00 DB] Testcontainers DEFERRED BY DR-121; starting real embedded PostgreSQL directly

stdout | tests/architecture/sup-01-boundary.test.ts > SUP-01 support capability boundary
[S00 DB embedded] The files belonging to this database system will be owned by user "vladmihaimiron".
This user must also own the server process.



stdout | tests/architecture/sup-01-boundary.test.ts > SUP-01 support capability boundary
[S00 DB embedded] The database cluster will be initialized with this locale configuration:
  locale provider:   libc
  LC_COLLATE:  C.UTF-8
  LC_CTYPE:    C.UTF-8
  LC_MESSAGES: en_US.UTF-8
  LC_MONETARY: C.UTF-8
  LC_NUMERIC:  C.UTF-8
  LC_TIME:     C.UTF-8
The default text search configuration will be set to "english".

Data page checksums are enabled.

creating directory /var/folders/h7/4hdbz7s15hjbyj6scmk_nx3r0000gn/T/debateai-s00-postgres-aVKMr8/data ... ok
creating subdirectories ... 

stdout | tests/architecture/sup-01-boundary.test.ts > SUP-01 support capability boundary
[S00 DB embedded] ok


stdout | tests/architecture/sup-01-boundary.test.ts > SUP-01 support capability boundary
[S00 DB embedded] selecting dynamic shared memory implementation ... posix
selecting default "max_connections" ... 

stdout | tests/architecture/sup-01-boundary.test.ts > SUP-01 support capability boundary
[S00 DB embedded] 100
selecting default "shared_buffers" ... 

stdout | tests/architecture/sup-01-boundary.test.ts > SUP-01 support capability boundary
[S00 DB embedded] 128MB
selecting default time zone ... 

stdout | tests/architecture/sup-01-boundary.test.ts > SUP-01 support capability boundary
[S00 DB embedded] Europe/Bucharest
creating configuration files ... 

stdout | tests/architecture/sup-01-boundary.test.ts > SUP-01 support capability boundary
[S00 DB embedded] ok
running bootstrap script ... 

stdout | tests/architecture/sup-01-boundary.test.ts > SUP-01 support capability boundary
[S00 DB embedded] ok


stdout | tests/architecture/sup-01-boundary.test.ts > SUP-01 support capability boundary
[S00 DB embedded] performing post-bootstrap initialization ... 

stdout | tests/architecture/sup-01-boundary.test.ts > SUP-01 support capability boundary
[S00 DB embedded] ok
syncing data to disk ... 

stdout | tests/architecture/sup-01-boundary.test.ts > SUP-01 support capability boundary
[S00 DB embedded] ok

Success. You can now start the database server using:

    '/Users/vladmihaimiron/Documents/DebateAIRO/dialectical-engine/.worktrees/support-conversation-cp1/dialectical-engine/node_modules/.pnpm/@embedded-postgres+darwin-arm64@18.4.0-beta.17/node_modules/@embedded-postgres/darwin-arm64/native/bin/pg_ctl' -D /var/folders/h7/4hdbz7s15hjbyj6scmk_nx3r0000gn/T/debateai-s00-postgres-aVKMr8/data -l logfile start



stdout | tests/architecture/sup-01-boundary.test.ts > SUP-01 support capability boundary
[S00 DB embedded] 2026-09-17 13:03:34.592 EEST [21643] LOG:  starting PostgreSQL 18.4 on x86_64-apple-darwin24.6.0, compiled by Apple clang version 17.0.0 (clang-1700.6.3.2), 64-bit


stdout | tests/architecture/sup-01-boundary.test.ts > SUP-01 support capability boundary
[S00 DB embedded] 2026-09-17 13:03:34.594 EEST [21643] LOG:  listening on IPv4 address "127.0.0.1", port 50698


stdout | tests/architecture/sup-01-boundary.test.ts > SUP-01 support capability boundary
[S00 DB embedded] 2026-09-17 13:03:34.594 EEST [21643] LOG:  listening on IPv6 address "::1", port 50698


stdout | tests/architecture/sup-01-boundary.test.ts > SUP-01 support capability boundary
[S00 DB embedded] 2026-09-17 13:03:34.594 EEST [21643] LOG:  listening on Unix socket "/tmp/.s.PGSQL.50698"


stdout | tests/architecture/sup-01-boundary.test.ts > SUP-01 support capability boundary
[S00 DB embedded] 2026-09-17 13:03:34.597 EEST [21649] LOG:  database system was shut down at 2026-09-17 13:03:34 EEST


stdout | tests/architecture/sup-01-boundary.test.ts > SUP-01 support capability boundary
[S00 DB embedded] 2026-09-17 13:03:34.599 EEST [21643] LOG:  database system is ready to accept connections


stdout | tests/architecture/sup-01-boundary.test.ts > SUP-01 support capability boundary
[S00 DB embedded] 2026-09-17 13:03:34.877 EEST [21654] WARNING:  there is already a transaction in progress


stdout | tests/architecture/sup-01-boundary.test.ts > SUP-01 support capability boundary
[S00 DB embedded] 2026-09-17 13:03:35.171 EEST [21654] WARNING:  there is no transaction in progress


 ✓ tests/architecture/sup-01-boundary.test.ts > SUP-01 support capability boundary > pins sixteen support relations plus one inaccessible integrity guard 4ms
 ✓ tests/architecture/sup-01-boundary.test.ts > SUP-01 support capability boundary > keeps the tool registry and first-party link set closed and frozen 0ms
 × tests/architecture/sup-01-boundary.test.ts > SUP-01 support capability boundary > parses imports and rejects zone modules from support code and the corpus package 6ms
   → expected [ { …(2) } ] to deeply equal []
 × tests/architecture/sup-01-boundary.test.ts > SUP-01 support capability boundary > keeps API support code behind injected ports with typed loud errors 5ms
   → expected 'import { randomUUID } from "node:cryp…' not to match /(?:https?:\/\/|process[.]env|throw\s…/\
 ✓ tests/architecture/sup-01-boundary.test.ts > SUP-01 support capability boundary > keeps support database message operations outside the plaintext and key boundary 1ms
 ✓ tests/architecture/sup-01-boundary.test.ts > SUP-01 support capability boundary > composes the API support data plane from its dedicated credential 1ms
 ✓ tests/architecture/sup-01-boundary.test.ts > SUP-01 support capability boundary > exposes exactly the support routes and no zone route 0ms
 ✓ tests/architecture/sup-01-boundary.test.ts > SUP-01 support capability boundary > keeps the migration support-domain-only, replayable, and forward-only 2ms
 ✓ tests/architecture/sup-01-boundary.test.ts > SUP-01 support capability boundary > indexes immutable abuse events by session and class without widening privileges 2ms
 ✓ tests/architecture/sup-01-boundary.test.ts > SUP-01 support capability boundary > creates the composed support contracts and the one internal guard relation 3ms
stdout | tests/architecture/sup-01-boundary.test.ts > SUP-01 support capability boundary
[S00 DB embedded] 2026-09-17 13:03:35.302 EEST [21643] LOG:  received fast shutdown request


stdout | tests/architecture/sup-01-boundary.test.ts > SUP-01 support capability boundary
[S00 DB embedded] 2026-09-17 13:03:35.302 EEST [21643] LOG:  aborting any active transactions


stdout | tests/architecture/sup-01-boundary.test.ts > SUP-01 support capability boundary
[S00 DB embedded] 2026-09-17 13:03:35.303 EEST [21643] LOG:  background worker "logical replication launcher" (PID 21652) exited with exit code 1


stdout | tests/architecture/sup-01-boundary.test.ts > SUP-01 support capability boundary
[S00 DB embedded] 2026-09-17 13:03:35.304 EEST [21647] LOG:  shutting down


stdout | tests/architecture/sup-01-boundary.test.ts > SUP-01 support capability boundary
[S00 DB embedded] 2026-09-17 13:03:35.305 EEST [21647] LOG:  checkpoint starting: shutdown immediate


stdout | tests/architecture/sup-01-boundary.test.ts > SUP-01 support capability boundary
[S00 DB embedded] 2026-09-17 13:03:35.371 EEST [21647] LOG:  checkpoint complete: wrote 1694 buffers (10.3%), wrote 3 SLRU buffers; 0 WAL file(s) added, 0 removed, 1 recycled; write=0.035 s, sync=0.031 s, total=0.067 s; sync files=1143, longest=0.001 s, average=0.001 s; distance=13579 kB, estimate=13579 kB; lsn=0/24CA118, redo lsn=0/24CA118


stdout | tests/architecture/sup-01-boundary.test.ts > SUP-01 support capability boundary
[S00 DB embedded] 2026-09-17 13:03:35.376 EEST [21643] LOG:  database system is shut down


 ✓ tests/architecture/sup-01-boundary.test.ts > SUP-01 support capability boundary > keeps the support assistant imported only by the help page and out of every zone route 105ms
stdout | tests/integration/support-routes.test.ts > SUP-01 support routes
[S00 DB] Testcontainers DEFERRED BY DR-121; starting real embedded PostgreSQL directly

stdout | tests/integration/support-routes.test.ts > SUP-01 support routes
[S00 DB embedded] The files belonging to this database system will be owned by user "vladmihaimiron".
This user must also own the server process.



stdout | tests/integration/support-routes.test.ts > SUP-01 support routes
[S00 DB embedded] The database cluster will be initialized with this locale configuration:
  locale provider:   libc
  LC_COLLATE:  C.UTF-8
  LC_CTYPE:    C.UTF-8
  LC_MESSAGES: en_US.UTF-8
  LC_MONETARY: C.UTF-8
  LC_NUMERIC:  C.UTF-8
  LC_TIME:     C.UTF-8
The default text search configuration will be set to "english".

Data page checksums are enabled.

creating directory /var/folders/h7/4hdbz7s15hjbyj6scmk_nx3r0000gn/T/debateai-s00-postgres-1zSjZC/data ... ok
creating subdirectories ... 

stdout | tests/integration/support-routes.test.ts > SUP-01 support routes
[S00 DB embedded] ok


stdout | tests/integration/support-routes.test.ts > SUP-01 support routes
[S00 DB embedded] selecting dynamic shared memory implementation ... posix
selecting default "max_connections" ... 

stdout | tests/integration/support-routes.test.ts > SUP-01 support routes
[S00 DB embedded] 100
selecting default "shared_buffers" ... 

stdout | tests/integration/support-routes.test.ts > SUP-01 support routes
[S00 DB embedded] 128MB
selecting default time zone ... 

stdout | tests/integration/support-routes.test.ts > SUP-01 support routes
[S00 DB embedded] Europe/Bucharest
creating configuration files ... 

stdout | tests/integration/support-routes.test.ts > SUP-01 support routes
[S00 DB embedded] ok
running bootstrap script ... 

stdout | tests/integration/support-routes.test.ts > SUP-01 support routes
[S00 DB embedded] ok


stdout | tests/integration/support-routes.test.ts > SUP-01 support routes
[S00 DB embedded] performing post-bootstrap initialization ... 

stdout | tests/integration/support-routes.test.ts > SUP-01 support routes
[S00 DB embedded] ok
syncing data to disk ... 

stdout | tests/integration/support-routes.test.ts > SUP-01 support routes
[S00 DB embedded] ok

Success. You can now start the database server using:

    '/Users/vladmihaimiron/Documents/DebateAIRO/dialectical-engine/.worktrees/support-conversation-cp1/dialectical-engine/node_modules/.pnpm/@embedded-postgres+darwin-arm64@18.4.0-beta.17/node_modules/@embedded-postgres/darwin-arm64/native/bin/pg_ctl' -D /var/folders/h7/4hdbz7s15hjbyj6scmk_nx3r0000gn/T/debateai-s00-postgres-1zSjZC/data -l logfile start



stdout | tests/integration/support-routes.test.ts > SUP-01 support routes
[S00 DB embedded] 2026-09-17 13:03:36.779 EEST [21668] LOG:  starting PostgreSQL 18.4 on x86_64-apple-darwin24.6.0, compiled by Apple clang version 17.0.0 (clang-1700.6.3.2), 64-bit


stdout | tests/integration/support-routes.test.ts > SUP-01 support routes
[S00 DB embedded] 2026-09-17 13:03:36.782 EEST [21668] LOG:  listening on IPv4 address "127.0.0.1", port 50706


stdout | tests/integration/support-routes.test.ts > SUP-01 support routes
[S00 DB embedded] 2026-09-17 13:03:36.782 EEST [21668] LOG:  listening on IPv6 address "::1", port 50706


stdout | tests/integration/support-routes.test.ts > SUP-01 support routes
[S00 DB embedded] 2026-09-17 13:03:36.782 EEST [21668] LOG:  listening on Unix socket "/tmp/.s.PGSQL.50706"


stdout | tests/integration/support-routes.test.ts > SUP-01 support routes
[S00 DB embedded] 2026-09-17 13:03:36.785 EEST [21674] LOG:  database system was shut down at 2026-09-17 13:03:36 EEST


stdout | tests/integration/support-routes.test.ts > SUP-01 support routes
[S00 DB embedded] 2026-09-17 13:03:36.787 EEST [21668] LOG:  database system is ready to accept connections


stdout | tests/integration/support-routes.test.ts > SUP-01 support routes
[S00 DB embedded] 2026-09-17 13:03:37.070 EEST [21679] WARNING:  there is already a transaction in progress


stdout | tests/integration/support-routes.test.ts > SUP-01 support routes
[S00 DB embedded] 2026-09-17 13:03:37.411 EEST [21679] WARNING:  there is no transaction in progress


 ✓ tests/integration/support-routes.test.ts > SUP-01 support routes > rejects and permanently poisons anonymous NaN session creation before mutation 47ms
 ✓ tests/integration/support-routes.test.ts > SUP-01 support routes > rejects and permanently poisons authenticated NaN session creation before mutation 5ms
 ✓ tests/integration/support-routes.test.ts > SUP-01 support routes > rejects and permanently poisons anonymous positive infinity session creation before mutation 3ms
 ✓ tests/integration/support-routes.test.ts > SUP-01 support routes > rejects and permanently poisons authenticated positive infinity session creation before mutation 3ms
 ✓ tests/integration/support-routes.test.ts > SUP-01 support routes > rejects and permanently poisons anonymous negative infinity session creation before mutation 5ms
 ✓ tests/integration/support-routes.test.ts > SUP-01 support routes > rejects and permanently poisons authenticated negative infinity session creation before mutation 3ms
 ✓ tests/integration/support-routes.test.ts > SUP-01 support routes > rejects and permanently poisons anonymous negative session creation before mutation 5ms
 ✓ tests/integration/support-routes.test.ts > SUP-01 support routes > rejects and permanently poisons authenticated negative session creation before mutation 3ms
 ✓ tests/integration/support-routes.test.ts > SUP-01 support routes > rejects and permanently poisons anonymous unsafe session creation before mutation 5ms
 ✓ tests/integration/support-routes.test.ts > SUP-01 support routes > rejects and permanently poisons authenticated unsafe session creation before mutation 3ms
 ✓ tests/integration/support-routes.test.ts > SUP-01 support routes > rejects and permanently poisons anonymous NaN message admission before mutation 7ms
 ✓ tests/integration/support-routes.test.ts > SUP-01 support routes > rejects and permanently poisons authenticated NaN message admission before mutation 4ms
 ✓ tests/integration/support-routes.test.ts > SUP-01 support routes > rejects and permanently poisons anonymous positive infinity message admission before mutation 6ms
 ✓ tests/integration/support-routes.test.ts > SUP-01 support routes > rejects and permanently poisons authenticated positive infinity message admission before mutation 3ms
 ✓ tests/integration/support-routes.test.ts > SUP-01 support routes > rejects and permanently poisons anonymous negative infinity message admission before mutation 3ms
 ✓ tests/integration/support-routes.test.ts > SUP-01 support routes > rejects and permanently poisons authenticated negative infinity message admission before mutation 3ms
 ✓ tests/integration/support-routes.test.ts > SUP-01 support routes > rejects and permanently poisons anonymous negative message admission before mutation 3ms
 ✓ tests/integration/support-routes.test.ts > SUP-01 support routes > rejects and permanently poisons authenticated negative message admission before mutation 3ms
 ✓ tests/integration/support-routes.test.ts > SUP-01 support routes > rejects and permanently poisons anonymous unsafe message admission before mutation 2ms
 ✓ tests/integration/support-routes.test.ts > SUP-01 support routes > rejects and permanently poisons authenticated unsafe message admission before mutation 5ms
 ✓ tests/integration/support-routes.test.ts > SUP-01 support routes > rejects real-PostgreSQL anonymous NaN session creation without a row 4ms
 ✓ tests/integration/support-routes.test.ts > SUP-01 support routes > rejects real-PostgreSQL authenticated NaN session creation without a row 3ms
 ✓ tests/integration/support-routes.test.ts > SUP-01 support routes > rejects real-PostgreSQL anonymous positive infinity session creation without a row 3ms
 ✓ tests/integration/support-routes.test.ts > SUP-01 support routes > rejects real-PostgreSQL authenticated positive infinity session creation without a row 3ms
 ✓ tests/integration/support-routes.test.ts > SUP-01 support routes > rejects real-PostgreSQL anonymous negative infinity session creation without a row 2ms
 ✓ tests/integration/support-routes.test.ts > SUP-01 support routes > rejects real-PostgreSQL authenticated negative infinity session creation without a row 3ms
 ✓ tests/integration/support-routes.test.ts > SUP-01 support routes > rejects real-PostgreSQL anonymous negative session creation without a row 4ms
 ✓ tests/integration/support-routes.test.ts > SUP-01 support routes > rejects real-PostgreSQL authenticated negative session creation without a row 3ms
 ✓ tests/integration/support-routes.test.ts > SUP-01 support routes > rejects real-PostgreSQL anonymous unsafe session creation without a row 3ms
 ✓ tests/integration/support-routes.test.ts > SUP-01 support routes > rejects real-PostgreSQL authenticated unsafe session creation without a row 3ms
 ✓ tests/integration/support-routes.test.ts > SUP-01 support routes > does not persist RATE_LIMIT evidence or transcript bytes for invalid real-PostgreSQL messages 38ms
 ✓ tests/integration/support-routes.test.ts > SUP-01 support routes > poisons regressing anonymous creation observations before later mutations 5ms
 ✓ tests/integration/support-routes.test.ts > SUP-01 support routes > poisons regressing authenticated creation observations before later mutations 4ms
 ✓ tests/integration/support-routes.test.ts > SUP-01 support routes > rejects regressing authenticated creation with real PostgreSQL and keeps later time poisoned 10ms
 ✓ tests/integration/support-routes.test.ts > SUP-01 support routes > rejects regressing anonymous messages without persistent admission or rate evidence 35ms
 ✓ tests/integration/support-routes.test.ts > SUP-01 support routes > rejects regressing authenticated messages without persistent admission or rate evidence 28ms
 ✓ tests/integration/support-routes.test.ts > SUP-01 support routes > allows concurrent equal-time anonymous creation observations 7ms
 ✓ tests/integration/support-routes.test.ts > SUP-01 support routes > allows concurrent equal-time authenticated creation observations 5ms
 ✓ tests/integration/support-routes.test.ts > SUP-01 support routes > allows concurrent equal-time anonymous message observations 10ms
 ✓ tests/integration/support-routes.test.ts > SUP-01 support routes > allows concurrent equal-time authenticated message observations 7ms
 ✓ tests/integration/support-routes.test.ts > SUP-01 support routes > preserves one-hour anonymous creation expiry before a rewind poisons the route 4ms
 ✓ tests/integration/support-routes.test.ts > SUP-01 support routes > preserves ten-minute message expiry before a rewind poisons the route 4ms
stdout | tests/integration/support-routes.test.ts > SUP-01 support routes > rolls back the session row when key material creation fails
[S00 DB embedded] 2026-09-17 13:03:37.738 EEST [21679] ERROR:  new row for relation "session_key" violates check constraint "support_session_key_envelope_ck"
2026-09-17 13:03:37.738 EEST [21679] DETAIL:  Failing row contains (20844d54-97c8-4d1a-93cf-9e8e316b16ba, \x01010101010101010101010101010101010101010101010101010101010101..., 2026-09-07 13:00:00+03, null).
2026-09-17 13:03:37.738 EEST [21679] STATEMENT:  
	          INSERT INTO support.session_key(session_id,wrapped_key,created_at)
	          VALUES($1,$2,$3)
	        


 ✓ tests/integration/support-routes.test.ts > SUP-01 support routes > preserves twenty-four-hour message expiry before a rewind poisons the route 3ms
 ✓ tests/integration/support-routes.test.ts > SUP-01 support routes > records only the session-closed decision before a rewind poisons the route 3ms
 ✓ tests/integration/support-routes.test.ts > SUP-01 support routes > creates an anonymous capability session without storing the raw token 6ms
 ✓ tests/integration/support-routes.test.ts > SUP-01 support routes > rolls back the session row when key material creation fails 3ms
 ✓ tests/integration/support-routes.test.ts > SUP-01 support routes > stores only redacted ciphertext through the API boundary and becomes undecryptable after shred 36ms
 ✓ tests/integration/support-routes.test.ts > SUP-01 support routes > zeroes transient message DEK and plaintext buffers on success and failures 1ms
 ✓ tests/integration/support-routes.test.ts > SUP-01 support routes > treats an invalid identity cookie as anonymous 5ms
 ✓ tests/integration/support-routes.test.ts > SUP-01 support routes > requires trusted origin and CSRF only when a mutating request binds a valid identity cookie 4ms
 ✓ tests/integration/support-routes.test.ts > SUP-01 support routes > makes nullable session-owner mismatches indistinguishable and side-effect free 9ms
 ✓ tests/integration/support-routes.test.ts > SUP-01 support routes > applies the 2,000-character boundary to authenticated support sessions 8ms
 ✓ tests/integration/support-routes.test.ts > SUP-01 support routes > applies session counts universally while anonymous IP limits remain anonymous-only 12ms
 ✓ tests/integration/support-routes.test.ts > SUP-01 support routes > returns DISABLED without a model-call reservation or transcript row 6ms
 ✓ tests/integration/support-routes.test.ts > SUP-01 support routes > preserves an exact final-gate DISABLED answer through the route contract 8ms
 ✓ tests/integration/support-routes.test.ts > SUP-01 support routes > fails closed on SUPPORT_CONFIG_UNINITIALIZED creation and reads without creating a row 7ms
 ✓ tests/integration/support-routes.test.ts > SUP-01 support routes > fails closed on SUPPORT_CONFIG_REFRESH_DEADLINE creation and reads without creating a row 6ms
 ✓ tests/integration/support-routes.test.ts > SUP-01 support routes > returns fixed DISABLED creation without rows or anonymous admission consumption 6ms
 ✓ tests/integration/support-routes.test.ts > SUP-01 support routes > still derives the effective lock when an available snapshot turns support off 27ms
 ✓ tests/integration/support-routes.test.ts > SUP-01 support routes > does not lock after three repeats of a benign dangerous-noun product question 10ms
 ✓ tests/integration/support-routes.test.ts > SUP-01 support routes > refuses injection before relay admission and stores only exact message and IP hashes 12ms
 ✓ tests/integration/support-routes.test.ts > SUP-01 support routes > persists zone and safety refusals as fixed encrypted assistant output without model transit 23ms
 ✓ tests/integration/support-routes.test.ts > SUP-01 support routes > derives an effective lock from three immutable injection rows and refuses the fourth 27ms
 ✓ tests/integration/support-routes.test.ts > SUP-01 support routes > serializes concurrent third and fourth injection admission at the immutable event boundary 26ms
 ✓ tests/integration/support-routes.test.ts > SUP-01 support routes > applies the 24-hour two-lock IP cooldown window and records no raw IP or content 61ms
 ✓ tests/integration/support-routes.test.ts > SUP-01 support routes > returns 429 on the 21st anonymous message inside the configured ten-minute window 35ms
 ✓ tests/integration/support-routes.test.ts > SUP-01 support routes > shares ordinary admission counters across API instances and restart 13ms
 ✓ tests/integration/support-routes.test.ts > SUP-01 support routes > allows 2,000 characters and returns 429 for 2,001 using the register snapshot 7ms
 ✓ tests/integration/support-routes.test.ts > SUP-01 support routes > uses injected register limits for messages, characters, sessions, and injection lock 26ms
 ✓ tests/integration/support-routes.test.ts > SUP-01 support routes > keeps the ten-minute cutoff inclusive and excludes an event one millisecond beyond it 8ms
 ✓ tests/integration/support-routes.test.ts > SUP-01 support routes > preserves a local-limit 429 and reports only a safe diagnostic when evidence fails 4ms
 ✓ tests/integration/support-routes.test.ts > SUP-01 support routes > preserves a locked-session 429 and safe diagnostic when rate evidence fails 18ms
 ✓ tests/integration/support-routes.test.ts > SUP-01 support routes > coalesces concurrent and long repeated rate limits to the immutable first event 61ms
 ✓ tests/integration/support-routes.test.ts > SUP-01 support routes > composes public status from register, KB, and support repository ports 5ms
 ✓ tests/integration/support-routes.test.ts > SUP-01 support routes > projects exact nullable deflection and rating-resolution status fields 2ms
 ✓ tests/integration/support-routes.test.ts > SUP-01 support routes > returns 409 before admission, model work, or message writes when session snapshot A is unavailable 9ms
 ✓ tests/integration/support-routes.test.ts > SUP-01 support routes > passes the exact route-resolved immutable snapshot object to answer work 5ms
 ✓ tests/integration/support-routes.test.ts > SUP-01 support routes > returns canonical deterministic unresolved Forgot password guidance without a model: Forgot password 5ms
 ✓ tests/integration/support-routes.test.ts > SUP-01 support routes > returns canonical deterministic unresolved Forgot password guidance without a model: Am uitat parola 6ms
 ✓ tests/integration/support-routes.test.ts > SUP-01 support routes > returns canonical deterministic unresolved Forgot password guidance without a model: Give me the password recovery link 5ms
 ✓ tests/integration/support-routes.test.ts > SUP-01 support routes > returns canonical deterministic unresolved Forgot password guidance without a model: Where is the password reset page? 5ms
 ✓ tests/integration/support-routes.test.ts > SUP-01 support routes > returns canonical deterministic unresolved Forgot password guidance without a model: Where can I find the link to recover my password? 5ms
 ✓ tests/integration/support-routes.test.ts > SUP-01 support routes > returns canonical deterministic unresolved Forgot password guidance without a model: Can you check where the password reset page is? 5ms
 ✓ tests/integration/support-routes.test.ts > SUP-01 support routes > returns canonical deterministic unresolved Forgot password guidance without a model: I do not want to validate a reset token; show me the password recovery page. 4ms
 ✓ tests/integration/support-routes.test.ts > SUP-01 support routes > returns canonical deterministic unresolved Forgot password guidance without a model: Show the p%61ssword recovery link. 4ms
 ✓ tests/integration/support-routes.test.ts > SUP-01 support routes > returns canonical deterministic unresolved Forgot password guidance without a model: Vreau linkul de recuperare a parolei 6ms
 ✓ tests/integration/support-routes.test.ts > SUP-01 support routes > returns canonical deterministic unresolved Forgot password guidance without a model: Unde este pagina pentru resetarea parolei? 5ms
 ✓ tests/integration/support-routes.test.ts > SUP-01 support routes > returns canonical deterministic unresolved Forgot password guidance without a model: Unde găsesc linkul pentru a-mi recupera parola? 11ms
 ✓ tests/integration/support-routes.test.ts > SUP-01 support routes > returns canonical deterministic unresolved Forgot password guidance without a model: Verifică unde este pagina de resetare a parolei. 4ms
 ✓ tests/integration/support-routes.test.ts > SUP-01 support routes > returns canonical deterministic unresolved Forgot password guidance without a model: Nu vreau să validez tokenul de resetare; arată pagina de recuperare a parolei. 4ms
 ✓ tests/integration/support-routes.test.ts > SUP-01 support routes > returns canonical deterministic unresolved Forgot password guidance without a model: Arată pagina pentru recuperarea p%61rolei. 4ms
 ✓ tests/integration/support-routes.test.ts > SUP-01 support routes > keeps reset-token operations in the fixed security refusal: Where is the page to validate my password reset token? 14ms
 ✓ tests/integration/support-routes.test.ts > SUP-01 support routes > keeps reset-token operations in the fixed security refusal: Unde este pagina pentru validarea tokenului de resetare a parolei? 11ms
 ✓ tests/integration/support-routes.test.ts > SUP-01 support routes > keeps reset-token operations in the fixed security refusal: Unde este pagina pentru validarea codului de recuperare a parolei? 11ms
 ✓ tests/integration/support-routes.test.ts > SUP-01 support routes > recovers a rejected encoded link draft from the pinned top source before storage and HTTP 29ms
 ✓ tests/integration/support-routes.test.ts > SUP-01 support routes > recovers a rejected internal identifier draft from the pinned top source before storage and HTTP 12ms
 ✓ tests/integration/support-routes.test.ts > SUP-01 support routes > returns a grounded relay answer with server-owned sources, redacted transit, strict timestamps, and encrypted persistence 12ms
 ✓ tests/integration/support-routes.test.ts > SUP-01 support routes > advertises no owner-only action to an anonymous export model request 12ms
 ✓ tests/integration/support-routes.test.ts > SUP-01 support routes > returns fixed NO_SOURCE without invoking the relay and persists only encrypted outcome rows 14ms
 ✓ tests/integration/support-routes.test.ts > SUP-01 support routes > maps relay 502 failure to fixed encrypted DEGRADED while escalation remains available 10ms
 ✓ tests/integration/support-routes.test.ts > SUP-01 support routes > maps relay 504 failure to fixed encrypted DEGRADED while escalation remains available 10ms
 ✓ tests/integration/support-routes.test.ts > SUP-01 support routes > maps relay timeout failure to fixed encrypted DEGRADED while escalation remains available 8ms
 ✓ tests/integration/support-routes.test.ts > SUP-01 support routes > maps relay connection failure to fixed encrypted DEGRADED while escalation remains available 9ms
 ✓ tests/integration/support-routes.test.ts > SUP-01 support routes > opens a minimal encrypted case with a distinct opaque capability and exact Romanian receipt 26ms
 ✓ tests/integration/support-routes.test.ts > SUP-01 support routes > returns typed already-opened without a capability for concurrent manual escalation 9ms
 ✓ tests/integration/support-routes.test.ts > SUP-01 support routes > redacts case replies before encryption and enforces the UTF-8 byte limit 16ms
 ✓ tests/integration/support-routes.test.ts > SUP-01 support routes > serializes concurrent case-reply limits and pages replies with a SQL cursor 13ms
 ✓ tests/integration/support-routes.test.ts > SUP-01 support routes > opens and commits an E2 case before returning the deterministic safety refusal 21ms
 ✓ tests/integration/support-routes.test.ts > SUP-01 support routes > opens E8 for account erasure without a model or tool call: Delete my account 15ms
 ✓ tests/integration/support-routes.test.ts > SUP-01 support routes > opens E8 for account erasure without a model or tool call: Erase my account 12ms
 ✓ tests/integration/support-routes.test.ts > SUP-01 support routes > opens E8 for account erasure without a model or tool call: Șterge contul meu 13ms
 ✓ tests/integration/support-routes.test.ts > SUP-01 support routes > returns opaque SLA/link receipts for newly opened E3, E6, E7, and E8 cases 57ms
 ✓ tests/integration/support-routes.test.ts > SUP-01 support routes > redacts supplied en credentials before session storage and the E3 case snapshot 23ms
 ✓ tests/integration/support-routes.test.ts > SUP-01 support routes > redacts supplied ro credentials before session storage and the E3 case snapshot 19ms
 ✓ tests/integration/support-routes.test.ts > SUP-01 support routes > records authenticated message ratings and opens E5 after two consecutive no ratings 20ms
stdout | tests/integration/support-routes.test.ts > SUP-01 support routes
[S00 DB embedded] 2026-09-17 13:03:38.715 EEST [21668] LOG:  received fast shutdown request


stdout | tests/integration/support-routes.test.ts > SUP-01 support routes
[S00 DB embedded] 2026-09-17 13:03:38.716 EEST [21668] LOG:  aborting any active transactions


stdout | tests/integration/support-routes.test.ts > SUP-01 support routes
[S00 DB embedded] 2026-09-17 13:03:38.717 EEST [21668] LOG:  background worker "logical replication launcher" (PID 21677) exited with exit code 1


stdout | tests/integration/support-routes.test.ts > SUP-01 support routes
[S00 DB embedded] 2026-09-17 13:03:38.718 EEST [21672] LOG:  shutting down


stdout | tests/integration/support-routes.test.ts > SUP-01 support routes
[S00 DB embedded] 2026-09-17 13:03:38.719 EEST [21672] LOG:  checkpoint starting: shutdown immediate


stdout | tests/integration/support-routes.test.ts > SUP-01 support routes
[S00 DB embedded] 2026-09-17 13:03:38.791 EEST [21672] LOG:  checkpoint complete: wrote 1775 buffers (10.8%), wrote 3 SLRU buffers; 0 WAL file(s) added, 0 removed, 1 recycled; write=0.036 s, sync=0.037 s, total=0.073 s; sync files=1149, longest=0.001 s, average=0.001 s; distance=13950 kB, estimate=13950 kB; lsn=0/2526A28, redo lsn=0/2526A28


stdout | tests/integration/support-routes.test.ts > SUP-01 support routes
[S00 DB embedded] 2026-09-17 13:03:38.797 EEST [21668] LOG:  database system is shut down


 ✓ tests/integration/support-routes.test.ts > SUP-01 support routes > lists only identity-bound case metadata to the authenticated owner 6ms
 ✓ tests/integration/support-routes.test.ts > SUP-01 support routes > returns SHREDDED without quota or mutation for every session write surface 10ms
 ✓ tests/integration/support-routes.test.ts > SUP-01 support routes > keeps the key-based adapter seam nonfunctional 0ms
 ✓ tests/render/sup-01-help.test.tsx > SUP-01 /help assistant > renders the complete Turn 11 help desk information architecture 38ms
 ✓ tests/render/sup-01-help.test.tsx > SUP-01 /help assistant > offers only verified full-page shortcuts and uses the existing cookie opener 36ms
 ✓ tests/render/sup-01-help.test.tsx > SUP-01 /help assistant > submits a Turn 11 suggestion immediately without priming the composer 28ms
 ✓ tests/render/sup-01-help.test.tsx > SUP-01 /help assistant > starts a clean conversation 26ms
 ✓ tests/render/sup-01-help.test.tsx > SUP-01 /help assistant > reports the public Support configuration as unavailable even when the relay is healthy 12ms
 ✓ tests/render/sup-01-help.test.tsx > SUP-01 /help assistant > renders disclosure first and exposes native keyboard/form semantics 5ms
 ✓ tests/render/sup-01-help.test.tsx > SUP-01 /help assistant > applies the Romanian override to disclosure and every typed request 7ms
 ✓ tests/render/sup-01-help.test.tsx > SUP-01 /help assistant > renders conversation content as text and never links external response URLs 5ms
 ✓ tests/render/sup-01-help.test.tsx > SUP-01 /help assistant > renders the exact deterministic en DISABLED notice 5ms
 ✓ tests/render/sup-01-help.test.tsx > SUP-01 /help assistant > renders the exact deterministic ro DISABLED notice 6ms
 ✓ tests/render/sup-01-help.test.tsx > SUP-01 /help assistant > admits only frozen same-origin response links as anchors 5ms
 ✓ tests/render/sup-01-help.test.tsx > SUP-01 /help assistant > renders the exact en automated case acknowledgement with its case link 4ms
 ✓ tests/render/sup-01-help.test.tsx > SUP-01 /help assistant > renders the exact ro automated case acknowledgement with its case link 5ms
 ✓ tests/render/sup-01-help.test.tsx > SUP-01 /help assistant > retains automated token/SLA/link fields from the browser client contract 5ms
 ✓ tests/render/sup-01-help.test.tsx > SUP-01 /help assistant > returns a structured RATE_LIMITED outcome from a real 429 response 1ms
 ✓ tests/render/sup-01-help.test.tsx > SUP-01 /help assistant > returns the fresh-session DISABLED terminal reply instead of reading a missing session 1ms
 ✓ tests/render/sup-01-help.test.tsx > SUP-01 /help assistant > renders the frozen degraded notice for an unstructured non-2xx response 5ms
 ✓ tests/render/sup-01-help.test.tsx > SUP-01 /help assistant > replaces a persisted anonymous capability before a signed-in request 5ms
 ✓ tests/render/sup-01-help.test.tsx > SUP-01 /help assistant > renders an E5 acknowledgement returned by the rating request 5ms
 ✓ tests/render/sup-01-help.test.tsx > SUP-01 /help assistant > renders SHREDDED returned by consent, rating, and escalation mutations 12ms
 ✓ tests/render/sup-01-help.test.tsx > SUP-01 /help assistant > preserves the structured SHREDDED envelope on every browser mutation client 2ms
 ✓ tests/render/sup-01-help.test.tsx > SUP-01 /help assistant > uses the same-origin CSRF boundary for every browser support mutation 2ms
 ✓ tests/render/sup-01-help.test.tsx > SUP-01 /help assistant > shows rating controls only after ANSWER_GROUNDED 4ms
 ✓ tests/render/sup-01-help.test.tsx > SUP-01 /help assistant > shows rating controls only after NO_SOURCE 4ms
 ✓ tests/render/sup-01-help.test.tsx > SUP-01 /help assistant > does not show rating controls after REFUSE_ZONE 4ms
 ✓ tests/render/sup-01-help.test.tsx > SUP-01 /help assistant > does not show rating controls after REFUSE_INJECTION 4ms
 ✓ tests/render/sup-01-help.test.tsx > SUP-01 /help assistant > does not show rating controls after REFUSE_SAFETY 3ms
 ✓ tests/render/sup-01-help.test.tsx > SUP-01 /help assistant > does not show rating controls after DEGRADED 4ms
 ✓ tests/render/sup-01-help.test.tsx > SUP-01 /help assistant > renders reviewed sources and canonical actions in fullPage=false language=en 5ms
 ✓ tests/render/sup-01-help.test.tsx > SUP-01 /help assistant > renders reviewed sources and canonical actions in fullPage=true language=en 17ms
 ✓ tests/render/sup-01-help.test.tsx > SUP-01 /help assistant > renders reviewed sources and canonical actions in fullPage=false language=ro 5ms
 ✓ tests/render/sup-01-help.test.tsx > SUP-01 /help assistant > renders reviewed sources and canonical actions in fullPage=true language=ro 18ms
 ✓ tests/render/sup-01-help.test.tsx > SUP-01 /help assistant > renders response text and source labels as literal text 4ms
 ✓ tests/render/sup-01-help.test.tsx > SUP-01 /help assistant > accepts complete source/action arrays at the browser response boundary 1ms
 ✓ tests/render/sup-01-help.test.tsx > SUP-01 /help assistant > rejects non-array sources without accepting partial response decorations 1ms
 ✓ tests/render/sup-01-help.test.tsx > SUP-01 /help assistant > rejects source with an extra key without accepting partial response decorations 0ms
 ✓ tests/render/sup-01-help.test.tsx > SUP-01 /help assistant > rejects unknown source without accepting partial response decorations 0ms
 ✓ tests/render/sup-01-help.test.tsx > SUP-01 /help assistant > rejects duplicate source without accepting partial response decorations 0ms
 ✓ tests/render/sup-01-help.test.tsx > SUP-01 /help assistant > rejects more than three sources without accepting partial response decorations 0ms
 ✓ tests/render/sup-01-help.test.tsx > SUP-01 /help assistant > rejects non-array actions without accepting partial response decorations 0ms
 ✓ tests/render/sup-01-help.test.tsx > SUP-01 /help assistant > rejects action with an extra key without accepting partial response decorations 0ms
 ✓ tests/render/sup-01-help.test.tsx > SUP-01 /help assistant > rejects unknown action without accepting partial response decorations 0ms
 ✓ tests/render/sup-01-help.test.tsx > SUP-01 /help assistant > rejects duplicate action without accepting partial response decorations 0ms
 ✓ tests/render/sup-01-help.test.tsx > SUP-01 /help assistant > rejects mismatched action label without accepting partial response decorations 0ms
 ✓ tests/render/sup-01-help.test.tsx > SUP-01 /help assistant > rejects mismatched action href without accepting partial response decorations 0ms
 ✓ tests/render/sup-01-help.test.tsx > SUP-01 /help assistant > rejects more than three actions without accepting partial response decorations 0ms
 ✓ tests/render/sup-01-help.test.tsx > SUP-01 /help assistant > rejects forged decorations restored from session storage 1ms
 ✓ tests/render/sup-01-help.test.tsx > SUP-01 /help assistant > clears stale A and retries the same redacted turn once through fresh B 6ms
 ✓ tests/render/sup-01-help.test.tsx > SUP-01 /help assistant > stops after a second exact snapshot mismatch 4ms
 ✓ tests/render/sup-01-help.test.tsx > SUP-01 /help assistant > does not restart for a different conflict 3ms
 ✓ tests/render/sup-01-help.test.tsx > SUP-01 /help assistant > does not restart for an extended snapshot envelope 3ms
 ✓ tests/render/sup-01-help.test.tsx > SUP-01 /help assistant > keeps unresolved en password recovery inside Support with no action 4ms
 ✓ tests/render/sup-01-help.test.tsx > SUP-01 /help assistant > keeps unresolved ro password recovery inside Support with no action 4ms
 □ tests/render/sup-01-help.test.tsx > SUP-01 /help assistant > opens the verified first-party Forgot password flow after V-1 supplies its exact destination
 ✓ tests/integration/support-own-context.test.ts > SUP-03 consent and anonymous own-context behavior > recognizes own-context intent without accepting a subject from message text 1ms
 ✓ tests/integration/support-own-context.test.ts > SUP-03 consent and anonymous own-context behavior > projects persisted denied own-context calls to BOUNDARY_DENY in order 1ms
 ✓ tests/integration/support-own-context.test.ts > SUP-03 consent and anonymous own-context behavior > sets and clears consent only for the authenticated owner of the support session 48ms
 ✓ tests/integration/support-own-context.test.ts > SUP-03 consent and anonymous own-context behavior > rejects anonymous consent writes and answers anonymous own-context intent deterministically 33ms
 ✓ tests/integration/support-own-context.test.ts > SUP-03 consent and anonymous own-context behavior > returns only an owned projection and ends with the exact state-source line 27ms
 ✓ tests/integration/support-own-context.test.ts > SUP-03 consent and anonymous own-context behavior > opens E4 and transfers ordered BOUNDARY_DENY tool evidence for a denied own-context read 6ms
 ✓ tests/integration/support-own-context.test.ts > SUP-03 consent and anonymous own-context behavior > dispatches injection refusal before any own-context selector 3ms
 ✓ tests/integration/support-own-context.test.ts > SUP-03 consent and anonymous own-context behavior > makes nonexistent and non-owned refusals byte-identical and timing-equivalent over 20 trials 17ms
 ✓ tests/integration/support-own-context.test.ts > SUP-03 consent and anonymous own-context behavior > applies the account ten-minute bound in addition to a larger session bound 20ms
 ✓ tests/integration/support-own-context.test.ts > SUP-03 consent and anonymous own-context behavior > lists ids, dates, and states only through the ownership-checked context port 3ms
 ✓ tests/integration/support-own-context.test.ts > SUP-03 consent and anonymous own-context behavior > opens E1 before the early incident response without replacing it 4ms
 ✓ tests/integration/support-own-context.test.ts > SUP-03 consent and anonymous own-context behavior > opens E7 before the early incident response without replacing it 3ms
 ✓ tests/integration/support-own-context.test.ts > SUP-03 consent and anonymous own-context behavior > opens E1 before an own-context success without replacing its answer 3ms
 ✓ tests/integration/support-own-context.test.ts > SUP-03 consent and anonymous own-context behavior > opens E7 before an own-context success without replacing its answer 6ms
 ✓ tests/render/sup-03-consent.test.tsx > SUP-03 per-conversation own-context consent > renders the exact toggle off by default only for an authenticated identity 10ms
 ✓ tests/render/sup-03-consent.test.tsx > SUP-03 per-conversation own-context consent > reports explicit on and off transitions without retaining consent outside the component 17ms
 ✓ tests/render/sup-03-consent.test.tsx > SUP-03 per-conversation own-context consent > keeps question text in the browser and selects only the run id 8ms
 ✓ tests/render/sup-03-consent.test.tsx > SUP-03 per-conversation own-context consent > mounts consent and picker through the same help-page assistant conversation 2ms
 ✓ tests/architecture/sup-03-projection.test.ts > SUP-03 closed own-run projection > constructs exactly the ten published-run keys without carrying private content 2ms
 ✓ tests/architecture/sup-03-projection.test.ts > SUP-03 closed own-run projection > keeps private public_ref absent and the tool registry frozen at four capabilities 0ms
 ✓ tests/architecture/sup-03-projection.test.ts > SUP-03 closed own-run projection > delegates every metadata read to the canonical ownership predicate 26ms

⎯⎯⎯⎯⎯⎯⎯ Failed Tests 4 ⎯⎯⎯⎯⎯⎯⎯

 FAIL  tests/architecture/sup-01-boundary.test.ts > SUP-01 support capability boundary > parses imports and rejects zone modules from support code and the corpus package
AssertionError: expected [ { …(2) } ] to deeply equal []

- Expected
+ Received

- []
+ [
+   {
+     "file": "packages/support-kb/src/index.ts",
+     "specifier": "./recovery.js",
+   },
+ ]

 ❯ tests/architecture/sup-01-boundary.test.ts:148:81
    146|       specifiers: importedSpecifiers(file, await readFile(file, "utf8"…
    147|     })))).flatMap(({ file, specifiers }) => specifiers.map((specifier)…
    148|     expect(imports.filter(({ specifier }) => forbiddenImports.test(spe…
       |                                                                                 ^
    149|   });
    150|

⎯⎯⎯⎯⎯⎯⎯⎯⎯⎯⎯⎯⎯⎯⎯⎯⎯⎯⎯⎯⎯⎯⎯⎯[1/4]⎯

 FAIL  tests/architecture/sup-01-boundary.test.ts > SUP-01 support capability boundary > keeps API support code behind injected ports with typed loud errors
AssertionError: expected 'import { randomUUID } from "node:cryp…' not to match /(?:https?:\/\/|process[.]env|throw\s…/\

- Expected:
/(?:https?:\/\/|process[.]env|throw\s+new\s+(?:Error|TypeError)\b)/u

+ Received:
"import { randomUUID } from \"node:crypto\";
import { TypedDomainError } from \"@debateai/kernel\";
import type {
  HelpCorpusEntry,HelpCorpusSnapshotLookup,LoadedHelpCorpus
} from \"@debateai/support-kb\";
import {
  SUPPORT_ACTION_IDS,SUPPORT_CAPABILITIES,type SupportAction
} from \"@debateai/support-kb/catalog\";
import { buildSupportKnowledgeContext } from \"@debateai/support-kb/context\";
import { resolveSupportActions } from \"@debateai/support-kb/navigation\";
import { redactSupportMessage, type SupportMessageCipherPort } from \"./session.js\";
import { SupportModelError, type SupportModelPort, type SupportModelUsage } from \"./model.js\";
import { supportTemplate, type SupportLanguage } from \"./templates.js\";
import { supportIntentSurface } from \"./classify.js\";
import {
  applyIncidentNotice,type SupportIncidentRepositoryPort
} from \"./incidents.js\";
import { SupportQueueError,type SupportRelayQueue } from \"./queue.js\";
import type { SupportDegradedPort } from \"./degraded.js\";
import {
  diagnoseSupportDraft,parseSupportDraft,screenSupportModelText,
  type SupportDraftReport,validateSupportDraft
} from \"./response-policy.js\";
import {
  createSupportModelReferenceFactory,translateSupportDraftReferences,
  type SupportModelReferenceFactory
} from \"./model-references.js\";

const MAX_RETRIEVED_ENTRIES = 3;
const MAX_SYSTEM_CODE_POINTS = 24_000;
// Leave explicit time for queue/durable cleanup inside the frozen one-second
// caller-visible half-open budget.
const HALF_OPEN_PROBE_TIMEOUT_MS = 850;
const STOP_WORDS = new Set([
  \"a\", \"about\", \"am\", \"an\", \"and\", \"are\", \"cum\", \"de\", \"do\", \"does\", \"este\", \"how\",
  \"i\", \"in\", \"is\", \"it\", \"la\", \"much\", \"of\", \"on\", \"or\", \"să\", \"sa\", \"the\", \"to\",
  \"un\", \"unei\", \"what\", \"with\"
]);
const SERVER_SOURCE_LINE = /^\\s*(?:Source|Sursă):.*$/gimu;
const INTENT_SIGNALS: Readonly<Record<string,readonly RegExp[]>> = Object.freeze({
  \"browse-public-debates\": [/\\bbrowse\\b/u,/anonymous visitor/u,/\\brasfoi/u,/vizitator anonim/u],
  \"budget-tier-choice\": [/\\bbudget(?: tier)?\\b/u,/nivel(?:ul)? de buget/u],
  \"debate-topic-and-description\": [/\\btopic\\b/u,/\\bdescription\\b/u,/subiectul dezbaterii/u,/informatii.*descriere/u],
  \"delete-a-private-debate\": [/\\bdelete\\b.*\\bprivate debates?\\b/u,/\\bsterg\\b.*dezbater.*privat/u],
  \"getting-started-debate\": [/\\bstart\\b.*\\bfirst debate\\b/u,/\\bnew here\\b/u,/la inceput/u,/\\bpornesc\\b.*prima.*dezbatere/u],
  \"guide-how-it-works\": [/what happens after.*submit/u,/debate process/u,/how.*debate.*work/u,/ce se intampla dupa/u,/cum functioneaza procesul/u],
  \"public-answer-disclosure\": [/before.*(?:read|reading).*public answer/u,/public answer.*(?:know|disclosure)/u,/inainte.*(?:citesc|citire).*raspuns public/u],
  \"publish-a-debate\": [/\\bpublish\\b/u,/\\bimi public\\b/u,/\\bpublic dezbaterea\\b/u],
  \"risk-tier-choice\": [/\\brisk tier\\b/u,/nivel(?:ul)? de risc/u],
  \"unpublish-a-debate\": [/\\bunpublish\\b/u,/private again/u,/fac.*din nou privata/u],
  \"unsupported-capabilities\": [/\\bcannot do\\b/u,/\\bcan't do\\b/u,/\\bnot do yet\\b/u,/\\bnu poate face\\b/u,/lucruri.*nu poate/u],
  \"view-public-debate\": [/\\bview\\b.*public debate/u,/\\bopen\\b.*public debate/u,/public link/u,/shared with me/u,/unde.*vad.*dezbaterea publica/u,/deschid.*dezbatere publica/u,/distribuit/u]
});

export type SupportAnswerResult = Readonly<{
  messageId: string;
  outcome: \"ANSWER_GROUNDED\" | \"NO_SOURCE\" | \"REFUSE_SAFETY\" | \"DEGRADED\" | \"DISABLED\";
  text: string;
  canEscalate: true;
  sources?: readonly Readonly<{ id: string;label: string }>[];
  actions?: readonly SupportAction[];
  usage?: SupportModelUsage;
}>;

export interface SupportAnswerPort {
  respond(input: Readonly<{
    sessionId: string;
    text: string;
    language: SupportLanguage;
    detectedLanguage: SupportLanguage;
    overrideLanguage: SupportLanguage | null;
    modelRef: string;
    kbVersion?: string;
    snapshot?: LoadedHelpCorpus;
    signedIn?: boolean;
    receivedAt: Date;
    onQueueProgress?: (notice: string) => void;
  }>): Promise<SupportAnswerResult>;
}

function tokens(value: string): ReadonlySet<string> {
  const normalized = normalizedText(value);
  return new Set((normalized.match(/[\\p{L}\\p{N}]+/gu) ?? [])
    .map((token) => token.endsWith(\"s\") && token.length > 4 ? token.slice(0,-1) : token)
    .filter((token) => token.length >= 2 && !STOP_WORDS.has(token)));
}

function normalizedText(value: string): string {
  return value.normalize(\"NFKD\").replace(/\\p{M}/gu,\"\").toLocaleLowerCase(\"en-US\");
}

function retrieve(
  entries: readonly HelpCorpusEntry[],
  text: string,
  language: SupportLanguage
): readonly HelpCorpusEntry[] {
  const query = tokens(text);
  if (query.size === 0) return Object.freeze([]);
  const normalized = normalizedText(text);
  return Object.freeze(entries
    .filter((entry) => entry.lang === language
      && entry.status === \"shipped\"
      && entry.ratifiedBy === \"V\"
      && entry.ratifiedOn !== \"\")
    .map((entry) => {
      const searchable = tokens(`${entry.id} ${entry.title} ${entry.body}`);
      const lexicalScore = [...query].reduce(
        (total,token) => total + (searchable.has(token) ? 1 : 0),0
      );
      const intentScore = (INTENT_SIGNALS[entry.id] ?? [])
        .reduce((total,signal) => total + (signal.test(normalized) ? 1 : 0),0);
      const score = intentScore === 0 ? 0 : intentScore * 100 + lexicalScore;
      return { entry,score };
    })
    .filter(({ score }) => score > 0)
    .sort((left,right) => right.score - left.score || left.entry.id.localeCompare(right.entry.id))
    .slice(0,MAX_RETRIEVED_ENTRIES)
    .map(({ entry }) => entry));
}

function boundedSystem(entries: readonly HelpCorpusEntry[], language: SupportLanguage): string {
  const preamble = language === \"ro\"
    ? \"Răspunde numai în română și numai cu fapte din intrările furnizate. Nu inventa surse și nu include linii Sursă.\"
    : \"Answer only in English and only with facts from the supplied entries. Do not invent sources or include Source lines.\";
  const joined = entries.map((entry) => [
    `ENTRY ${entry.id}`,
    `TITLE ${entry.title}`,
    entry.body
  ].join(\"\\n\")).join(\"\\n\\n\");
  return [...`${preamble}\\n\\n${joined}`].slice(0,MAX_SYSTEM_CODE_POINTS).join(\"\");
}

function structuredInstruction(language: SupportLanguage): string {
  const shape = '{\"kind\":\"answer\",\"text\":\"<grounded answer>\",\"sourceIds\":[\"<allowed source reference>\"],\"actionIds\":[]}';
  return language === \"ro\"
    ? `Returnează numai un singur obiect JSON, fără alte chei și fără text înainte sau după: ${shape}. kind trebuie să fie answer. Secțiunea finală OUTPUT CONTRACT enumeră singurele sourceIds și actionIds permise; înlocuiește exemplele și copiază identificatorii exact, citând cel puțin un sourceId. Nu scrie niciodată identificatori de surse, acțiuni sau capabilități, rute ori căi în text; exprimă navigarea numai prin actionIds. Poți explica limite și condiții despre setările de securitate, dar nu solicita, primi, transforma, verifica sau repeta niciodată parole, coduri ori alte date de autentificare și nu afirma că ai efectuat o schimbare de securitate.`
    : `Return only one JSON object, with no other keys and no text before or after it: ${shape}. kind must be answer. The final OUTPUT CONTRACT lists the only allowed sourceIds and actionIds; replace the examples and copy identifiers exactly, citing at least one sourceId. Never write source IDs, action IDs, capability IDs, routes, or paths inside text; express navigation only through actionIds. You may explain limitations and prerequisites for security settings, but never request, receive, transform, validate, or repeat passwords, codes, or other credentials, and never claim that you performed a security change.`;
}

function boundedStructuredSystem(context: string,language: SupportLanguage): string {
  const system = `${structuredInstruction(language)}\\n\\n${context}`;
  if ([...system].length > MAX_SYSTEM_CODE_POINTS) {
    throw new SupportModelError(\"SUPPORT_MODEL_UNAVAILABLE\");
  }
  return system;
}

function withoutModelSources(text: string): string {
  return text.replace(SERVER_SOURCE_LINE,\"\").replace(/\\n{3,}/gu,\"\\n\\n\").trim();
}

function strictAfter(previous: Date, clock: () => Date): Date {
  const observed = clock().getTime();
  return new Date(Number.isFinite(observed) && observed > previous.getTime()
    ? observed : previous.getTime() + 1);
}

function sourceLines(entries: readonly HelpCorpusEntry[], language: SupportLanguage): string {
  return entries.map((entry) => supportTemplate(\"SOURCE_LINE\",language)
    .replace(\"{title}\",entry.title)
    .replace(\"{id}\",entry.id)).join(\"\\n\");
}

async function completeWithoutQueue<T>(
  signal: AbortSignal | undefined,
  operation: (signal?: AbortSignal) => Promise<T>
): Promise<T> {
  const running = operation(signal);
  if (signal === undefined) return await running;
  let abort: (() => void) | undefined;
  try {
    const aborted = new Promise<never>((_resolve,reject) => {
      abort = () => reject(new SupportModelError(\"SUPPORT_MODEL_UNAVAILABLE\"));
      if (signal.aborted) abort();
      else signal.addEventListener(\"abort\",abort,{ once: true });
    });
    return await Promise.race([running,aborted]);
  } finally {
    if (abort !== undefined) signal.removeEventListener(\"abort\",abort);
  }
}

export function createSupportAnswerService(input: Readonly<{
  entries: readonly HelpCorpusEntry[];
  snapshots?: HelpCorpusSnapshotLookup;
  requireStructuredDraft?: true;
  messages: SupportMessageCipherPort;
  modelFor: (modelRef: string) => SupportModelPort;
  queue?: Pick<SupportRelayQueue,\"execute\">;
  degraded?: SupportDegradedPort;
  incidents?: Pick<SupportIncidentRepositoryPort,\"readActiveIncidents\">;
  reportDraftDiagnostic?: (diagnostic: SupportDraftReport) => void;
  modelReferenceFactory?: () => SupportModelReferenceFactory;
  clock?: () => Date;
}>): SupportAnswerPort {
  const clock = input.clock ?? (() => new Date());
  return Object.freeze({
    respond: async (request: Parameters<SupportAnswerPort[\"respond\"]>[0]) => {
      const prepared = redactSupportMessage(request.text);
      const routeSnapshot = request.snapshot !== undefined
        && typeof request.snapshot.kbVersion === \"string\"
        && Array.isArray(request.snapshot.entries) ? request.snapshot : undefined;
      const snapshot = routeSnapshot ?? (request.kbVersion === undefined
        ? undefined : input.snapshots?.get(request.kbVersion));
      const structured = input.requireStructuredDraft === true || input.snapshots !== undefined;
      const eligibleEntries = structured ? snapshot?.entries ?? [] : input.entries;
      const availableActionIds = resolveSupportActions(SUPPORT_ACTION_IDS,{
        signedIn: request.signedIn === true,language: request.language
      }).map(({ id }) => id);
      const modelReferenceFactory = structured
        ? (input.modelReferenceFactory ?? createSupportModelReferenceFactory)() : undefined;
      const context = structured ? buildSupportKnowledgeContext({
        entries: eligibleEntries,
        capabilities: SUPPORT_CAPABILITIES,
        language: request.language,
        query: prepared.text,
        historyText: \"\",
        availableActionIds,
        referenceFor: modelReferenceFactory!.referenceFor,
        maxCodePoints: MAX_SYSTEM_CODE_POINTS
          - [...`${structuredInstruction(request.language)}\\n\\n`].length
      }) : undefined;
      const entries = structured
        ? context!.sourceIds.flatMap((id) => {
          const entry = eligibleEntries.find((candidate) =>
            candidate.lang === request.language && candidate.id === id
          );
          return entry === undefined ? [] : [entry];
        })
        : retrieve(eligibleEntries,prepared.text,request.language);
      if (entries.length === 0) {
        const completedAt = strictAfter(request.receivedAt,clock);
        const text = supportTemplate(\"NO_SOURCE\",request.language);
        const messageId = randomUUID();
        await input.messages.write({
          messageId: randomUUID(),sessionId: request.sessionId,role: \"user\",
          text: prepared.text,outcome: \"NO_SOURCE\",language: request.language,
          detectedLanguage: request.detectedLanguage,overrideLanguage: request.overrideLanguage,
          receivedAt: request.receivedAt,firstTokenAt: null,completedAt
        });
        const stored = await input.messages.write({
          messageId,sessionId: request.sessionId,role: \"assistant\",
          text,outcome: \"NO_SOURCE\",language: request.language,
          detectedLanguage: request.detectedLanguage,overrideLanguage: request.overrideLanguage,
          receivedAt: request.receivedAt,firstTokenAt: null,completedAt
        });
        return Object.freeze({
          messageId,outcome: \"NO_SOURCE\",text: stored.text,canEscalate: true as const,
          sources: Object.freeze([]),actions: Object.freeze([])
        });
      }
      const recoveryEntry = structured ? entries[0] : undefined;
      const sourceActionIds = recoveryEntry === undefined ? Object.freeze([]) : Object.freeze(
        context!.requestedActionIds.filter((id) => SUPPORT_CAPABILITIES.some(({ articleIds,actionIds }) =>
          articleIds.includes(recoveryEntry.id) && actionIds.includes(id)
        ))
      );

      let completion: Awaited<ReturnType<SupportModelPort[\"complete\"]>> | undefined;
      let firstTokenAt: Date | undefined;
      let completedAt: Date | undefined;
      let modelCalled = false;
      let circuitShortCircuited = false;
      let halfOpenProbe = false;
      const attemptId = randomUUID();
      try {
        await input.messages.writeAndTransit({
          messageId: randomUUID(),sessionId: request.sessionId,role: \"user\",
          text: prepared.text,outcome: \"ANSWER_GROUNDED\",language: request.language,
          detectedLanguage: request.detectedLanguage,overrideLanguage: request.overrideLanguage,
          receivedAt: request.receivedAt,firstTokenAt: null,completedAt: null
        },async (safeText) => {
          if (input.degraded?.beginModelAttempt(request.receivedAt) === false) {
            circuitShortCircuited = true;
            throw new SupportModelError(\"SUPPORT_MODEL_UNAVAILABLE\");
          }
          halfOpenProbe = input.degraded?.isDegraded().degraded === true;
          const attemptSignal = halfOpenProbe
            ? AbortSignal.timeout(HALF_OPEN_PROBE_TIMEOUT_MS) : undefined;
          const complete = (signal?: AbortSignal) => {
            modelCalled = true;
            return input.modelFor(request.modelRef).complete({
              system: structured
                ? boundedStructuredSystem(context!.text,request.language)
                : boundedSystem(entries,request.language),
              messages: [{ role: \"user\",content: safeText }],language: request.language,
              ...(signal === undefined ? {} : { signal })
            });
          };
          completion = input.queue === undefined
            ? await completeWithoutQueue(attemptSignal,complete)
            : await input.queue.execute({
            modelBacked: true,language: request.language,
            ...(attemptSignal === undefined ? {} : { signal: attemptSignal }),
            ...(request.onQueueProgress === undefined
              ? {} : { onProgress: request.onQueueProgress })
          },complete);
          firstTokenAt = strictAfter(request.receivedAt,clock);
          completedAt = strictAfter(firstTokenAt,clock);
        });
        if (completion === undefined || firstTokenAt === undefined || completedAt === undefined) {
          throw new SupportModelError(\"SUPPORT_MODEL_UNAVAILABLE\");
        }
        const diagnostic = structured ? diagnoseSupportDraft(
          completion.text,
          context!.sourceReferences.map(({ reference }) => reference),
          context!.actionReferences.map(({ reference }) => reference),
          [
            ...context!.sourceIds,...context!.requestedActionIds,
            ...context!.sourceReferences.map(({ reference }) => reference),
            ...context!.actionReferences.map(({ reference }) => reference)
          ]
        ) : undefined;
        if (diagnostic !== undefined && diagnostic.code !== \"ACCEPTED\") {
          input.reportDraftDiagnostic?.(Object.freeze({ attemptId,...diagnostic }));
        }
        const parsed = structured
          ? parseSupportDraft(completion.text,[
            ...context!.sourceIds,...context!.requestedActionIds,
            ...context!.sourceReferences.map(({ reference }) => reference),
            ...context!.actionReferences.map(({ reference }) => reference)
          ]) : undefined;
        const referenceDraft = !structured ? undefined
          : parsed === null || parsed === undefined ? null
          : validateSupportDraft(
            parsed,
            context!.sourceReferences.map(({ reference }) => reference),
            context!.actionReferences.map(({ reference }) => reference)
          );
        const draft = !structured ? undefined
          : referenceDraft === null || referenceDraft === undefined ? null
          : translateSupportDraftReferences(referenceDraft,{
            sources:context!.sourceReferences,actions:context!.actionReferences
          });
        const rejected = structured && draft === null;
        const recovered = rejected
          && recoveryEntry?.fallback !== undefined
          && screenSupportModelText(recoveryEntry.fallback);
        const modelText = structured
          ? recovered ? recoveryEntry.fallback
          : rejected ? supportTemplate(\"REFUSE_SAFETY\",request.language) : draft!.text
          : withoutModelSources(completion.text);
        if (modelText === \"\") throw new SupportModelError(\"SUPPORT_MODEL_UNAVAILABLE\");
        input.degraded?.markAvailable();
        const groundedText = structured ? modelText
          : `${modelText}\\n${sourceLines(entries,request.language)}`;
        const text = rejected || input.incidents === undefined ? groundedText : applyIncidentNotice(
          groundedText,supportIntentSurface(request.text),
          await input.incidents.readActiveIncidents(),request.language
        );
        const outcome = rejected && !recovered ? \"REFUSE_SAFETY\" as const : \"ANSWER_GROUNDED\" as const;
        const sources = rejected && !recovered ? Object.freeze([]) : Object.freeze((recovered
          ? [recoveryEntry!] : entries.filter((entry) => structured ? draft!.sourceIds.includes(entry.id) : true))
          .map((entry) => Object.freeze({ id: entry.id,label: entry.title })));
        const actions = rejected && !recovered || !structured ? Object.freeze([]) : resolveSupportActions(
          recovered ? sourceActionIds : draft!.actionIds,
          { signedIn: request.signedIn === true,language: request.language }
        );
        const messageId = randomUUID();
        const stored = await input.messages.write({
          messageId,sessionId: request.sessionId,role: \"assistant\",
          text,outcome,language: request.language,
          detectedLanguage: request.detectedLanguage,overrideLanguage: request.overrideLanguage,
          receivedAt: request.receivedAt,firstTokenAt,completedAt,modelCalled: true,
          ...(completion.usage?.input_tokens === undefined
            ? {} : { inputTokens: completion.usage.input_tokens }),
          ...(completion.usage?.output_tokens === undefined
            ? {} : { outputTokens: completion.usage.output_tokens }),
          ...(completion.usage?.cost_usd === undefined
            ? {} : { costUsd: completion.usage.cost_usd })
        });
        return Object.freeze({
          messageId,outcome,text: stored.text,canEscalate: true as const,sources,actions,
          ...(completion.usage === undefined ? {} : { usage: completion.usage })
        });
      } catch (error) {
        if (!(error instanceof SupportModelError) && !(error instanceof SupportQueueError)) {
          input.degraded?.endModelAttempt();
          if (error instanceof TypedDomainError) throw error;
          throw error;
        }
        if (error instanceof SupportModelError && error.code === \"SUPPORT_DISABLED\") {
          input.degraded?.endModelAttempt();
          const disabledAt = strictAfter(request.receivedAt,clock);
          const text = supportTemplate(\"DISABLED\",request.language);
          const messageId = randomUUID();
          const stored = await input.messages.write({
            messageId,sessionId: request.sessionId,role: \"assistant\",
            text,outcome: \"DISABLED\",language: request.language,
            detectedLanguage: request.detectedLanguage,overrideLanguage: request.overrideLanguage,
            receivedAt: request.receivedAt,firstTokenAt: null,completedAt: disabledAt,
            modelCalled: false
          });
          return Object.freeze({
            messageId,outcome: \"DISABLED\",text: stored.text,canEscalate: true as const,
            sources: Object.freeze([]),actions: Object.freeze([])
          });
        }
        const degradedAt = strictAfter(request.receivedAt,clock);
        if (error instanceof SupportModelError && !circuitShortCircuited) {
          input.degraded?.markUnavailable(degradedAt,\"relay\");
        } else if (error.code === \"SUPPORT_DAILY_CAP\") {
          input.degraded?.markUnavailable(degradedAt,\"cap\");
        } else if (halfOpenProbe) {
          input.degraded?.markUnavailable(degradedAt,\"relay\");
        } else {
          input.degraded?.endModelAttempt();
        }
        const degradedReason = error instanceof SupportModelError || halfOpenProbe ? \"relay\" as const
          : error.code === \"SUPPORT_DAILY_CAP\" ? \"cap\" as const : undefined;
        const text = supportTemplate(\"DEGRADED\",request.language);
        const messageId = randomUUID();
        const stored = await input.messages.write({
          messageId,sessionId: request.sessionId,role: \"assistant\",
          text,outcome: \"DEGRADED\",language: request.language,
          detectedLanguage: request.detectedLanguage,overrideLanguage: request.overrideLanguage,
          receivedAt: request.receivedAt,firstTokenAt: null,completedAt: degradedAt,
          modelCalled,
          ...(degradedReason === undefined ? {} : { degradedReason })
        });
        return Object.freeze({
          messageId,outcome: \"DEGRADED\",text: stored.text,canEscalate: true as const,
          sources: Object.freeze([]),actions: Object.freeze([])
        });
      }
    }
  });
}

import type { SupportConfigurationValues } from \"@debateai/register\";

type AnonymousLimits = Pick<SupportConfigurationValues,
  \"supportLimitAnonMessages10m\" |
  \"supportLimitAnonMessages24h\" |
  \"supportLimitAnonSessions1h\" |
  \"supportLimitSessionMessages\" |
  \"supportLimitMessageCharacters\"
>;

type SessionMessageLimits = Pick<SupportConfigurationValues,
  \"supportLimitSessionMessages\" |
  \"supportLimitMessageCharacters\" |
  \"supportLimitAccountMessages10m\" |
  \"supportLimitAccountMessages24h\"
>;

type UniversalMessageLimits = Pick<SupportConfigurationValues,
  \"supportLimitSessionMessages\" |
  \"supportLimitMessageCharacters\"
>;

export type SupportAdmissionDecision = Readonly<{
  admitted: boolean;
  reason: \"MESSAGE_CHARACTERS\" | \"SESSION_MESSAGES\" | \"IP_MESSAGES_10M\" |
    \"IP_MESSAGES_24H\" | \"IP_SESSIONS_1H\" | \"SESSION_CLOSED\" |
    \"ACCOUNT_MESSAGES_10M\" | \"ACCOUNT_MESSAGES_24H\" |
    \"TRACKING_CAPACITY\" | \"INVALID_TIME\" | null;
}>;

type SessionCounter = Readonly<{ count: number; lastMessageAtMs: number }>;

const admitted = Object.freeze({ admitted: true, reason: null }) satisfies SupportAdmissionDecision;
const MAX_TRACKED_KEYS = 4_096;
const ONE_HOUR_MS = 60 * 60 * 1_000;
const TEN_MINUTES_MS = 10 * 60 * 1_000;
const TWENTY_FOUR_HOURS_MS = 24 * ONE_HOUR_MS;

function refused(reason: Exclude<SupportAdmissionDecision[\"reason\"], null>): SupportAdmissionDecision {
  return Object.freeze({ admitted: false, reason });
}

function withinWindow(events: readonly number[], cutoffMs: number): number[] {
  return events.filter((atMs) => atMs >= cutoffMs);
}

function pruneExpired(map: Map<string, number[]>, cutoffMs: number): void {
  for (const [key, events] of map) {
    const active = withinWindow(events, cutoffMs);
    if (active.length === 0) map.delete(key);
    else if (active.length !== events.length) map.set(key, active);
  }
}

function pruneInactiveSessions(map: Map<string, SessionCounter>, cutoffMs: number): void {
  for (const [key, counter] of map) {
    if (counter.lastMessageAtMs < cutoffMs) map.delete(key);
  }
}

/**
 * C3 deliberately keeps ordinary admission counters in-process until encrypted
 * transcript writes exist. Only message/IP hashes cross the persistent boundary.
 */
export class SupportC3AdmissionWindow {
  readonly #ipMessages = new Map<string, number[]>();
  readonly #ipSessions = new Map<string, number[]>();
  readonly #sessionMessages = new Map<string, SessionCounter>();
  readonly #accountMessages = new Map<string, number[]>();
  #lastObservedAtMs: number | null = null;
  #clockPoisoned = false;

  observeTime(atMs: number): SupportAdmissionDecision {
    return this.#observe(atMs) ? admitted : refused(\"INVALID_TIME\");
  }

  admitAnonymousSession(input: Readonly<{
    ipSha256: string;
    atMs: number;
    limit: number;
  }>): SupportAdmissionDecision {
    if (!this.#observe(input.atMs)) return refused(\"INVALID_TIME\");
    if (!this.#ipSessions.has(input.ipSha256) && this.#ipSessions.size >= MAX_TRACKED_KEYS) {
      pruneExpired(this.#ipSessions, input.atMs - ONE_HOUR_MS);
      if (this.#ipSessions.size >= MAX_TRACKED_KEYS) return refused(\"TRACKING_CAPACITY\");
    }
    const events = withinWindow(
      this.#ipSessions.get(input.ipSha256) ?? [],
      input.atMs - ONE_HOUR_MS
    );
    if (events.length >= input.limit) {
      this.#ipSessions.set(input.ipSha256, events);
      return refused(\"IP_SESSIONS_1H\");
    }
    events.push(input.atMs);
    this.#ipSessions.set(input.ipSha256, events);
    return admitted;
  }

  admitSessionMessage(input: Readonly<{
    ownerRef: string;
    sessionId: string;
    sessionCreatedAtMs: number;
    characterCount: number;
    atMs: number;
    limits: SessionMessageLimits;
  }>): SupportAdmissionDecision {
    if (!this.#observe(input.atMs)) return refused(\"INVALID_TIME\");
    if (!this.#validSessionCreatedTime(input)) {
      this.#clockPoisoned = true;
      return refused(\"INVALID_TIME\");
    }
    const universal = this.#universalMessageRefusal(input);
    if (universal !== null) return universal;
    if (!this.#accountMessages.has(input.ownerRef)
      && this.#accountMessages.size >= MAX_TRACKED_KEYS) {
      pruneExpired(this.#accountMessages,input.atMs-TWENTY_FOUR_HOURS_MS);
      if (this.#accountMessages.size >= MAX_TRACKED_KEYS) return refused(\"TRACKING_CAPACITY\");
    }
    const last24h = withinWindow(
      this.#accountMessages.get(input.ownerRef) ?? [],
      input.atMs-TWENTY_FOUR_HOURS_MS
    );
    if (last24h.length >= input.limits.supportLimitAccountMessages24h) {
      this.#accountMessages.set(input.ownerRef,last24h);
      return refused(\"ACCOUNT_MESSAGES_24H\");
    }
    if (last24h.filter((atMs) => atMs >= input.atMs-TEN_MINUTES_MS).length
      >= input.limits.supportLimitAccountMessages10m) {
      this.#accountMessages.set(input.ownerRef,last24h);
      return refused(\"ACCOUNT_MESSAGES_10M\");
    }
    last24h.push(input.atMs);
    this.#accountMessages.set(input.ownerRef,last24h);
    this.#recordSessionMessage(input.sessionId, input.atMs);
    return admitted;
  }

  admitAnonymousMessage(input: Readonly<{
    ipSha256: string;
    sessionId: string;
    sessionCreatedAtMs: number;
    characterCount: number;
    atMs: number;
    limits: AnonymousLimits;
  }>): SupportAdmissionDecision {
    if (!this.#observe(input.atMs)) return refused(\"INVALID_TIME\");
    if (!this.#validSessionCreatedTime(input)) {
      this.#clockPoisoned = true;
      return refused(\"INVALID_TIME\");
    }
    const universal = this.#universalMessageRefusal(input);
    if (universal !== null) return universal;

    if (!this.#ipMessages.has(input.ipSha256) && this.#ipMessages.size >= MAX_TRACKED_KEYS) {
      pruneExpired(this.#ipMessages, input.atMs - TWENTY_FOUR_HOURS_MS);
      if (this.#ipMessages.size >= MAX_TRACKED_KEYS) return refused(\"TRACKING_CAPACITY\");
    }

    const last24h = withinWindow(
      this.#ipMessages.get(input.ipSha256) ?? [],
      input.atMs - TWENTY_FOUR_HOURS_MS
    );
    if (last24h.length >= input.limits.supportLimitAnonMessages24h) {
      this.#ipMessages.set(input.ipSha256, last24h);
      return refused(\"IP_MESSAGES_24H\");
    }
    const last10mCount = last24h.filter(
      (atMs) => atMs >= input.atMs - TEN_MINUTES_MS
    ).length;
    if (last10mCount >= input.limits.supportLimitAnonMessages10m) {
      this.#ipMessages.set(input.ipSha256, last24h);
      return refused(\"IP_MESSAGES_10M\");
    }

    last24h.push(input.atMs);
    this.#ipMessages.set(input.ipSha256, last24h);
    this.#recordSessionMessage(input.sessionId, input.atMs);
    return admitted;
  }

  #universalMessageRefusal(input: Readonly<{
    sessionId: string;
    sessionCreatedAtMs: number;
    characterCount: number;
    atMs: number;
    limits: UniversalMessageLimits;
  }>): SupportAdmissionDecision | null {
    if (input.characterCount > input.limits.supportLimitMessageCharacters) {
      return refused(\"MESSAGE_CHARACTERS\");
    }
    const cutoffMs = input.atMs - TWENTY_FOUR_HOURS_MS;
    const counter = this.#sessionMessages.get(input.sessionId);
    if (counter !== undefined && counter.lastMessageAtMs < cutoffMs) {
      this.#sessionMessages.delete(input.sessionId);
      return refused(\"SESSION_CLOSED\");
    }
    if (counter === undefined && input.sessionCreatedAtMs < cutoffMs) {
      return refused(\"SESSION_CLOSED\");
    }
    if ((counter?.count ?? 0) >= input.limits.supportLimitSessionMessages) {
      return refused(\"SESSION_MESSAGES\");
    }
    if (!this.#sessionMessages.has(input.sessionId)
      && this.#sessionMessages.size >= MAX_TRACKED_KEYS) {
      pruneInactiveSessions(this.#sessionMessages, cutoffMs);
      if (this.#sessionMessages.size >= MAX_TRACKED_KEYS) {
        return refused(\"TRACKING_CAPACITY\");
      }
    }
    return null;
  }

  #recordSessionMessage(sessionId: string, atMs: number): void {
    const count = this.#sessionMessages.get(sessionId)?.count ?? 0;
    this.#sessionMessages.set(sessionId, Object.freeze({ count: count + 1, lastMessageAtMs: atMs }));
  }

  #validSessionCreatedTime(input: Readonly<{
    sessionCreatedAtMs: number;
    atMs: number;
  }>): boolean {
    return this.#validTimestamp(input.sessionCreatedAtMs)
      && input.sessionCreatedAtMs <= input.atMs;
  }

  #validTimestamp(value: number): boolean {
    return Number.isSafeInteger(value) && value >= 0;
  }

  #observe(atMs: number): boolean {
    if (this.#clockPoisoned) return false;
    if (!this.#validTimestamp(atMs)) {
      this.#clockPoisoned = true;
      return false;
    }
    if (this.#lastObservedAtMs !== null && atMs < this.#lastObservedAtMs) {
      this.#clockPoisoned = true;
      return false;
    }
    this.#lastObservedAtMs = atMs;
    return true;
  }
}

import { randomUUID } from \"node:crypto\";
import { TypedDomainError } from \"@debateai/kernel\";
import type { SupportKeyPort } from \"./keys.js\";
import { redactSupportMessage } from \"./session.js\";
import {
  parseSupportCaseSummaryDraft,screenSupportModelText
} from \"./response-policy.js\";
import { SHREDDED_NOTICE,type SupportLanguage } from \"./templates.js\";

export type SupportCasePredicate = \"E1\" | \"E2\" | \"E3\" | \"E4\" | \"E5\" | \"E6\" | \"E7\" | \"E8\";
export type SupportCaseState = \"NEW\" | \"WAITING_ON_V\" | \"WAITING_ON_USER\" | \"CLOSED\";
export type SupportCaseActor = \"user\" | \"V\" | \"system\";

export type SupportCaseToolCall = Readonly<{
  name: string;
  at: Date;
  outcome: string;
}>;

export type SupportCaseOpenInput = Readonly<{
  caseId: string;
  tokenSha256: string;
  sessionId: string;
  identityOwnerRef: string | null;
  language: SupportLanguage;
  createdAt: Date;
  triggerPredicate: SupportCasePredicate;
  toolCalls: readonly SupportCaseToolCall[];
  kbVersion: string;
  slaHours: number;
}>;

export type SupportCaseRecord = Readonly<{
  caseId: string;
  sessionId: string;
  identityOwnerRef: string | null;
  language: SupportLanguage;
  createdAt: Date;
  triggerPredicate: SupportCasePredicate;
  kbVersion: string;
  slaHours: number;
  state: SupportCaseState;
}>;

export const SUPPORT_SUMMARY_PROMPT =
  \"Return only JSON with exactly kind, text, sourceIds, and actionIds. \"
  + \"kind must be case_summary; sourceIds and actionIds must both be empty arrays. \"
  + \"Summarize the user's problem in one paragraph of at most 80 words. \"
  + \"Do not state or guess who the user is, whether they are the account owner, \"
  + \"or whether their request is legitimate.\";

const SUPPORT_SUMMARY_REPLACEMENT: Readonly<Record<SupportLanguage,string>> = Object.freeze({
  en: \"The advisory summary was omitted because it did not pass Support safety checks.\",
  ro: \"Rezumatul consultativ a fost omis deoarece nu a trecut verificările de siguranță ale Asistenței.\"
});

export type SupportCaseSummaryRecord = Readonly<{
  caseId: string;
  status: \"DONE\" | \"TIMED_OUT\";
  summaryCiphertext: Uint8Array | null;
  summaryAt: Date;
  summaryAuthoritative: false;
}>;

export type SupportAdvisorySummaryPort = Readonly<{
  summarize(input: Readonly<{
    caseId: string;
    language: SupportLanguage;
    transcript: string;
    createdAt: Date;
  }>): Promise<void>;
}>;

function boundedSummary(text: string): string | null {
  const paragraph = text.replace(/\\s+/gu,\" \").trim();
  if (paragraph === \"\") return null;
  const words = paragraph.split(\" \");
  if (words.length <= 80) return paragraph;
  const firstEighty = words.slice(0,80);
  const boundary = firstEighty.findLastIndex((word) => /[.!?]$/u.test(word));
  return boundary < 0 ? null : firstEighty.slice(0,boundary + 1).join(\" \");
}

export function createAdvisorySummaryService(input: Readonly<{
  complete(request: Readonly<{
    system: string;
    messages: readonly Readonly<{ role: \"user\";content: string }>[];
    language: SupportLanguage;
    signal: AbortSignal;
  }>): Promise<string>;
  seal(caseId: string,summary: string): Promise<Uint8Array>;
  persist(record: SupportCaseSummaryRecord): Promise<void>;
  clock?: () => Date;
  timeoutMs?: number;
}>): SupportAdvisorySummaryPort {
  const clock = input.clock ?? (() => new Date());
  const timeoutMs = input.timeoutMs ?? 60_000;
  return Object.freeze({
    summarize: async (request) => {
      const createdAtMs = request.createdAt.getTime();
      if (!Number.isFinite(createdAtMs)
        || !Number.isSafeInteger(timeoutMs) || timeoutMs < 1 || timeoutMs > 60_000) {
        throw new SupportCaseError(\"SUPPORT_SUMMARY_CLOCK_INVALID\");
      }
      const deadlineAt = new Date(createdAtMs + timeoutMs);
      const signal = AbortSignal.timeout(timeoutMs);
      const completion = input.complete({
        system: SUPPORT_SUMMARY_PROMPT,
        messages: [{ role: \"user\",content: request.transcript }],
        language: request.language,signal
      }).then((text) => Object.freeze({ kind: \"DONE\" as const,text }));
      const timeout = new Promise<Readonly<{ kind: \"TIMED_OUT\" }>>((resolve) => {
        signal.addEventListener(\"abort\",() => resolve(Object.freeze({ kind: \"TIMED_OUT\" })),{
          once: true
        });
      });
      const result = await Promise.race([completion,timeout]);
      const observedAt = clock();
      if (!Number.isFinite(observedAt.getTime())) {
        throw new SupportCaseError(\"SUPPORT_SUMMARY_CLOCK_INVALID\");
      }
      const timedOut = result.kind === \"TIMED_OUT\"
        || signal.aborted || observedAt.getTime() > deadlineAt.getTime();
      const draft = result.kind === \"DONE\" && !timedOut
        ? parseSupportCaseSummaryDraft(result.text) : null;
      const candidate = draft === null ? null : boundedSummary(draft.text);
      const summary = timedOut ? null
        : candidate ?? SUPPORT_SUMMARY_REPLACEMENT[request.language];
      if (timedOut) {
        try {
          await input.persist({
            caseId: request.caseId,status: \"TIMED_OUT\",summaryCiphertext: null,
            summaryAt: deadlineAt,summaryAuthoritative: false
          });
        } catch {
          throw new SupportCaseError(\"SUPPORT_SUMMARY_PERSIST_FAILED\");
        }
        return;
      }
      if (summary === null) throw new SupportCaseError(\"SUPPORT_SUMMARY_INVALID\");
      let ciphertext: Uint8Array;
      try {
        ciphertext = await input.seal(request.caseId,summary);
      } catch {
        throw new SupportCaseError(\"SUPPORT_SUMMARY_SEAL_FAILED\");
      }
      try {
        try {
          await input.persist({
            caseId: request.caseId,status: \"DONE\",summaryCiphertext: ciphertext,
            summaryAt: observedAt,summaryAuthoritative: false
          });
        } catch {
          throw new SupportCaseError(\"SUPPORT_SUMMARY_PERSIST_FAILED\");
        }
      } finally {
        ciphertext.fill(0);
      }
    }
  });
}

export function createSupportSummarySealer(
  keys: Pick<SupportKeyPort,\"unwrapDataKey\" | \"sealContent\">,
  readCaseKey: (caseId: string) => Promise<Uint8Array | null>
) {
  return async (caseId: string,summary: string): Promise<Uint8Array> => {
    const wrapped = await readCaseKey(caseId);
    if (wrapped === null) throw new SupportCaseError(\"SUPPORT_CASE_NOT_FOUND\");
    const plaintext = Buffer.from(summary,\"utf8\");
    let dataKey: Buffer | undefined;
    let ciphertext: Buffer | undefined;
    try {
      dataKey = await keys.unwrapDataKey({ kind: \"case\",ref: caseId },wrapped);
      ciphertext = keys.sealContent(
        { kind: \"case-summary\",caseId,purpose: \"summary\" },dataKey,plaintext
      );
      return Buffer.from(ciphertext);
    } finally {
      wrapped.fill(0);
      plaintext.fill(0);
      dataKey?.fill(0);
      ciphertext?.fill(0);
    }
  };
}

type SupportCaseViewFields = Readonly<{
  caseId: string;
  language: SupportLanguage;
  state: SupportCaseState;
  slaHours: number;
  messages: readonly Readonly<{ id: string;role: \"user\" | \"assistant\" | \"V\";text: string }>[];
  summary: string | null;
  nextCursor: string | null;
}>;

export type SupportCaseViewRecord =
  | (SupportCaseViewFields & Readonly<{ kind: \"READABLE\" }>)
  | (SupportCaseViewFields & Readonly<{ kind: \"SHREDDED\";notice: string }>);

type SupportCaseMessagePage = Readonly<{
  limit: number;
  beforeAt?: Date;
  beforeId?: string;
}>;

export interface SupportCaseAccessRepositoryPort {
  listOwnCases(identityOwnerRef: string): Promise<readonly Readonly<Record<string,unknown>>[]>;
  readCaseEncrypted(input: Readonly<{
    caseId?: string;
    tokenSha256?: string;
    page?: SupportCaseMessagePage;
  }>): Promise<Readonly<Record<string,unknown>> | null>;
  appendCaseMessage(input: Readonly<{
    caseId: string;
    messageId: string;
    role: \"user\" | \"V\";
    contentCiphertext: Uint8Array;
    redacted: boolean;
    messageLimit: number;
    at: Date;
  }>): Promise<\"WAITING_ON_V\" | \"WAITING_ON_USER\" | \"LIMIT_REACHED\" | \"SHREDDED\" | null>;
}

export type SupportCaseAccessPort = Readonly<{
  listOwn(identityOwnerRef: string): Promise<readonly Readonly<{
    caseId: string;
    state: SupportCaseState;
    language: SupportLanguage;
    createdAt: Date;
  }>[] >;
  readByToken(tokenSha256: string,pagination?: Readonly<{
    limit: number;
    cursor?: string;
  }>): Promise<SupportCaseViewRecord | null>;
  replyByToken(input: Readonly<{
    tokenSha256: string;
    text: string;
    at: Date;
    messageByteLimit: number;
    caseMessageLimit: number;
  }>): Promise<SupportCaseState | Readonly<{ kind: \"SHREDDED\";notice: string }> | null>;
}>;

const CASE_CURSOR_ID = /^[0-9a-f]{8}-[0-9a-f]{4}-[1-5][0-9a-f]{3}-[89ab][0-9a-f]{3}-[0-9a-f]{12}$/u;

function decodeCaseCursor(cursor: string | undefined): Readonly<{
  beforeAt?: Date;beforeId?: string;
}> {
  if (cursor === undefined) return Object.freeze({});
  if (cursor.length < 1 || cursor.length > 256 || !/^[A-Za-z0-9_-]+$/u.test(cursor)) {
    throw new SupportCaseError(\"SUPPORT_CASE_CURSOR_INVALID\");
  }
  try {
    const parsed = JSON.parse(Buffer.from(cursor,\"base64url\").toString(\"utf8\")) as unknown;
    if (!Array.isArray(parsed) || parsed.length !== 2
      || typeof parsed[0] !== \"string\" || typeof parsed[1] !== \"string\"
      || !CASE_CURSOR_ID.test(parsed[1])) {
      throw new SupportCaseError(\"SUPPORT_CASE_CURSOR_INVALID\");
    }
    const beforeAt = new Date(parsed[0]);
    if (!Number.isFinite(beforeAt.getTime()) || beforeAt.toISOString() !== parsed[0]) {
      throw new SupportCaseError(\"SUPPORT_CASE_CURSOR_INVALID\");
    }
    return Object.freeze({ beforeAt,beforeId: parsed[1] });
  } catch {
    throw new SupportCaseError(\"SUPPORT_CASE_CURSOR_INVALID\");
  }
}

function encodeCaseCursor(value: unknown): string | null {
  if (typeof value !== \"object\" || value === null) return null;
  const cursor = value as Readonly<Record<string,unknown>>;
  if (!(cursor.at instanceof Date) || typeof cursor.id !== \"string\") return null;
  return Buffer.from(JSON.stringify([cursor.at.toISOString(),cursor.id]),\"utf8\").toString(\"base64url\");
}

function encryptedBytes(value: unknown): Buffer {
  if (!(value instanceof Uint8Array)) throw new SupportCaseError(\"SUPPORT_CASE_NOT_FOUND\");
  return Buffer.from(value);
}

function shreddedRow(row: Readonly<Record<string,unknown>>): boolean {
  return row.shredded_at !== null || row.destroyed_at !== null;
}

export function createSupportCaseAccessService(input: Readonly<{
  repository: SupportCaseAccessRepositoryPort;
  keys: Pick<SupportKeyPort,\"unwrapDataKey\" | \"openContent\" | \"sealContent\">;
}>): SupportCaseAccessPort {
  async function withDataKey<T>(row: Readonly<Record<string,unknown>>,
    use: (key: Buffer) => Promise<T> | T): Promise<T> {
    const caseId = String(row.case_id);
    const wrapped = encryptedBytes(row.wrapped_key);
    let dataKey: Buffer | undefined;
    try {
      dataKey = await input.keys.unwrapDataKey({ kind: \"case\",ref: caseId },wrapped);
      return await use(dataKey);
    } finally {
      wrapped.fill(0);
      dataKey?.fill(0);
    }
  }

  async function read(row: Readonly<Record<string,unknown>>): Promise<SupportCaseViewRecord> {
    return withDataKey(row,(dataKey) => {
      const caseId = String(row.case_id);
      const transcriptCiphertext = encryptedBytes(row.transcript_snapshot_ciphertext);
      let transcriptPlaintext: Buffer | undefined;
      let summaryPlaintext: Buffer | undefined;
      const messages: Array<Readonly<{
        id: string;role: \"user\" | \"assistant\" | \"V\";text: string;
      }>> = [];
      try {
        transcriptPlaintext = input.keys.openContent(
          { kind: \"case-snapshot\",caseId,purpose: \"transcript\" },
          dataKey,transcriptCiphertext
        );
        const transcript = JSON.parse(transcriptPlaintext.toString(\"utf8\")) as unknown;
        if (!Array.isArray(transcript)) throw new SupportCaseError(\"SUPPORT_CASE_NOT_FOUND\");
        for (const [index,entry] of transcript.entries()) {
          if (typeof entry !== \"object\" || entry === null) continue;
          const message = entry as Readonly<Record<string,unknown>>;
          if ((message.role === \"user\" || message.role === \"assistant\")
            && typeof message.text === \"string\") {
            const prepared = redactSupportMessage(message.text);
            messages.push(Object.freeze({
              id: typeof message.messageId === \"string\" ? message.messageId : `snapshot-${index}`,
              role: message.role,text: prepared.text
            }));
          }
        }
        const caseMessages = Array.isArray(row.case_messages) ? row.case_messages : [];
        for (const entry of caseMessages) {
          if (typeof entry !== \"object\" || entry === null) continue;
          const message = entry as Readonly<Record<string,unknown>>;
          if ((message.role !== \"user\" && message.role !== \"V\")
            || typeof message.content_ciphertext !== \"string\") continue;
          const ciphertext = Buffer.from(message.content_ciphertext,\"base64\");
          let plaintext: Buffer | undefined;
          try {
            plaintext = input.keys.openContent({
              kind: \"case-message\",caseId,messageId: String(message.id),
              role: message.role,purpose: \"content\"
            },dataKey,ciphertext);
            const prepared = redactSupportMessage(plaintext.toString(\"utf8\"));
            messages.push(Object.freeze({
              id: String(message.id),role: message.role,text: prepared.text
            }));
          } finally { ciphertext.fill(0);plaintext?.fill(0); }
        }
        const summaryCiphertext = row.summary_ciphertext instanceof Uint8Array
          ? Buffer.from(row.summary_ciphertext) : null;
        let summary: string | null = null;
        try {
          if (summaryCiphertext !== null) {
            summaryPlaintext = input.keys.openContent(
              { kind: \"case-summary\",caseId,purpose: \"summary\" },
              dataKey,summaryCiphertext
            );
            const opened = summaryPlaintext.toString(\"utf8\");
            const bounded = boundedSummary(opened);
            summary = bounded !== null && screenSupportModelText(bounded)
              ? bounded : SUPPORT_SUMMARY_REPLACEMENT[
                row.language === \"ro\" ? \"ro\" : \"en\"
              ];
          }
        } finally { summaryCiphertext?.fill(0); }
        return Object.freeze({
          kind: \"READABLE\",caseId,
          language: row.language as SupportLanguage,state: row.state as SupportCaseState,
          slaHours: Number(row.sla_hours),messages: Object.freeze(messages),summary,
          nextCursor: encodeCaseCursor(row.case_message_next_cursor)
        });
      } finally {
        transcriptCiphertext.fill(0);
        transcriptPlaintext?.fill(0);
        summaryPlaintext?.fill(0);
      }
    });
  }

  return Object.freeze({
    listOwn: async (identityOwnerRef) => Object.freeze(
      (await input.repository.listOwnCases(identityOwnerRef)).map((row) => Object.freeze({
        caseId: String(row.case_id),
        state: String(row.state) as SupportCaseState,
        language: row.language === \"ro\" ? \"ro\" : \"en\",
        createdAt: new Date(String(row.created_at))
      }))
    ),
    readByToken: async (tokenSha256,pagination) => {
      const cursor = decodeCaseCursor(pagination?.cursor);
      const row = await input.repository.readCaseEncrypted({
        tokenSha256,
        page: { limit: pagination?.limit ?? 40,...cursor }
      });
      if (row === null) return null;
      if (shreddedRow(row)) {
        const language = row.language === \"ro\" ? \"ro\" : \"en\";
        return Object.freeze({
          kind: \"SHREDDED\",caseId: String(row.case_id),language,
          state: row.state as SupportCaseState,slaHours: Number(row.sla_hours),
          messages: Object.freeze([]),summary: null,nextCursor: null,
          notice: SHREDDED_NOTICE[language]
        });
      }
      return read(row);
    },
    replyByToken: async (request) => {
      if (!Number.isSafeInteger(request.messageByteLimit) || request.messageByteLimit < 1
        || Buffer.byteLength(request.text,\"utf8\") > request.messageByteLimit) {
        throw new SupportCaseError(\"SUPPORT_CASE_MESSAGE_TOO_LARGE\");
      }
      if (!Number.isSafeInteger(request.caseMessageLimit) || request.caseMessageLimit < 1) {
        throw new SupportCaseError(\"SUPPORT_CASE_MESSAGE_LIMIT\");
      }
      const row = await input.repository.readCaseEncrypted({ tokenSha256: request.tokenSha256 });
      if (row === null) return null;
      const language = row.language === \"ro\" ? \"ro\" : \"en\";
      if (shreddedRow(row)) return Object.freeze({
        kind: \"SHREDDED\" as const,notice: SHREDDED_NOTICE[language]
      });
      const prepared = redactSupportMessage(request.text);
      const plaintext = Buffer.from(prepared.text,\"utf8\");
      const messageId = randomUUID();
      let ciphertext: Buffer | undefined;
      try {
        ciphertext = await withDataKey(row,(dataKey) => input.keys.sealContent(
          {
            kind: \"case-message\",caseId: String(row.case_id),messageId,
            role: \"user\",purpose: \"content\"
          },dataKey,plaintext
        ));
        const appended = await input.repository.appendCaseMessage({
          caseId: String(row.case_id),messageId,role: \"user\",contentCiphertext: ciphertext,
          redacted: prepared.redacted,messageLimit: request.caseMessageLimit,at: request.at
        });
        if (appended === \"LIMIT_REACHED\") {
          throw new SupportCaseError(\"SUPPORT_CASE_MESSAGE_LIMIT\");
        }
        if (appended === \"SHREDDED\") return Object.freeze({
          kind: \"SHREDDED\" as const,notice: SHREDDED_NOTICE[language]
        });
        return appended;
      } finally { plaintext.fill(0);ciphertext?.fill(0); }
    }
  });
}

export interface SupportCasesRepositoryPort {
  createCase(input: SupportCaseOpenInput): Promise<SupportCaseRecord>;
  transitionCase(input: Readonly<{
    caseId: string;
    toState: SupportCaseState;
    actor: SupportCaseActor;
    at: Date;
  }>): Promise<SupportCaseRecord | null>;
}

export class SupportCaseError extends TypedDomainError {
  constructor(code:
    | \"SUPPORT_CASE_ILLEGAL_TRANSITION\"
    | \"SUPPORT_CASE_NOT_FOUND\"
    | \"SUPPORT_CASE_MESSAGE_TOO_LARGE\"
    | \"SUPPORT_CASE_MESSAGE_LIMIT\"
    | \"SUPPORT_CASE_CURSOR_INVALID\"
    | \"SUPPORT_SUMMARY_CLOCK_INVALID\"
    | \"SUPPORT_SUMMARY_INVALID\"
    | \"SUPPORT_SUMMARY_SEAL_FAILED\"
    | \"SUPPORT_SUMMARY_PERSIST_FAILED\"
  ) {
    super(code,code);
    this.name = \"SupportCaseError\";
  }
}

export function createSupportCasesService(repository: SupportCasesRepositoryPort) {
  return Object.freeze({
    openCase: (input: SupportCaseOpenInput) => repository.createCase(input),
    transition: async (
      caseId: string,
      toState: SupportCaseState,
      actor: SupportCaseActor,
      at: Date
    ): Promise<SupportCaseRecord> => {
      const transitioned = await repository.transitionCase({ caseId,toState,actor,at });
      if (transitioned === null) throw new SupportCaseError(\"SUPPORT_CASE_ILLEGAL_TRANSITION\");
      return transitioned;
    }
  });
}

import type { SupportLanguage, SupportOutcome } from \"./templates.js\";
import { classifySecurityNavigationViews } from \"./security-guidance.js\";

export type SupportClassification = Readonly<{
  outcome: Extract<SupportOutcome,
    \"REFUSE_ZONE\" | \"REFUSE_INJECTION\" | \"REFUSE_SAFETY\"> | \"INCIDENT\" | null;
  language: SupportLanguage;
  link: \"/login\" | \"/sign-up\" | \"/settings\" | null;
  securityNavigation?: \"FORGOT_PASSWORD\";
}>;

type ZoneLink = Exclude<SupportClassification[\"link\"], null>;
type ZoneRule = Readonly<{ pattern: RegExp; link: ZoneLink }>;

export type SupportSensitiveIntentFamily =
  | \"account-erasure\"
  | \"coercion\"
  | \"self-harm\"
  | \"threat\"
  | \"minor\"
  | \"legal-data\";

const ACCOUNT_ERASURE_PATTERN = /(?:(?:\\bdelete|\\berase|\\bremove)\\b.{0,40}\\b(?:(?:my|this|the)\\s+)?account\\b|(?<!\\p{L})(?:șterg|sterg)\\p{L}*(?:-[\\p{L}]+)?.{0,40}(?<!\\p{L})cont\\p{L}*(?!\\p{L}))/u;

const ZONE_RULES: readonly ZoneRule[] = Object.freeze([
  Object.freeze({
    pattern: /(?:\\brecovery codes?\\b|\\bcod(?:ul|uri)? de recuperare\\b|\\bcoduri(?:le)? de recuperare\\b)/u,
    link: \"/settings\"
  }),
  Object.freeze({
    pattern: /(?:\\brecover(?:y| my| an?) account\\b|\\baccount recovery\\b|\\brecuper(?:are|ez|a)\\w* (?:unui |a?l? )?cont\\w*\\b)/u,
    link: \"/login\"
  }),
  Object.freeze({
    pattern: /(?:\\bpasswords?\\b|(?<!\\p{L})parol(?:a|ă|e|ei|ele|elor)(?!\\p{L}))/u,
    link: \"/settings\"
  }),
  Object.freeze({
    pattern: /(?:\\bverification (?:codes?|links?)\\b|\\bverify (?:my )?(?:email|account)\\b|\\bcod(?:ul|uri)? de verificare\\b|\\blink(?:ul|uri)? de verificare\\b)/u,
    link: \"/settings\"
  }),
  Object.freeze({
    pattern: /(?:\\btwo[ -]factor\\b|\\b2fa\\b|\\btotp\\b|\\bmfa\\b|\\bautentificare(?:a)? în doi pași\\b)/u,
    link: \"/settings\"
  }),
  Object.freeze({
    pattern: /(?:(?:\\bchange|\\bupdate|\\bmodify|\\breplace)\\b.{0,48}\\b(?:e-?mail|contact|phone number)\\b|\\b(?:schimb|modific|înlocui|actualiz)\\w*\\b.{0,48}\\b(?:e-?mail|contact|telefon)\\w*\\b)/u,
    link: \"/settings\"
  }),
  Object.freeze({
    pattern: /(?:\\bsign[ -]?out\\b|\\blog[ -]?out\\b|\\b(?:active |other |account )?sessions?\\b|\\bdeconect\\w*\\b|\\bsesiun\\w*\\b)/u,
    link: \"/settings\"
  }),
  Object.freeze({
    pattern: ACCOUNT_ERASURE_PATTERN,
    link: \"/settings\"
  }),
  Object.freeze({
    pattern: /(?:\\bdoes (?:an |the )?account\\b.{0,32}\\bexist\\b|\\baccount\\b.{0,32}\\bexist\\b|(?<!\\p{L})(?:există|exista)(?!\\p{L}).{0,32}(?<!\\p{L})cont\\p{L}*(?!\\p{L}))/u,
    link: \"/sign-up\"
  }),
  Object.freeze({
    pattern: /(?:\\bsign[ -]?up\\b|\\bcreate (?:an? )?account\\b|\\bregister (?:an? )?account\\b|(?<!\\p{L})cre(?:ez|ează|eaza)(?!\\p{L}).{0,24}(?<!\\p{L})cont\\p{L}*(?!\\p{L})|(?<!\\p{L})înregistr\\p{L}*(?!\\p{L}).{0,24}(?<!\\p{L})cont\\p{L}*(?!\\p{L}))/u,
    link: \"/sign-up\"
  }),
  Object.freeze({
    pattern: /(?:\\bsign[ -]?in\\b|\\blog[ -]?in\\b|\\blogin\\b|\\bautentific\\w*\\b)/u,
    link: \"/login\"
  })
]);

const SENSITIVE_INTENT_PATTERNS: Readonly<Record<
  SupportSensitiveIntentFamily,readonly RegExp[]
>> = Object.freeze({
  \"account-erasure\": Object.freeze([ACCOUNT_ERASURE_PATTERN]),
  coercion: Object.freeze([
    /(?:\\bi am being told what to (?:type|write) by someone\\b|\\b(?:they|someone) are forcing me to (?:type|write)\\b|\\bi am being (?:forced|made) to (?:type|write)\\b)/u,
    /(?:cineva la telefon îmi spune ce să scriu|\\bsunt obligat(?:ă)? să (?:scriu|tastez)\\b|\\bcineva mă obligă să (?:scriu|tastez)\\b)/u
  ]),
  \"self-harm\": Object.freeze([
    /(?:\\b(?:kill(?:ing)?|hurt(?:ing)?) myself\\b|\\bself[ -]?harm\\b|\\bsuicid(?:e|al)\\b|\\bi (?:want|might) to die\\b)/u,
    /(?:mă gândesc să mă sinucid|ma gandesc sa ma sinucid|\\bmă sinucid\\b|\\bma sinucid\\b|(?:îmi|imi) fac rău|\\bsinucidere\\b|\\bvreau s[ăa] (?:mor|îmi fac rău|imi fac rau)\\b)/u
  ]),
  threat: Object.freeze([
    /(?:\\b(?:someone|a person) (?:is )?threaten(?:ing|ed) me\\b|\\bsomeone (?:is )?threaten(?:ing|ed)(?: to)? (?:(?:hurt|kill) )?me\\b|\\bthreat(?:en|ened|ening)s? (?:to )?(?:hurt|kill) me\\b)/u,
    /(?:cineva mă amenință că mă omoară|cineva ma ameninta ca ma omoara|(?:cineva|o persoană|o persoana) (?:mă|ma|m-a) amenin(?:ță|ta|țat|tat)|mă amenință|ma ameninta|mă omoară|ma omoara)/u
  ]),
  minor: Object.freeze([
    /(?:\\bminor(?:'s)? account\\b|\\bchild(?:'s)? account\\b|\\baccount (?:of|for) a minor\\b|\\bthis (?:is about|concerns) a minor\\b|\\bmy child has an account here\\b)/u,
    /(?:contul unui minor|cont de minor|contul copilului|este vorba despre un minor|copilul meu are un cont aici)/u
  ]),
  \"legal-data\": Object.freeze([
    /(?:\\blegal complaint\\b|\\blaw enforcement\\b|\\bcourt order\\b|\\bsubpoena\\b|\\bpersonal data access\\b|\\bdata access request\\b|\\bgdpr request\\b|\\bcopy of my personal data\\b|\\blegal (?:help|advice).{0,48}\\bpersonal data\\b|\\bcourt request.{0,32}\\bmy data\\b)/u,
    /(?:plângere legală|plangere legala|aplicarea legii|ordin judecătoresc|ordin judecatoresc|acces la date personale|cerere gdpr|(?:asistență|cerere) juridică.{0,48}datele mele)/u
  ])
});

const SENSITIVE_INTENT_ORDER = Object.freeze([
  \"account-erasure\",\"coercion\",\"self-harm\",\"threat\",\"minor\",\"legal-data\"
] as const satisfies readonly SupportSensitiveIntentFamily[]);

const INCIDENT_PATTERNS = Object.freeze([
  /\\bis (?:anything|something) broken\\b/u,
  /\\bsite (?:is )?down\\b/u,
  /\\bnot working\\b/u,
  /\\b(?:current )?known incidents?\\b/u,
  /\\bincidents? (?:right )?now\\b/u,
  /\\be stricat\\b/u,
  /\\bnu merge\\b/u,
  /\\be c[ăa]zut\\b/u,
  /\\bincident cunoscut\\b/u
] as const);

type InjectionGrammarNode =
  | Readonly<{ kind: \"word\"; alternatives: readonly string[] }>
  | Readonly<{ kind: \"literal\"; value: string }>
  | Readonly<{ kind: \"sequence\"; parts: readonly InjectionGrammarNode[] }>
  | Readonly<{ kind: \"choice\"; options: readonly InjectionGrammarNode[] }>
  | Readonly<{ kind: \"optional\"; node: InjectionGrammarNode }>
  | Readonly<{ kind: \"separator\" }>
  | Readonly<{ kind: \"gap\"; maximum: number }>
  | Readonly<{ kind: \"sentence-start\" }>
  | Readonly<{ kind: \"delimiter-gap\"; maximum: number }>;

const word = (...alternatives: readonly string[]): InjectionGrammarNode =>
  Object.freeze({ kind: \"word\", alternatives: Object.freeze(alternatives) });
const literal = (value: string): InjectionGrammarNode => Object.freeze({ kind: \"literal\", value });
const sequence = (...parts: readonly InjectionGrammarNode[]): InjectionGrammarNode =>
  Object.freeze({ kind: \"sequence\", parts: Object.freeze(parts) });
const choice = (...options: readonly InjectionGrammarNode[]): InjectionGrammarNode =>
  Object.freeze({ kind: \"choice\", options: Object.freeze(options) });
const optional = (node: InjectionGrammarNode): InjectionGrammarNode =>
  Object.freeze({ kind: \"optional\", node });
const separator = (): InjectionGrammarNode => Object.freeze({ kind: \"separator\" });
const gap = (maximum: number): InjectionGrammarNode => Object.freeze({ kind: \"gap\", maximum });
const sentenceStart = (): InjectionGrammarNode => Object.freeze({ kind: \"sentence-start\" });
const delimiterGap = (maximum: number): InjectionGrammarNode =>
  Object.freeze({ kind: \"delimiter-gap\", maximum });

const REQUEST_PREFIX = choice(
  sequence(word(\"please\"), separator()),
  sequence(word(\"can\", \"could\", \"would\", \"will\"), separator(), word(\"you\"), separator()),
  sequence()
);
const DEVELOPER_ACTION = choice(
  word(\"enter\", \"enable\", \"activate\", \"use\"),
  sequence(word(\"switch\"), separator(), word(\"to\"))
);
const FORWARD_ACTION = word(
  \"print\", \"show\", \"reveal\", \"dump\", \"expose\", \"send\", \"upload\", \"return\",
  \"afișează\", \"afiseaza\", \"dezvăluie\", \"dezvaluie\"
);
const FORWARD_TARGET = choice(
  sequence(word(\"system\"), separator(), word(\"prompt\")),
  sequence(word(\"hidden\"), separator(), word(\"prompt\", \"reasoning\", \"instruction\")),
  sequence(word(\"internal\"), separator(), word(\"instruction\")),
  word(\"environment\", \"environments\"),
  sequence(word(\"environment\"), separator(), word(\"variable\", \"variables\")),
  sequence(word(\"api\"), separator(), word(\"key\", \"keys\")),
  word(\"cookie\", \"cookies\", \"key\", \"keys\"),
  sequence(word(\"promptul\"), separator(), word(\"de\"), separator(), word(\"sistem\")),
  sequence(word(\"variabile\", \"variabilele\"), separator(), word(\"de\"), separator(), word(\"mediu\")),
  word(\"chei\", \"cheile\")
);
const REVERSE_TARGET = choice(
  sequence(word(\"system\"), separator(), word(\"prompt\")),
  sequence(word(\"hidden\"), separator(), word(\"prompt\")),
  sequence(word(\"environment\"), separator(), word(\"variable\", \"variables\")),
  sequence(word(\"api\"), separator(), word(\"key\", \"keys\"))
);
const MARKED_ROLE = choice(
  sequence(literal(\"<\"), optional(literal(\"/\")), word(\"system\", \"assistant\", \"developer\"), literal(\">\")),
  sequence(literal(\"[\"), word(\"system\", \"assistant\", \"developer\"), literal(\"]\")),
  sequence(literal(\"```\"), optional(separator()), word(\"system\", \"assistant\", \"developer\"))
);

// This grammar is the only injection vocabulary. Its compiler adds identical
// Unicode-control tolerance to every word and every explicit phrase boundary.
const INJECTION_GRAMMAR: readonly InjectionGrammarNode[] = Object.freeze([
  sequence(
    word(\"ignore\", \"disregard\", \"forget\", \"override\"),
    gap(64),
    optional(sequence(word(\"previous\", \"prior\", \"product\", \"system\", \"hidden\"), separator())),
    word(\"instruction\", \"instructions\", \"rule\", \"rules\", \"direction\", \"directions\")
  ),
  sequence(
    word(\"ignoră\", \"ignora\", \"uită\", \"uita\"),
    gap(64),
    word(\"instrucțiuni\", \"instrucțiunile\", \"reguli\", \"regulile\")
  ),
  sequence(
    sentenceStart(),
    choice(
      sequence(optional(sequence(word(\"please\"), separator())), word(\"act\"), separator(), word(\"as\")),
      sequence(
        optional(sequence(word(\"please\"), separator())),
        word(\"pretend\"),
        separator(),
        choice(sequence(word(\"to\"), separator(), word(\"be\")), sequence(word(\"you\"), separator(), word(\"are\")))
      ),
      sequence(
        optional(sequence(word(\"please\"), separator())),
        word(\"assume\"), separator(), word(\"the\"), separator(), word(\"role\")
      ),
      sequence(word(\"role\"), optional(separator()), literal(\":\"))
    ),
    gap(80),
    word(\"assistant\", \"system\", \"admin\", \"administrator\", \"developer\")
  ),
  sequence(
    sentenceStart(), REQUEST_PREFIX, DEVELOPER_ACTION, gap(32),
    choice(
      sequence(word(\"developer\"), separator(), word(\"mode\")),
      sequence(word(\"mod\"), separator(), word(\"dezvoltator\"))
    )
  ),
  sequence(sentenceStart(), REQUEST_PREFIX, FORWARD_ACTION, gap(96), FORWARD_TARGET),
  sequence(
    sentenceStart(), REVERSE_TARGET, gap(96),
    word(\"print\", \"show\", \"reveal\", \"dump\", \"send\", \"upload\", \"give\", \"return\")
  ),
  sequence(
    sentenceStart(), REQUEST_PREFIX,
    word(\"decode\", \"decompress\", \"execute\", \"obey\", \"rulează\", \"ruleaza\", \"decodifică\", \"decodifica\"),
    gap(48),
    word(\"base64\", \"hex\", \"encoded\", \"payload\")
  ),
  sequence(
    sentenceStart(), MARKED_ROLE, delimiterGap(16),
    word(\"ignore\", \"forget\", \"override\", \"reveal\", \"dump\", \"obey\", \"execute\", \"show\", \"print\")
  ),
  sequence(
    sentenceStart(), word(\"the\"), separator(), word(\"admin\", \"administrator\", \"owner\"), separator(),
    word(\"says\", \"said\", \"authorizes\", \"authorized\", \"instructs\"), gap(96),
    word(\"ignore\", \"forget\", \"override\", \"reveal\", \"dump\", \"obey\", \"execute\", \"show\", \"print\", \"upload\", \"must\")
  )
]);

const INJECTION_CONTROL_SENTINEL = \"\\u0000\";
const CONTROL_PATTERN = `${INJECTION_CONTROL_SENTINEL}?`;
const SEPARATOR_PATTERN = `[\\\\s${INJECTION_CONTROL_SENTINEL}]+`;
const SENTENCE_PADDING_PATTERN = `[\\\\s${INJECTION_CONTROL_SENTINEL}]*`;

function escapeRegex(value: string): string {
  return value.replace(/[.*+?^${}()|[\\]\\\\]/gu, \"\\\\$&\");
}

function compileWord(value: string): string {
  return [...value].map(escapeRegex).join(CONTROL_PATTERN);
}

function exhaustive(value: never): never {
  return value;
}

function compileInjectionGrammar(node: InjectionGrammarNode): string {
  switch (node.kind) {
    case \"word\":
      return `(?<![\\\\p{L}\\\\p{N}])(?:${node.alternatives.map(compileWord).join(\"|\")})(?![\\\\p{L}\\\\p{N}])`;
    case \"literal\":
      return [...node.value].map(escapeRegex).join(CONTROL_PATTERN);
    case \"sequence\":
      return node.parts.map(compileInjectionGrammar).join(CONTROL_PATTERN);
    case \"choice\":
      return `(?:${node.options.map(compileInjectionGrammar).join(\"|\")})`;
    case \"optional\":
      return `(?:${compileInjectionGrammar(node.node)})?`;
    case \"separator\":
      return SEPARATOR_PATTERN;
    case \"gap\":
      return `[\\\\s\\\\S]{0,${node.maximum}}`;
    case \"sentence-start\":
      return `(?:^${SENTENCE_PADDING_PATTERN}|[.!?]${SENTENCE_PADDING_PATTERN})`;
    case \"delimiter-gap\":
      return `[\\\\s${INJECTION_CONTROL_SENTINEL}:>\\\\-]{0,${node.maximum}}`;
    default:
      return exhaustive(node);
  }
}

const INJECTION_PATTERNS: readonly RegExp[] = Object.freeze(
  INJECTION_GRAMMAR.map((rule) => new RegExp(compileInjectionGrammar(rule), \"u\"))
);

const SUPPORT_MESSAGE_CODE_POINT_LIMIT = 2_000;

const ROMANIAN_WORDS = new Set([
  \"acest\", \"această\", \"afisat\", \"afișat\", \"ale\", \"arată\", \"buget\", \"când\", \"ce\",
  \"cineva\", \"cont\", \"cum\", \"dezbatere\", \"dezbaterii\", \"dezbaterile\", \"disponibile\",
  \"este\", \"funcționează\", \"ghidul\", \"îmi\", \"început\", \"întâmplă\", \"nivelurile\", \"opțiuni\",
  \"persoană\", \"pot\", \"proprietarul\", \"publicarea\", \"răspunsul\", \"retrag\", \"să\",
  \"scriu\", \"sunt\", \"sursa\", \"telefon\", \"unde\", \"vizitatorii\", \"stricat\", \"merge\", \"nu\"
]);

function boundedUnicodeSlice(message: string): string {
  let bounded = \"\";
  let count = 0;
  for (const codePoint of message) {
    if (count === SUPPORT_MESSAGE_CODE_POINT_LIMIT) break;
    bounded += codePoint;
    count += 1;
  }
  return bounded;
}

function normalized(message: string, controlReplacement: \"\" | \" \"): string {
  return message
    .replace(/[\\p{Cc}\\p{Cf}]/gu, controlReplacement)
    .replace(/\\s+/gu, \" \")
    .trim();
}

type PreparedMessage = Readonly<{
  injectionText: string;
  ordinaryViews: readonly string[];
}>;

function prepareMessage(message: string): PreparedMessage {
  const canonicalText = boundedUnicodeSlice(message).normalize(\"NFKC\").toLocaleLowerCase(\"en-US\");
  const injectionText = canonicalText.replace(
    /[\\p{Cc}\\p{Cf}]+/gu,
    INJECTION_CONTROL_SENTINEL
  );
  const deleted = normalized(injectionText, \"\");
  const separated = normalized(injectionText, \" \");
  return Object.freeze({
    injectionText,
    ordinaryViews: Object.freeze(Array.from(new Set([deleted, separated])))
  });
}

function sensitiveIntentFamilyFromViews(
  views: readonly string[]
): SupportSensitiveIntentFamily | null {
  return SENSITIVE_INTENT_ORDER.find((family) =>
    SENSITIVE_INTENT_PATTERNS[family].some((pattern) =>
      views.some((text) => pattern.test(text)))) ?? null;
}

/** Shared bounded intent source for classifier and escalation side effects. */
export function supportSensitiveIntentFamily(message: string): SupportSensitiveIntentFamily | null {
  return sensitiveIntentFamilyFromViews(prepareMessage(message).ordinaryViews);
}

function detectPreparedLanguage(prepared: PreparedMessage): SupportLanguage {
  if (prepared.ordinaryViews.some((text) => /[ăâîșşțţ]/u.test(text))) return \"ro\";
  const tokens = prepared.ordinaryViews.flatMap((text) => text.match(/[\\p{L}]+/gu) ?? []);
  return tokens.some((token) => ROMANIAN_WORDS.has(token)) ? \"ro\" : \"en\";
}

export function detectSupportLanguage(message: string): SupportLanguage {
  return detectPreparedLanguage(prepareMessage(message));
}

export function classifySupportMessage(message: string): SupportClassification {
  const prepared = prepareMessage(message);
  const views = prepared.ordinaryViews;
  const language = detectPreparedLanguage(prepared);
  const securityNavigation = classifySecurityNavigationViews(views);
  if (securityNavigation !== null) {
    return Object.freeze({
      outcome: \"REFUSE_ZONE\",
      language: securityNavigation.language,
      link: null,
      securityNavigation: securityNavigation.kind
    });
  }
  const zone = ZONE_RULES.find((rule) => views.some((text) => rule.pattern.test(text)));
  if (zone !== undefined) {
    return Object.freeze({ outcome: \"REFUSE_ZONE\", language, link: zone.link });
  }
  const sensitiveFamily = sensitiveIntentFamilyFromViews(views);
  if (sensitiveFamily !== null && sensitiveFamily !== \"account-erasure\") {
    return Object.freeze({ outcome: \"REFUSE_SAFETY\",language,link: null });
  }
  if (INJECTION_PATTERNS.some((pattern) => pattern.test(prepared.injectionText))) {
    return Object.freeze({ outcome: \"REFUSE_INJECTION\", language, link: null });
  }
  if (INCIDENT_PATTERNS.some((pattern) => views.some((view) => pattern.test(view)))) {
    return Object.freeze({ outcome: \"INCIDENT\", language, link: null });
  }
  return Object.freeze({ outcome: null, language, link: null });
}

export function supportIntentSurface(message: string):
  \"debates\" | \"publishing\" | \"sign-in\" | \"whole-site\" | null {
  const views = prepareMessage(message).ordinaryViews;
  if (views.some((view) => /\\b(?:publish|publishing|unpublish)\\b|\\bpublic(?:a|are)\\b/u.test(view))) {
    return \"publishing\";
  }
  if (views.some((view) => /\\b(?:sign[ -]?in|log[ -]?in|login|autentific)\\w*\\b/u.test(view))) {
    return \"sign-in\";
  }
  if (views.some((view) => /\\b(?:debate|debates|dezbatere|dezbateri|dezbaterile)\\b/u.test(view))) {
    return \"debates\";
  }
  if (views.some((view) => /\\b(?:site|whole site|everything|tot site-ul)\\b/u.test(view))) {
    return \"whole-site\";
  }
  return null;
}

import { TypedDomainError } from \"@debateai/kernel\";

export type SupportDegradedReason = \"relay\" | \"cap\";
export type SupportDegradedSnapshot =
  | Readonly<{ degraded: false }>
  | Readonly<{ degraded: true;since: Date;reason: SupportDegradedReason }>;

export interface SupportDegradedPort {
  markUnavailable(at: Date,reason?: SupportDegradedReason): void;
  markAvailable(): void;
  beginModelAttempt(at: Date): boolean;
  endModelAttempt(): void;
  isDegraded(): SupportDegradedSnapshot;
}

export class SupportDegradedError extends TypedDomainError {
  constructor() {
    super(\"SUPPORT_DEGRADED_TIME_INVALID\",\"Support degraded time is invalid\");
    this.name = \"SupportDegradedError\";
  }
}

export class SupportDegradedState implements SupportDegradedPort {
  #state: SupportDegradedSnapshot = Object.freeze({ degraded: false });
  #probeAfterMs = 0;
  #probeInFlight = false;

  markUnavailable(at: Date,reason: SupportDegradedReason = \"relay\"): void {
    if (!Number.isFinite(at.getTime())) throw new SupportDegradedError();
    if (!this.#state.degraded) {
      this.#state = Object.freeze({
        degraded: true,since: new Date(at.getTime()),reason
      });
    }
    this.#probeInFlight = false;
    this.#probeAfterMs = at.getTime() + 1_000;
  }

  markAvailable(): void {
    this.#probeInFlight = false;
    this.#probeAfterMs = 0;
    this.#state = Object.freeze({ degraded: false });
  }

  beginModelAttempt(at: Date): boolean {
    const atMs = at.getTime();
    if (!Number.isFinite(atMs)) throw new SupportDegradedError();
    if (!this.#state.degraded) return true;
    if (this.#probeInFlight || atMs < this.#probeAfterMs) return false;
    this.#probeInFlight = true;
    return true;
  }

  endModelAttempt(): void {
    this.#probeInFlight = false;
  }

  isDegraded(): SupportDegradedSnapshot {
    return this.#state.degraded ? Object.freeze({
      ...this.#state,since: new Date(this.#state.since.getTime())
    }) : this.#state;
  }
}

import { TOOL_REGISTRY } from \"./tools.js\";
import type { SupportCasePredicate, SupportCaseToolCall } from \"./cases.js\";
import type { SupportLanguage } from \"./templates.js\";
import { supportSensitiveIntentFamily } from \"./classify.js\";

const HUMAN_PHRASES = Object.freeze([
  \"speak to a person\",
  \"talk to a human\",
  \"human support\",
  \"vorbesc cu o persoană\",
  \"vorbesc cu o persoana\",
  \"suport uman\"
]);

export type EscalationContext = Readonly<{
  message: string;
  classification: string | null;
  outcomes: readonly string[];
  previousOutcomes?: readonly string[];
  ratings: readonly (\"yes\" | \"no\" | \"human\")[];
  toolCalls: readonly SupportCaseToolCall[];
  requestedHuman: boolean;
}>;

function includesPhrase(message: string,phrases: readonly string[]): boolean {
  const normalized = message.normalize(\"NFKC\").toLocaleLowerCase(\"en-US\");
  return phrases.some((phrase) => normalized.includes(phrase));
}

export function evaluateEscalation(
  context: EscalationContext
): Readonly<{ predicate: SupportCasePredicate }> | null {
  const sensitiveFamily = supportSensitiveIntentFamily(context.message);
  if (sensitiveFamily === \"account-erasure\"
    || sensitiveFamily === \"minor\" || sensitiveFamily === \"legal-data\") {
    return Object.freeze({ predicate: \"E8\" });
  }
  if (context.classification === \"REFUSE_SAFETY\") return Object.freeze({ predicate: \"E2\" });
  if (context.classification === \"REFUSE_ZONE\"
    && context.outcomes.filter((outcome) => outcome === \"REFUSE_ZONE\").length >= 1) {
    return Object.freeze({ predicate: \"E3\" });
  }
  if (context.requestedHuman
    || context.ratings.at(-1) === \"human\"
    || includesPhrase(context.message,HUMAN_PHRASES)) {
    return Object.freeze({ predicate: \"E1\" });
  }
  if (context.toolCalls.some((call) => !(call.name in TOOL_REGISTRY)
    || call.outcome === \"DENIED\" || call.outcome === \"BOUNDARY_DENY\")) {
    return Object.freeze({ predicate: \"E4\" });
  }
  if (context.ratings.length >= 2
    && context.ratings.at(-1) === \"no\"
    && context.ratings.at(-2) === \"no\") {
    return Object.freeze({ predicate: \"E5\" });
  }
  if (context.outcomes.filter((outcome) => outcome === \"NO_SOURCE\").length >= 2) {
    return Object.freeze({ predicate: \"E6\" });
  }
  if ((context.previousOutcomes ?? context.outcomes).at(-1) === \"DEGRADED\"
    && context.message.trim() !== \"\") {
    return Object.freeze({ predicate: \"E7\" });
  }
  return null;
}

export type CaseTransferProjection = Readonly<{
  transcript: readonly Readonly<{ role: string;text: string }>[];
  predicate: SupportCasePredicate;
  tool_calls: readonly SupportCaseToolCall[];
  language: SupportLanguage;
  kb_version: string;
  summary: string | null;
  identity_owner_ref: string | null;
}>;

export function projectCaseTransfer(input: Readonly<{
  transcript: readonly Readonly<{ role: string;text: string }>[];
  predicate: SupportCasePredicate;
  toolCalls: readonly SupportCaseToolCall[];
  language: SupportLanguage;
  kbVersion: string;
  summary: string | null;
  identityOwnerRef: string | null;
  email?: unknown;
  debateContent?: unknown;
}>): CaseTransferProjection {
  return Object.freeze({
    transcript: input.transcript,
    predicate: input.predicate,
    tool_calls: input.toolCalls,
    language: input.language,
    kb_version: input.kbVersion,
    summary: input.summary,
    identity_owner_ref: input.identityOwnerRef
  });
}

import { TypedDomainError } from \"@debateai/kernel\";
import { supportTemplate,type SupportLanguage } from \"./templates.js\";

export type SupportIncidentSeverity = \"minor\" | \"major\";
export type SupportIncidentSurface = \"debates\" | \"publishing\" | \"sign-in\" | \"whole-site\";

export type SupportIncidentRecord = Readonly<{
  incidentId: string;
  startedAt: Date;
  endedAt: Date | null;
  severity: SupportIncidentSeverity;
  affectedSurface: SupportIncidentSurface;
  summaryEn: string;
  summaryRo: string;
  publishedBy: \"V\";
  publishedAt: Date;
  sourceRef: string | null;
}>;

export interface SupportIncidentRepositoryPort {
  readActiveIncidents(): Promise<readonly SupportIncidentRecord[]>;
  publish(input: SupportIncidentRecord): Promise<SupportIncidentRecord>;
  resolve(incidentId: string,endedAt: Date): Promise<\"RESOLVED\" | \"ALREADY_RESOLVED\" | \"NOT_FOUND\">;
}

export interface SupportIncidentQueryPort {
  query<Row extends Record<string,unknown> = Record<string,unknown>>(
    sql: string,parameters?: readonly unknown[]
  ): Promise<Readonly<{ rows: Row[];rowCount?: number | null }>>;
}

export class SupportIncidentError extends TypedDomainError {
  constructor(code: string) {
    super(code,code);
    this.name = \"SupportIncidentError\";
  }
}

export function validateSupportIncidentText(value: string,code: string): string {
  if (value.length < 1 || value.length > 2_000 || value.trim() !== value
    || /\\p{Cc}/u.test(value)) {
    throw new SupportIncidentError(code);
  }
  return value;
}

function row(record: Readonly<Record<string,unknown>>): SupportIncidentRecord {
  if (!(record.started_at instanceof Date) || !(record.published_at instanceof Date)
    || (record.ended_at !== null && !(record.ended_at instanceof Date))
    || (record.severity !== \"minor\" && record.severity !== \"major\")
    || ![\"debates\",\"publishing\",\"sign-in\",\"whole-site\"].includes(String(record.affected_surface))
    || record.published_by !== \"V\") throw new SupportIncidentError(\"SUPPORT_INCIDENT_DATA_INVALID\");
  return Object.freeze({
    incidentId: String(record.incident_id),startedAt: record.started_at,
    endedAt: record.ended_at as Date | null,severity: record.severity,
    affectedSurface: record.affected_surface as SupportIncidentSurface,
    summaryEn: String(record.summary_en),summaryRo: String(record.summary_ro),
    publishedBy: \"V\",publishedAt: record.published_at,
    sourceRef: record.source_ref === null ? null : String(record.source_ref)
  });
}

export class PostgresSupportIncidentRepository implements SupportIncidentRepositoryPort {
  constructor(private readonly pool: SupportIncidentQueryPort) {}

  async readActiveIncidents(): Promise<readonly SupportIncidentRecord[]> {
    const result = await this.pool.query(`
      SELECT incident_id,started_at,ended_at,severity,affected_surface,
        summary_en,summary_ro,published_by,published_at,source_ref
      FROM support.public_incident WHERE ended_at IS NULL
      ORDER BY CASE severity WHEN 'major' THEN 0 ELSE 1 END,started_at,incident_id
    `);
    return Object.freeze(result.rows.map(row));
  }

  async publish(input: SupportIncidentRecord): Promise<SupportIncidentRecord> {
    const result = await this.pool.query(`
      INSERT INTO support.public_incident(
        incident_id,started_at,ended_at,severity,affected_surface,
        summary_en,summary_ro,published_by,published_at,source_ref
      ) VALUES($1,$2,NULL,$3,$4,$5,$6,'V',$7,$8)
      RETURNING incident_id,started_at,ended_at,severity,affected_surface,
        summary_en,summary_ro,published_by,published_at,source_ref
    `,[input.incidentId,input.startedAt,input.severity,input.affectedSurface,
      input.summaryEn,input.summaryRo,input.publishedAt,input.sourceRef]);
    const inserted = result.rows[0];
    if (inserted === undefined) throw new SupportIncidentError(\"SUPPORT_INCIDENT_PUBLISH_FAILED\");
    return row(inserted);
  }

  async resolve(incidentId: string,endedAt: Date): Promise<\"RESOLVED\" | \"ALREADY_RESOLVED\" | \"NOT_FOUND\"> {
    const result = await this.pool.query<{
      status: \"RESOLVED\" | \"ALREADY_RESOLVED\" | \"NOT_FOUND\";
    }>(`
      WITH target AS (
        SELECT incident_id,ended_at FROM support.public_incident
        WHERE incident_id=$1 FOR UPDATE
      ),resolved AS (
        UPDATE support.public_incident AS incident SET ended_at=$2
        FROM target WHERE incident.incident_id=target.incident_id
          AND target.ended_at IS NULL RETURNING incident.incident_id
      )
      SELECT CASE
        WHEN NOT EXISTS(SELECT 1 FROM target) THEN 'NOT_FOUND'
        WHEN EXISTS(SELECT 1 FROM resolved) THEN 'RESOLVED'
        ELSE 'ALREADY_RESOLVED'
      END AS status
    `,[incidentId,endedAt]);
    const resolved = result.rows[0]?.status;
    if (resolved === undefined) throw new SupportIncidentError(\"SUPPORT_INCIDENT_DATA_INVALID\");
    return resolved;
  }
}

export function createSupportIncidentService(
  repository: SupportIncidentRepositoryPort,
  clock: () => Date = () => new Date()
) {
  return Object.freeze({
    readActiveIncidents: () => repository.readActiveIncidents(),
    publish: async (input: Readonly<{
      incidentId: string;startedAt: Date;severity: SupportIncidentSeverity;
      affectedSurface: SupportIncidentSurface;summaryEn: string;summaryRo: string;
      sourceRef: string | null;
    }>) => {
      if (input.severity !== \"minor\" && input.severity !== \"major\") {
        throw new SupportIncidentError(\"SUPPORT_INCIDENT_SEVERITY_INVALID\");
      }
      if (![\"debates\",\"publishing\",\"sign-in\",\"whole-site\"].includes(input.affectedSurface)) {
        throw new SupportIncidentError(\"SUPPORT_INCIDENT_SURFACE_INVALID\");
      }
      const record: SupportIncidentRecord = Object.freeze({
        incidentId: validateSupportIncidentText(input.incidentId,\"SUPPORT_INCIDENT_ID_INVALID\"),
        startedAt: input.startedAt,endedAt: null,severity: input.severity,
        affectedSurface: input.affectedSurface,
        summaryEn: validateSupportIncidentText(input.summaryEn,\"SUPPORT_INCIDENT_SUMMARY_INVALID\"),
        summaryRo: validateSupportIncidentText(input.summaryRo,\"SUPPORT_INCIDENT_SUMMARY_INVALID\"),
        publishedBy: \"V\",publishedAt: clock(),
        sourceRef: input.sourceRef === null ? null
          : validateSupportIncidentText(input.sourceRef,\"SUPPORT_INCIDENT_SOURCE_REF_INVALID\")
      });
      return repository.publish(record);
    },
    resolve: async (incidentId: string) => {
      const result = await repository.resolve(
        validateSupportIncidentText(incidentId,\"SUPPORT_INCIDENT_ID_INVALID\"),clock()
      );
      if (result === \"NOT_FOUND\") throw new SupportIncidentError(\"SUPPORT_INCIDENT_NOT_FOUND\");
      return result === \"ALREADY_RESOLVED\" ? \"already resolved\\n\" : \"resolved\\n\";
    }
  });
}

export function formatIncidentAnswer(
  incidents: readonly SupportIncidentRecord[],language: SupportLanguage,
  _model?: () => unknown
): Readonly<{ outcome: \"ANSWER_INCIDENT\" | \"NO_INCIDENT\";text: string }> {
  const active = incidents.find((incident) => incident.endedAt === null);
  if (active === undefined) {
    return Object.freeze({ outcome: \"NO_INCIDENT\",text: supportTemplate(\"NO_INCIDENT\",language) });
  }
  return Object.freeze({
    outcome: \"ANSWER_INCIDENT\",
    text: supportTemplate(\"INCIDENT_ACTIVE\",language)
      .replace(\"{started_at}\",active.startedAt.toISOString())
      .replace(language === \"ro\" ? \"{summary_ro}\" : \"{summary_en}\",
        language === \"ro\" ? active.summaryRo : active.summaryEn)
  });
}

function touches(affected: SupportIncidentSurface,intent: SupportIncidentSurface): boolean {
  return affected === \"whole-site\" || affected === intent
    || (affected === \"debates\" && intent === \"publishing\");
}

export function applyIncidentNotice(
  reply: string,intentSurface: SupportIncidentSurface | null,
  incidents: readonly SupportIncidentRecord[],language: SupportLanguage
): string {
  if (intentSurface === null) return reply;
  const active = incidents.find((incident) => incident.endedAt === null
    && touches(incident.affectedSurface,intentSurface));
  if (active === undefined) return reply;
  const notice = supportTemplate(\"INCIDENT_NOTICE\",language)
    .replace(\"{surface}\",active.affectedSurface)
    .replace(\"{started_at}\",active.startedAt.toISOString());
  return `${notice}\\n\\n${reply}`;
}

import { createHash, randomUUID } from \"node:crypto\";
import type { FastifyInstance, FastifyReply, FastifyRequest } from \"fastify\";
import type { SupportConfigurationPort, SupportConfigurationState } from \"@debateai/register\";
import type { LoadedHelpCorpus } from \"@debateai/support-kb\";
import { resolveSupportActions } from \"@debateai/support-kb/navigation\";
import { normalizeClientIp } from \"../client-ip.js\";
import { SupportC3AdmissionWindow } from \"./c3-admission.js\";
import type { SupportAnswerPort } from \"./answer.js\";
import { classifySupportMessage,supportIntentSurface } from \"./classify.js\";
import { evaluateEscalation } from \"./escalation.js\";
import {
  formatOwnRunStateAnswer,isOwnContextListQuestion,isOwnContextQuestion,NIL_RUN_ID,
  type SupportOwnContextPort
} from \"./own-context.js\";
import { SupportCaseError,type SupportCaseAccessPort } from \"./cases.js\";
import {
  applyIncidentNotice,formatIncidentAnswer,type SupportIncidentRepositoryPort
} from \"./incidents.js\";
import {
  createSupportSessionCapability,
  hashSupportCapability,
  type SupportCasePort,
  type SupportMessageCipherPort,
  type SupportSessionPort,
  type SupportSessionRecord
} from \"./session.js\";
import { SHREDDED_NOTICE,supportTemplate,type SupportLanguage } from \"./templates.js\";
import { forgotPasswordGuidance } from \"./security-guidance.js\";

export const SUPPORT_ROUTE_PATHS = Object.freeze([
  \"POST /v1/support/sessions\",
  \"GET /v1/support/sessions/{id}\",
  \"POST /v1/support/sessions/{id}/consent\",
  \"POST /v1/support/sessions/{id}/messages\",
  \"POST /v1/support/messages/{id}/rating\",
  \"POST /v1/support/sessions/{id}/escalate\",
  \"GET /v1/support/cases\",
  \"GET /v1/support/cases/{token}\",
  \"POST /v1/support/cases/{token}/messages\",
  \"GET /v1/support/status\"
] as const);

export type SupportRoutePath = typeof SUPPORT_ROUTE_PATHS[number];

export interface SupportKnowledgeStatusPort {
  status(): Promise<Readonly<{ kbVersion: string; shipped: number; ignored: number }>>;
  snapshot?(version: string): LoadedHelpCorpus | undefined;
}

export type SupportDiagnostic = \"SUPPORT_RATE_LIMIT_EVIDENCE_WRITE_FAILED\";

export interface SupportApplication {
  readonly configuration: Pick<SupportConfigurationPort, \"current\">;
  readonly sessions: SupportSessionPort;
  readonly messages: SupportMessageCipherPort;
  readonly answer?: SupportAnswerPort;
  readonly cases?: SupportCasePort;
  readonly caseAccess?: SupportCaseAccessPort;
  readonly ownContext?: SupportOwnContextPort;
  readonly incidents?: Pick<SupportIncidentRepositoryPort,\"readActiveIncidents\">;
  readonly knowledge: SupportKnowledgeStatusPort;
  readonly clock?: () => Date;
  readonly reportDiagnostic?: (diagnostic: SupportDiagnostic) => void;
}

export type SupportRoutePolicy = (route: SupportRoutePath) => Readonly<{
  config: Readonly<{
    auth: \"public\" | \"user\" | \"operator\";
    origin?: \"trusted\";
    session?: \"optional\";
  }>;
}>;

function languageFrom(value: unknown): SupportLanguage | null {
  return value === \"en\" || value === \"ro\" ? value : null;
}

function capabilityFrom(request: FastifyRequest): string | null {
  const raw = request.headers[\"x-support-session-token\"];
  return typeof raw === \"string\" ? hashSupportCapability(raw) : null;
}

function publicSession(record: SupportSessionRecord): Readonly<Record<string, unknown>> {
  return Object.freeze({
    session_id: record.sessionId,
    identity_bound: record.identityOwnerRef !== null,
    language: record.language,
    state: record.state,
    kb_version: record.kbVersion,
    created_at: record.createdAt.toISOString(),
    consent_own_context_at: record.consentOwnContextAt?.toISOString() ?? null
  });
}

function sessionOwnerMatches(request: FastifyRequest,record: SupportSessionRecord): boolean {
  return record.identityOwnerRef === (request.authenticatedSession?.ownerRef ?? null);
}

function unavailable(reply: FastifyReply) {
  return reply.status(503).send({ error: \"SUPPORT_NOT_COMPOSED\" });
}

function sha256(value: string): string {
  return createHash(\"sha256\").update(value, \"utf8\").digest(\"hex\");
}

function clientIp(request: FastifyRequest): string {
  return normalizeClientIp(request.ip)
    ?? normalizeClientIp(request.raw.socket.remoteAddress)
    ?? \"unknown\";
}

function rateLimited(reply: FastifyReply, language: SupportLanguage) {
  return reply.status(429).send({
    outcome: \"RATE_LIMITED\",
    text: supportTemplate(\"RATE_LIMITED\", language)
  });
}

function shredded(reply: FastifyReply,language: SupportLanguage) {
  return reply.send({
    kind: \"SHREDDED\",outcome: \"SHREDDED\",text: SHREDDED_NOTICE[language]
  });
}

async function recordRateLimitEvidence(
  application: SupportApplication,
  input: Parameters<SupportSessionPort[\"recordRateLimit\"]>[0]
): Promise<void> {
  try {
    await application.sessions.recordRateLimit(input);
  } catch {
    const diagnostic: SupportDiagnostic = \"SUPPORT_RATE_LIMIT_EVIDENCE_WRITE_FAILED\";
    try {
      (application.reportDiagnostic ?? console.error)(diagnostic);
    } catch {
      console.error(diagnostic);
    }
  }
}

function disabledCode(state: SupportConfigurationState): string | null {
  if (state.kind === \"DISABLED\") return state.code;
  return state.snapshot.values.supportEnabled ? null : \"SUPPORT_DISABLED\";
}

async function openEscalatedCase(
  application: SupportApplication,
  session: SupportSessionRecord,
  language: SupportLanguage,
  predicate: Parameters<NonNullable<SupportApplication[\"cases\"]>[\"open\"]>[0][\"triggerPredicate\"],
  createdAt: Date,
  triggerGeneration = `predicate:${predicate ?? \"E1\"}`
): Promise<
  | Readonly<{ kind: \"OPENED\";record: Awaited<ReturnType<NonNullable<SupportApplication[\"cases\"]>[\"open\"]>>[\"record\"];token: string }>
  | Readonly<{ kind: \"ALREADY_OPENED\";record: Awaited<ReturnType<NonNullable<SupportApplication[\"cases\"]>[\"open\"]>>[\"record\"] }>
  | null
> {
  if (application.cases === undefined || predicate === undefined) return Promise.resolve(null);
  const toolCalls = await application.ownContext?.listCalls?.(session.sessionId) ?? [];
  const request = {
    sessionId: session.sessionId,
    language,
    createdAt,
    identityOwnerRef: session.identityOwnerRef,
    triggerPredicate: predicate,
    toolCalls,
    kbVersion: session.kbVersion,
    slaHours: 48
  } as const;
  if (application.cases.openOnce !== undefined) {
    return application.cases.openOnce({ ...request,triggerGeneration });
  }
  return Object.freeze({ kind: \"OPENED\" as const,...await application.cases.open(request) });
}

function openedCaseReceipt(
  opened: Awaited<ReturnType<typeof openEscalatedCase>>,
  language: SupportLanguage
) {
  if (opened?.kind !== \"OPENED\") return Object.freeze({});
  const link = `/help?case=${opened.token}`;
  const acknowledgement = supportTemplate(\"CASE_OPENED\",language)
    .replace(\"{token}\",opened.token)
    .replace(\"{sla}\",String(opened.record.slaHours))
    .replace(\"{link}\",link);
  return Object.freeze({
    case_token: opened.token,sla_hours: opened.record.slaHours,link,
    case_acknowledgement: acknowledgement
  });
}

export function installSupportRoutes(
  api: FastifyInstance,
  application: SupportApplication | undefined,
  policy: SupportRoutePolicy
): void {
  const admission = new SupportC3AdmissionWindow();

  api.post(\"/v1/support/sessions\", policy(\"POST /v1/support/sessions\"), async (request, reply) => {
    if (application === undefined) return unavailable(reply);
    const body = typeof request.body === \"object\" && request.body !== null
      ? request.body as Readonly<Record<string, unknown>> : {};
    const language = languageFrom(body.language ?? \"en\");
    if (language === null) return reply.status(400).send({ error: \"SUPPORT_LANGUAGE_INVALID\" });
    const state = await application.configuration.current();
    if (state.kind === \"DISABLED\") return reply.status(503).send({ error: state.code });
    if (!state.snapshot.values.supportEnabled) {
      return reply.send({
        outcome: \"DISABLED\",
        code: \"SUPPORT_DISABLED\",
        text: supportTemplate(\"DISABLED\", language)
      });
    }
    const now = (application.clock ?? (() => new Date()))();
    const timeDecision = admission.observeTime(now.getTime());
    if (!timeDecision.admitted) return rateLimited(reply, language);
    if (request.authenticatedSession === undefined) {
      const ipSha256 = sha256(clientIp(request));
      if (application.sessions.admitIpSession !== undefined
        && await application.sessions.admitIpSession({
          ipSha256,at: now,
          cooldownMinutes: state.snapshot.values.supportIpCooldownMinutes,
          sessionLimit: state.snapshot.values.supportLimitAnonSessions1h
        }) !== \"ADMITTED\") {
        return rateLimited(reply,language);
      }
    }
    const knowledge = await application.knowledge.status();
    if (!/^[0-9a-f]{64}$/u.test(knowledge.kbVersion)) {
      return reply.status(503).send({ error: \"SUPPORT_KB_UNAVAILABLE\" });
    }
    const capability = createSupportSessionCapability();
    const created = await application.sessions.create({
      sessionId: capability.sessionId,
      tokenSha256: capability.tokenSha256,
      identityOwnerRef: request.authenticatedSession?.ownerRef ?? null,
      language,
      kbVersion: knowledge.kbVersion,
      createdAt: now
    });
    return reply.status(201).send({
      session: publicSession(created),
      session_token: capability.token,
      first_message: {
        role: \"assistant\",
        text: supportTemplate(\"DISCLOSURE\", language)
      }
    });
  });

  api.get<{ Params: { id: string } }>(
    \"/v1/support/sessions/:id\",
    policy(\"GET /v1/support/sessions/{id}\"),
    async (request, reply) => {
      if (application === undefined) return unavailable(reply);
      const tokenSha256 = capabilityFrom(request);
      if (tokenSha256 === null) return reply.status(404).send({ error: \"NOT_FOUND\" });
      const state = await application.configuration.current();
      if (state.kind === \"DISABLED\") return reply.status(503).send({ error: state.code });
      const found = await application.sessions.read({
        sessionId: request.params.id,
        tokenSha256,
        lockAfterInjections: state.snapshot.values.supportLockAfterInjections
      });
      if (found === null || !sessionOwnerMatches(request,found)) {
        return reply.status(404).send({ error: \"NOT_FOUND\" });
      }
      if (found.shreddedAt !== undefined && found.shreddedAt !== null) {
        return reply.send({ kind: \"SHREDDED\",text: SHREDDED_NOTICE[found.language] });
      }
      return reply.send({ kind: \"READABLE\",session: publicSession(found) });
    }
  );

  api.post<{ Params: { id: string } }>(
    \"/v1/support/sessions/:id/consent\",
    policy(\"POST /v1/support/sessions/{id}/consent\"),
    async (request,reply) => {
      if (application === undefined || application.sessions.setConsent === undefined) {
        return unavailable(reply);
      }
      const tokenSha256 = capabilityFrom(request);
      const body = typeof request.body === \"object\" && request.body !== null
        ? request.body as Readonly<Record<string,unknown>> : {};
      if (tokenSha256 === null || typeof body.on !== \"boolean\") {
        return reply.status(400).send({ error: \"SUPPORT_CONSENT_INVALID\" });
      }
      const found = await application.sessions.read({
        sessionId: request.params.id,tokenSha256
      });
      if (found === null || !sessionOwnerMatches(request,found)) {
        return reply.status(404).send({ error: \"NOT_FOUND\" });
      }
      if (found.shreddedAt !== undefined && found.shreddedAt !== null) {
        return shredded(reply,found.language);
      }
      if (request.authenticatedSession === undefined) {
        return reply.status(401).send({ error: \"AUTHENTICATION_REQUIRED\" });
      }
      const updated = await application.sessions.setConsent({
        sessionId: request.params.id,
        tokenSha256,
        identityOwnerRef: request.authenticatedSession.ownerRef,
        on: body.on,
        at: (application.clock ?? (() => new Date()))()
      });
      return updated === null
        ? reply.status(404).send({ error: \"NOT_FOUND\" })
        : reply.send({ session: publicSession(updated) });
    }
  );

  api.post<{ Params: { id: string } }>(
    \"/v1/support/sessions/:id/messages\",
    policy(\"POST /v1/support/sessions/{id}/messages\"),
    async (request, reply) => {
      if (application === undefined) return unavailable(reply);
      const tokenSha256 = capabilityFrom(request);
      if (tokenSha256 === null) return reply.status(404).send({ error: \"NOT_FOUND\" });
      const found = await application.sessions.read({ sessionId: request.params.id, tokenSha256 });
      if (found === null || !sessionOwnerMatches(request,found)) {
        return reply.status(404).send({ error: \"NOT_FOUND\" });
      }
      if (found.shreddedAt !== undefined && found.shreddedAt !== null) {
        return shredded(reply,found.language);
      }
      const state = await application.configuration.current();
      const code = disabledCode(state);
      if (code !== null) {
        return reply.send({
          outcome: \"DISABLED\",
          code,
          text: supportTemplate(\"DISABLED\", found.language)
        });
      }
      if (state.kind !== \"AVAILABLE\") {
        return reply.send({
          outcome: \"DISABLED\",
          code: state.code,
          text: supportTemplate(\"DISABLED\", found.language)
        });
      }
      const body = typeof request.body === \"object\" && request.body !== null
        ? request.body as Readonly<Record<string, unknown>> : {};
      if (typeof body.text !== \"string\") {
        return reply.status(400).send({ error: \"SUPPORT_MESSAGE_INVALID\" });
      }
      const now = (application.clock ?? (() => new Date()))();
      const timeDecision = admission.observeTime(now.getTime());
      if (!timeDecision.admitted) return rateLimited(reply,found.language);
      const ipSha256 = sha256(clientIp(request));
      const messageSha256 = sha256(body.text);
      const classification = classifySupportMessage(body.text);
      const overrideLanguage = body.language === undefined ? null : languageFrom(body.language);
      if (body.language !== undefined && overrideLanguage === null) {
        return reply.status(400).send({ error: \"SUPPORT_LANGUAGE_INVALID\" });
      }
      const responseLanguage = overrideLanguage ?? classification.language;
      const knowledgeSnapshot = application.answer === undefined
        ? undefined : application.knowledge.snapshot?.(found.kbVersion);
      if (application.answer !== undefined && knowledgeSnapshot === undefined) {
        return reply.status(409).send({
          error: \"SUPPORT_KB_SNAPSHOT_UNAVAILABLE\",
          restart_session: true
        });
      }
      if (now.getTime() < found.createdAt.getTime()
        || now.getTime() - found.createdAt.getTime() > 24 * 60 * 60 * 1_000
        || [...body.text].length > state.snapshot.values.supportLimitMessageCharacters) {
        await recordRateLimitEvidence(application,{
          sessionId: found.sessionId,messageSha256,ipSha256,at: now
        });
        return rateLimited(reply,responseLanguage);
      }
      const persistentAdmission = await application.sessions.admitMessage({
        sessionId: found.sessionId,
        tokenSha256,
        injection: classification.outcome === \"REFUSE_INJECTION\",
        messageSha256,
        ipSha256,
        at: now,
        lockAfterInjections: state.snapshot.values.supportLockAfterInjections,
        identityOwnerRef: found.identityOwnerRef,
        characterCount: [...body.text].length,
        limits: state.snapshot.values
      });
      if (persistentAdmission === \"NOT_FOUND\") {
        return reply.status(404).send({ error: \"NOT_FOUND\" });
      }
      if (persistentAdmission === \"SHREDDED\") {
        return shredded(reply,found.language);
      }
      if (persistentAdmission === \"LOCKED\" || persistentAdmission === \"RATE_LIMITED\") {
        await recordRateLimitEvidence(application, {
          sessionId: found.sessionId,
          messageSha256,
          ipSha256,
          at: now
        });
        return rateLimited(reply, responseLanguage);
      }
      if (classification.securityNavigation === \"FORGOT_PASSWORD\") {
        const text = forgotPasswordGuidance(responseLanguage);
        await application.messages.write({
          message...

 ❯ tests/architecture/sup-01-boundary.test.ts:157:24
    155|       /(?:from\s+["']pg["']|@debateai\/db|createPool|PoolClient|Regist…
    156|     );
    157|     expect(source).not.toMatch(/(?:https?:\/\/|process[.]env|throw\s+n…
       |                        ^
    158|     expect(source).toContain("extends TypedDomainError");
    159|     const keySource = await readFile("apps/api/src/support/keys.ts","u…

⎯⎯⎯⎯⎯⎯⎯⎯⎯⎯⎯⎯⎯⎯⎯⎯⎯⎯⎯⎯⎯⎯⎯⎯[2/4]⎯

 FAIL  tests/render/sup-04-widget.test.tsx > SUP-04 product-route support widget > expands on Enter, focuses the message control, and follows the Romanian override
AssertionError: expected null not to be null
 ❯ tests/render/sup-04-widget.test.tsx:91:74
     89|     await settle();
     90|
     91|     expect(document.querySelector('[data-widget-state="expanded"]')).n…
       |                                                                          ^
     92|     expect(document.querySelector("[data-support-widget-panel]")).not.…
     93|     expect(document.activeElement).toBe(

⎯⎯⎯⎯⎯⎯⎯⎯⎯⎯⎯⎯⎯⎯⎯⎯⎯⎯⎯⎯⎯⎯⎯⎯[3/4]⎯

 FAIL  tests/unit/s7-authorization.test.ts > S7 deny-by-default authorization > keeps one complete, duplicate-free policy row per contract route
AssertionError: expected [ 'POST /v1/auth/register', …(49) ] to have a length of 49 but got 50

- Expected
+ Received

- 49
+ 50

 ❯ tests/unit/s7-authorization.test.ts:146:22
    144|     expect(new Set(contractInventory.routes).size).toBe(contractInvent…
    145|     expect(new Set(governed).size).toBe(governed.length);
    146|     expect(governed).toHaveLength(contractInventory.routes.length);
       |                      ^
    147|     expect(new Set(governed)).toEqual(new Set(contractInventory.routes…
    148|     expect(authorizationPolicyInventory).toEqual(EXPECTED_AUTHORIZATIO…

⎯⎯⎯⎯⎯⎯⎯⎯⎯⎯⎯⎯⎯⎯⎯⎯⎯⎯⎯⎯⎯⎯⎯⎯[4/4]⎯


 Test Files  3 failed | 6 passed (9)
      Tests  4 failed | 258 passed | 1 todo (263)
   Start at  13:03:28
   Duration  12.40s (transform 626ms, setup 0ms, import 3.28s, tests 7.24s, environment 1.11s)

